-- phpMyAdmin SQL Dump
-- version 5.2.1
-- https://www.phpmyadmin.net/
--
-- Host: 127.0.0.1
-- Waktu pembuatan: 20 Jun 2025 pada 11.33
-- Versi server: 10.4.32-MariaDB
-- Versi PHP: 8.0.30

SET SQL_MODE = "NO_AUTO_VALUE_ON_ZERO";
START TRANSACTION;
SET time_zone = "+00:00";


/*!40101 SET @OLD_CHARACTER_SET_CLIENT=@@CHARACTER_SET_CLIENT */;
/*!40101 SET @OLD_CHARACTER_SET_RESULTS=@@CHARACTER_SET_RESULTS */;
/*!40101 SET @OLD_COLLATION_CONNECTION=@@COLLATION_CONNECTION */;
/*!40101 SET NAMES utf8mb4 */;

--
-- Database: `puff-laundry`
--

-- --------------------------------------------------------

--
-- Struktur dari tabel `admin_permissions`
--

CREATE TABLE `admin_permissions` (
  `id` int(10) UNSIGNED NOT NULL,
  `document_id` varchar(255) DEFAULT NULL,
  `action` varchar(255) DEFAULT NULL,
  `action_parameters` longtext CHARACTER SET utf8mb4 COLLATE utf8mb4_bin DEFAULT NULL CHECK (json_valid(`action_parameters`)),
  `subject` varchar(255) DEFAULT NULL,
  `properties` longtext CHARACTER SET utf8mb4 COLLATE utf8mb4_bin DEFAULT NULL CHECK (json_valid(`properties`)),
  `conditions` longtext CHARACTER SET utf8mb4 COLLATE utf8mb4_bin DEFAULT NULL CHECK (json_valid(`conditions`)),
  `created_at` datetime(6) DEFAULT NULL,
  `updated_at` datetime(6) DEFAULT NULL,
  `published_at` datetime(6) DEFAULT NULL,
  `created_by_id` int(10) UNSIGNED DEFAULT NULL,
  `updated_by_id` int(10) UNSIGNED DEFAULT NULL,
  `locale` varchar(255) DEFAULT NULL
) ENGINE=InnoDB DEFAULT CHARSET=utf8mb4 COLLATE=utf8mb4_general_ci;

--
-- Dumping data untuk tabel `admin_permissions`
--

INSERT INTO `admin_permissions` (`id`, `document_id`, `action`, `action_parameters`, `subject`, `properties`, `conditions`, `created_at`, `updated_at`, `published_at`, `created_by_id`, `updated_by_id`, `locale`) VALUES
(1, 'lw95jg3u4rfvkkd2zuqjujvj', 'plugin::upload.read', '{}', NULL, '{}', '[]', '2025-05-16 16:53:27.819000', '2025-05-16 16:53:27.819000', '2025-05-16 16:53:27.819000', NULL, NULL, NULL),
(2, 'oyg9r8ywzzchzviwpcdoyw3i', 'plugin::upload.configure-view', '{}', NULL, '{}', '[]', '2025-05-16 16:53:27.857000', '2025-05-16 16:53:27.857000', '2025-05-16 16:53:27.857000', NULL, NULL, NULL),
(3, 'm3ddlyyp98t4ujil43ubpiat', 'plugin::upload.assets.create', '{}', NULL, '{}', '[]', '2025-05-16 16:53:27.878000', '2025-05-16 16:53:27.878000', '2025-05-16 16:53:27.878000', NULL, NULL, NULL),
(4, 'yzyos1528djcqgofyuvj9zki', 'plugin::upload.assets.update', '{}', NULL, '{}', '[]', '2025-05-16 16:53:27.890000', '2025-05-16 16:53:27.890000', '2025-05-16 16:53:27.891000', NULL, NULL, NULL),
(5, 'xngpcwqoc0rygpvh12663wfr', 'plugin::upload.assets.download', '{}', NULL, '{}', '[]', '2025-05-16 16:53:27.961000', '2025-05-16 16:53:27.961000', '2025-05-16 16:53:27.962000', NULL, NULL, NULL),
(6, 'kc7nfth8gsffkbveplp87j44', 'plugin::upload.assets.copy-link', '{}', NULL, '{}', '[]', '2025-05-16 16:53:28.043000', '2025-05-16 16:53:28.043000', '2025-05-16 16:53:28.044000', NULL, NULL, NULL),
(7, 'nsprxnv0tijzu1gqnoi455ua', 'plugin::upload.read', '{}', NULL, '{}', '[\"admin::is-creator\"]', '2025-05-16 16:53:28.554000', '2025-05-16 16:53:28.554000', '2025-05-16 16:53:28.556000', NULL, NULL, NULL),
(8, 'zjad5wsix5q0xaaeh4qf02yz', 'plugin::upload.configure-view', '{}', NULL, '{}', '[]', '2025-05-16 16:53:28.614000', '2025-05-16 16:53:28.614000', '2025-05-16 16:53:28.615000', NULL, NULL, NULL),
(9, 'l93bborzhpoa56qof999fh0f', 'plugin::upload.assets.create', '{}', NULL, '{}', '[]', '2025-05-16 16:53:28.683000', '2025-05-16 16:53:28.683000', '2025-05-16 16:53:28.683000', NULL, NULL, NULL),
(10, 'dmminq7vesbtaq7dny0yj2qy', 'plugin::upload.assets.update', '{}', NULL, '{}', '[\"admin::is-creator\"]', '2025-05-16 16:53:28.715000', '2025-05-16 16:53:28.715000', '2025-05-16 16:53:28.716000', NULL, NULL, NULL),
(11, 'e7s5a0qtbjvov7rrnbnmagab', 'plugin::upload.assets.download', '{}', NULL, '{}', '[]', '2025-05-16 16:53:28.740000', '2025-05-16 16:53:28.740000', '2025-05-16 16:53:28.741000', NULL, NULL, NULL),
(12, 'sy99fpadiyql4mgky3gs1j6g', 'plugin::upload.assets.copy-link', '{}', NULL, '{}', '[]', '2025-05-16 16:53:28.774000', '2025-05-16 16:53:28.774000', '2025-05-16 16:53:28.774000', NULL, NULL, NULL),
(13, 'lixbnck7g0svbwajg3zq6ffc', 'plugin::content-manager.explorer.create', '{}', 'plugin::users-permissions.user', '{\"fields\":[\"username\",\"email\",\"provider\",\"password\",\"resetPasswordToken\",\"confirmationToken\",\"confirmed\",\"blocked\",\"role\"]}', '[]', '2025-05-16 16:53:29.160000', '2025-05-16 16:53:29.160000', '2025-05-16 16:53:29.161000', NULL, NULL, NULL),
(14, 's1nj79603a8x5evccbeiuocs', 'plugin::content-manager.explorer.read', '{}', 'plugin::users-permissions.user', '{\"fields\":[\"username\",\"email\",\"provider\",\"password\",\"resetPasswordToken\",\"confirmationToken\",\"confirmed\",\"blocked\",\"role\"]}', '[]', '2025-05-16 16:53:29.175000', '2025-05-16 16:53:29.175000', '2025-05-16 16:53:29.175000', NULL, NULL, NULL),
(15, 'q0irup6kogo8qzkrre3a3wbj', 'plugin::content-manager.explorer.update', '{}', 'plugin::users-permissions.user', '{\"fields\":[\"username\",\"email\",\"provider\",\"password\",\"resetPasswordToken\",\"confirmationToken\",\"confirmed\",\"blocked\",\"role\"]}', '[]', '2025-05-16 16:53:29.197000', '2025-05-16 16:53:29.197000', '2025-05-16 16:53:29.197000', NULL, NULL, NULL),
(16, 'kqjcvarjysbk9mv6wcjbfsov', 'plugin::content-manager.explorer.delete', '{}', 'plugin::users-permissions.user', '{}', '[]', '2025-05-16 16:53:29.222000', '2025-05-16 16:53:29.222000', '2025-05-16 16:53:29.223000', NULL, NULL, NULL),
(17, 'n496ql0m7twetgb711z2hua9', 'plugin::content-manager.explorer.publish', '{}', 'plugin::users-permissions.user', '{}', '[]', '2025-05-16 16:53:29.236000', '2025-05-16 16:53:29.236000', '2025-05-16 16:53:29.236000', NULL, NULL, NULL),
(18, 'aga8apdwai9001p8307nbiht', 'plugin::content-manager.single-types.configure-view', '{}', NULL, '{}', '[]', '2025-05-16 16:53:29.248000', '2025-05-16 16:53:29.248000', '2025-05-16 16:53:29.248000', NULL, NULL, NULL),
(19, 'khugcxaj3zp4nse1cem363sp', 'plugin::content-manager.collection-types.configure-view', '{}', NULL, '{}', '[]', '2025-05-16 16:53:29.260000', '2025-05-16 16:53:29.260000', '2025-05-16 16:53:29.261000', NULL, NULL, NULL),
(20, 'vhkd2kfyi0u8tb5b050hmko7', 'plugin::content-manager.components.configure-layout', '{}', NULL, '{}', '[]', '2025-05-16 16:53:29.271000', '2025-05-16 16:53:29.271000', '2025-05-16 16:53:29.271000', NULL, NULL, NULL),
(21, 'j3538i06tiw9n1y2us0yak2o', 'plugin::content-type-builder.read', '{}', NULL, '{}', '[]', '2025-05-16 16:53:29.283000', '2025-05-16 16:53:29.283000', '2025-05-16 16:53:29.283000', NULL, NULL, NULL),
(22, 'luyvwaitzmaa129wm1jei0q0', 'plugin::email.settings.read', '{}', NULL, '{}', '[]', '2025-05-16 16:53:29.293000', '2025-05-16 16:53:29.293000', '2025-05-16 16:53:29.293000', NULL, NULL, NULL),
(23, 'd59hcd32e0neny0amqpcdd0o', 'plugin::upload.read', '{}', NULL, '{}', '[]', '2025-05-16 16:53:29.313000', '2025-05-16 16:53:29.313000', '2025-05-16 16:53:29.313000', NULL, NULL, NULL),
(24, 'me017ojqqetbmmq5e6wgapzx', 'plugin::upload.assets.create', '{}', NULL, '{}', '[]', '2025-05-16 16:53:29.329000', '2025-05-16 16:53:29.329000', '2025-05-16 16:53:29.329000', NULL, NULL, NULL),
(25, 'n6s9hrq598g46awemju2ct3l', 'plugin::upload.assets.update', '{}', NULL, '{}', '[]', '2025-05-16 16:53:29.344000', '2025-05-16 16:53:29.344000', '2025-05-16 16:53:29.345000', NULL, NULL, NULL),
(26, 'glx9ubwgcfuaf62gd75s1doi', 'plugin::upload.assets.download', '{}', NULL, '{}', '[]', '2025-05-16 16:53:29.361000', '2025-05-16 16:53:29.361000', '2025-05-16 16:53:29.361000', NULL, NULL, NULL),
(27, 'tohhoee50ksmtd3gdtkpzale', 'plugin::upload.assets.copy-link', '{}', NULL, '{}', '[]', '2025-05-16 16:53:29.373000', '2025-05-16 16:53:29.373000', '2025-05-16 16:53:29.373000', NULL, NULL, NULL),
(28, 'nybd8bdxtae3pjy65fj868rd', 'plugin::upload.configure-view', '{}', NULL, '{}', '[]', '2025-05-16 16:53:29.396000', '2025-05-16 16:53:29.396000', '2025-05-16 16:53:29.396000', NULL, NULL, NULL),
(29, 'v8tpbqc0qrf68nkunj6m6pl2', 'plugin::upload.settings.read', '{}', NULL, '{}', '[]', '2025-05-16 16:53:29.412000', '2025-05-16 16:53:29.412000', '2025-05-16 16:53:29.412000', NULL, NULL, NULL),
(30, 'mwnx6y6scqu4lhnwsf6a139j', 'plugin::i18n.locale.create', '{}', NULL, '{}', '[]', '2025-05-16 16:53:29.427000', '2025-05-16 16:53:29.427000', '2025-05-16 16:53:29.427000', NULL, NULL, NULL),
(31, 'to18vsrjhz3qc2ye1vtn4os9', 'plugin::i18n.locale.read', '{}', NULL, '{}', '[]', '2025-05-16 16:53:29.443000', '2025-05-16 16:53:29.443000', '2025-05-16 16:53:29.443000', NULL, NULL, NULL),
(32, 'cw9fl7f6l09rh4g88s6k4rb8', 'plugin::i18n.locale.update', '{}', NULL, '{}', '[]', '2025-05-16 16:53:29.468000', '2025-05-16 16:53:29.468000', '2025-05-16 16:53:29.468000', NULL, NULL, NULL),
(33, 'b0nttuvfjxmyeu85ykrhh95f', 'plugin::i18n.locale.delete', '{}', NULL, '{}', '[]', '2025-05-16 16:53:29.484000', '2025-05-16 16:53:29.484000', '2025-05-16 16:53:29.484000', NULL, NULL, NULL),
(34, 'sb6o8mte0sjbl4eyj8v10c2p', 'plugin::users-permissions.roles.create', '{}', NULL, '{}', '[]', '2025-05-16 16:53:29.497000', '2025-05-16 16:53:29.497000', '2025-05-16 16:53:29.498000', NULL, NULL, NULL),
(35, 'aglpvcjkgv39606r0wlneaav', 'plugin::users-permissions.roles.read', '{}', NULL, '{}', '[]', '2025-05-16 16:53:29.513000', '2025-05-16 16:53:29.513000', '2025-05-16 16:53:29.514000', NULL, NULL, NULL),
(36, 'eyt46mjpzw1vvekovbwqsxlu', 'plugin::users-permissions.roles.update', '{}', NULL, '{}', '[]', '2025-05-16 16:53:29.526000', '2025-05-16 16:53:29.526000', '2025-05-16 16:53:29.526000', NULL, NULL, NULL),
(37, 'sf62hgfnrbqt1x6li99ywwti', 'plugin::users-permissions.roles.delete', '{}', NULL, '{}', '[]', '2025-05-16 16:53:29.545000', '2025-05-16 16:53:29.545000', '2025-05-16 16:53:29.545000', NULL, NULL, NULL),
(38, 'il9obtgt9okqa6ilo0t3ymsj', 'plugin::users-permissions.providers.read', '{}', NULL, '{}', '[]', '2025-05-16 16:53:29.570000', '2025-05-16 16:53:29.570000', '2025-05-16 16:53:29.570000', NULL, NULL, NULL),
(39, 's1ad88dajliyqduy0ixk0qv6', 'plugin::users-permissions.providers.update', '{}', NULL, '{}', '[]', '2025-05-16 16:53:29.583000', '2025-05-16 16:53:29.583000', '2025-05-16 16:53:29.583000', NULL, NULL, NULL),
(40, 'v4akaxry3t7gpkd7js7q4jc7', 'plugin::users-permissions.email-templates.read', '{}', NULL, '{}', '[]', '2025-05-16 16:53:29.597000', '2025-05-16 16:53:29.597000', '2025-05-16 16:53:29.597000', NULL, NULL, NULL),
(41, 'qf2t6oi1wpphlavazh5h4kzd', 'plugin::users-permissions.email-templates.update', '{}', NULL, '{}', '[]', '2025-05-16 16:53:29.623000', '2025-05-16 16:53:29.623000', '2025-05-16 16:53:29.623000', NULL, NULL, NULL),
(42, 'jhn6128aimvondk11vur862k', 'plugin::users-permissions.advanced-settings.read', '{}', NULL, '{}', '[]', '2025-05-16 16:53:29.647000', '2025-05-16 16:53:29.647000', '2025-05-16 16:53:29.648000', NULL, NULL, NULL),
(43, 'in7l7gp7f1ex7aah0m6s33bk', 'plugin::users-permissions.advanced-settings.update', '{}', NULL, '{}', '[]', '2025-05-16 16:53:30.031000', '2025-05-16 16:53:30.031000', '2025-05-16 16:53:30.031000', NULL, NULL, NULL),
(44, 'cqn5dtzzvncw2wycs82b70dn', 'admin::marketplace.read', '{}', NULL, '{}', '[]', '2025-05-16 16:53:30.100000', '2025-05-16 16:53:30.100000', '2025-05-16 16:53:30.101000', NULL, NULL, NULL),
(45, 'riqwhv5wbrw6ktngbs7v1w0v', 'admin::webhooks.create', '{}', NULL, '{}', '[]', '2025-05-16 16:53:30.114000', '2025-05-16 16:53:30.114000', '2025-05-16 16:53:30.114000', NULL, NULL, NULL),
(46, 'sua3r69lkmmea5em88m17gpi', 'admin::webhooks.read', '{}', NULL, '{}', '[]', '2025-05-16 16:53:30.128000', '2025-05-16 16:53:30.128000', '2025-05-16 16:53:30.129000', NULL, NULL, NULL),
(47, 'vdoyer2g973pdyil97vbheqf', 'admin::webhooks.update', '{}', NULL, '{}', '[]', '2025-05-16 16:53:30.153000', '2025-05-16 16:53:30.153000', '2025-05-16 16:53:30.153000', NULL, NULL, NULL),
(48, 'ih29pf4xgh6odh0crxf0ilzq', 'admin::webhooks.delete', '{}', NULL, '{}', '[]', '2025-05-16 16:53:30.184000', '2025-05-16 16:53:30.184000', '2025-05-16 16:53:30.184000', NULL, NULL, NULL),
(49, 'hvm7cqxrkacc63j8wlr2x9cw', 'admin::users.create', '{}', NULL, '{}', '[]', '2025-05-16 16:53:30.228000', '2025-05-16 16:53:30.228000', '2025-05-16 16:53:30.228000', NULL, NULL, NULL),
(50, 'v59mq25n0hueo4jtj6r6lu9e', 'admin::users.read', '{}', NULL, '{}', '[]', '2025-05-16 16:53:30.289000', '2025-05-16 16:53:30.289000', '2025-05-16 16:53:30.289000', NULL, NULL, NULL),
(51, 'rw1afn7pyeipjjfhwdtx1nu4', 'admin::users.update', '{}', NULL, '{}', '[]', '2025-05-16 16:53:30.309000', '2025-05-16 16:53:30.309000', '2025-05-16 16:53:30.309000', NULL, NULL, NULL),
(52, 'rr8yip58m1a88ew1957o0vs9', 'admin::users.delete', '{}', NULL, '{}', '[]', '2025-05-16 16:53:30.326000', '2025-05-16 16:53:30.326000', '2025-05-16 16:53:30.326000', NULL, NULL, NULL),
(53, 'ew5y5xitfjf09x4dsvap3b9s', 'admin::roles.create', '{}', NULL, '{}', '[]', '2025-05-16 16:53:30.341000', '2025-05-16 16:53:30.341000', '2025-05-16 16:53:30.341000', NULL, NULL, NULL),
(54, 'p2x55j5bxxb2incz5y7na58n', 'admin::roles.read', '{}', NULL, '{}', '[]', '2025-05-16 16:53:30.352000', '2025-05-16 16:53:30.352000', '2025-05-16 16:53:30.352000', NULL, NULL, NULL),
(55, 'r30r5912odet220b0t18pgqt', 'admin::roles.update', '{}', NULL, '{}', '[]', '2025-05-16 16:53:30.366000', '2025-05-16 16:53:30.366000', '2025-05-16 16:53:30.366000', NULL, NULL, NULL),
(56, 'im24jpasi18g6nujg0gj05pe', 'admin::roles.delete', '{}', NULL, '{}', '[]', '2025-05-16 16:53:30.395000', '2025-05-16 16:53:30.395000', '2025-05-16 16:53:30.395000', NULL, NULL, NULL),
(57, 'aj6k5fxhzkjyd5hjf67v3y5c', 'admin::api-tokens.access', '{}', NULL, '{}', '[]', '2025-05-16 16:53:30.422000', '2025-05-16 16:53:30.422000', '2025-05-16 16:53:30.422000', NULL, NULL, NULL),
(58, 'z0avyqtw5w2hvu7rc4tsqe6o', 'admin::api-tokens.create', '{}', NULL, '{}', '[]', '2025-05-16 16:53:30.435000', '2025-05-16 16:53:30.435000', '2025-05-16 16:53:30.435000', NULL, NULL, NULL),
(59, 'ppsxt692rdfrkbdvxopo2f29', 'admin::api-tokens.read', '{}', NULL, '{}', '[]', '2025-05-16 16:53:30.450000', '2025-05-16 16:53:30.450000', '2025-05-16 16:53:30.450000', NULL, NULL, NULL),
(60, 'tbewh5ttuw4dxowu63nv65gy', 'admin::api-tokens.update', '{}', NULL, '{}', '[]', '2025-05-16 16:53:30.463000', '2025-05-16 16:53:30.463000', '2025-05-16 16:53:30.463000', NULL, NULL, NULL),
(61, 'bj5r3ieolb1iqxytsqs6xp3z', 'admin::api-tokens.regenerate', '{}', NULL, '{}', '[]', '2025-05-16 16:53:30.484000', '2025-05-16 16:53:30.484000', '2025-05-16 16:53:30.484000', NULL, NULL, NULL),
(62, 's7ekvmfibjx34f2kwf6wkpu7', 'admin::api-tokens.delete', '{}', NULL, '{}', '[]', '2025-05-16 16:53:30.498000', '2025-05-16 16:53:30.498000', '2025-05-16 16:53:30.498000', NULL, NULL, NULL),
(63, 'xomudg1zesqlv9unwm5ex0o4', 'admin::project-settings.update', '{}', NULL, '{}', '[]', '2025-05-16 16:53:30.509000', '2025-05-16 16:53:30.509000', '2025-05-16 16:53:30.509000', NULL, NULL, NULL),
(64, 'qrw3uw9s02u8tgfm8ico9mhj', 'admin::project-settings.read', '{}', NULL, '{}', '[]', '2025-05-16 16:53:30.519000', '2025-05-16 16:53:30.519000', '2025-05-16 16:53:30.520000', NULL, NULL, NULL),
(65, 'f74amc15nh69zrloaeo8fvb5', 'admin::transfer.tokens.access', '{}', NULL, '{}', '[]', '2025-05-16 16:53:30.534000', '2025-05-16 16:53:30.534000', '2025-05-16 16:53:30.535000', NULL, NULL, NULL),
(66, 'd8o867z91b6mxwo1yexi4nfd', 'admin::transfer.tokens.create', '{}', NULL, '{}', '[]', '2025-05-16 16:53:30.547000', '2025-05-16 16:53:30.547000', '2025-05-16 16:53:30.547000', NULL, NULL, NULL),
(67, 'l79lahapcgv7wn1zfhxysto2', 'admin::transfer.tokens.read', '{}', NULL, '{}', '[]', '2025-05-16 16:53:30.601000', '2025-05-16 16:53:30.601000', '2025-05-16 16:53:30.601000', NULL, NULL, NULL),
(68, 'k1aemockf87uy5w3z5nbnwqb', 'admin::transfer.tokens.update', '{}', NULL, '{}', '[]', '2025-05-16 16:53:30.615000', '2025-05-16 16:53:30.615000', '2025-05-16 16:53:30.615000', NULL, NULL, NULL),
(69, 'ld6e8hwhm17jdzezduiffmif', 'admin::transfer.tokens.regenerate', '{}', NULL, '{}', '[]', '2025-05-16 16:53:30.632000', '2025-05-16 16:53:30.632000', '2025-05-16 16:53:30.633000', NULL, NULL, NULL),
(70, 'kg13fuc94whdjsv0xh4evbn4', 'admin::transfer.tokens.delete', '{}', NULL, '{}', '[]', '2025-05-16 16:53:30.650000', '2025-05-16 16:53:30.650000', '2025-05-16 16:53:30.651000', NULL, NULL, NULL),
(74, 'q1j04idpxwtcb8c29ocl0hs1', 'plugin::content-manager.explorer.delete', '{}', 'api::layanan.layanan', '{}', '[]', '2025-05-17 07:58:06.686000', '2025-05-17 07:58:06.686000', '2025-05-17 07:58:06.687000', NULL, NULL, NULL),
(75, 'cd02hf1uo90wvswv313gffdf', 'plugin::content-manager.explorer.publish', '{}', 'api::layanan.layanan', '{}', '[]', '2025-05-17 07:58:06.717000', '2025-05-17 07:58:06.717000', '2025-05-17 07:58:06.718000', NULL, NULL, NULL),
(79, 'rqbm22wb2vyvm9whzbmfe1li', 'plugin::content-manager.explorer.delete', '{}', 'api::kategori-layanan.kategori-layanan', '{}', '[]', '2025-05-17 08:00:06.457000', '2025-05-17 08:00:06.457000', '2025-05-17 08:00:06.458000', NULL, NULL, NULL),
(80, 'khqw5o3vgtqhyx2m0jik2vge', 'plugin::content-manager.explorer.publish', '{}', 'api::kategori-layanan.kategori-layanan', '{}', '[]', '2025-05-17 08:00:06.472000', '2025-05-17 08:00:06.472000', '2025-05-17 08:00:06.473000', NULL, NULL, NULL),
(81, 'wf0xkk90ckflq21baek9wmbn', 'plugin::content-manager.explorer.create', '{}', 'api::kategori-layanan.kategori-layanan', '{\"fields\":[\"nama_kategori\",\"deskripsi\",\"layanans\"]}', '[]', '2025-05-17 08:02:09.822000', '2025-05-17 08:02:09.822000', '2025-05-17 08:02:09.824000', NULL, NULL, NULL),
(83, 'mos1kp7npp8rl8wbc3s9ijbf', 'plugin::content-manager.explorer.read', '{}', 'api::kategori-layanan.kategori-layanan', '{\"fields\":[\"nama_kategori\",\"deskripsi\",\"layanans\"]}', '[]', '2025-05-17 08:02:09.869000', '2025-05-17 08:02:09.869000', '2025-05-17 08:02:09.870000', NULL, NULL, NULL),
(85, 'unz9ryqo9kfr3lnuid9ufplj', 'plugin::content-manager.explorer.update', '{}', 'api::kategori-layanan.kategori-layanan', '{\"fields\":[\"nama_kategori\",\"deskripsi\",\"layanans\"]}', '[]', '2025-05-17 08:02:09.898000', '2025-05-17 08:02:09.898000', '2025-05-17 08:02:09.898000', NULL, NULL, NULL),
(90, 'fa2av8k7yf14ob7ahwsq9xyf', 'plugin::content-manager.explorer.delete', '{}', 'api::transaksi.transaksi', '{}', '[]', '2025-05-17 08:06:26.940000', '2025-05-17 08:06:26.940000', '2025-05-17 08:06:26.942000', NULL, NULL, NULL),
(91, 'e2x4wd5q44adr8kg20aqizu5', 'plugin::content-manager.explorer.publish', '{}', 'api::transaksi.transaksi', '{}', '[]', '2025-05-17 08:06:26.957000', '2025-05-17 08:06:26.957000', '2025-05-17 08:06:26.958000', NULL, NULL, NULL),
(95, 'zk51fdsl3s7tys01t1u3lvof', 'plugin::content-manager.explorer.delete', '{}', 'api::pelanggan.pelanggan', '{}', '[]', '2025-05-17 08:10:12.460000', '2025-05-17 08:10:12.460000', '2025-05-17 08:10:12.462000', NULL, NULL, NULL),
(96, 'xlpjqa5n2k92s6bpotvw7uj9', 'plugin::content-manager.explorer.publish', '{}', 'api::pelanggan.pelanggan', '{}', '[]', '2025-05-17 08:10:12.495000', '2025-05-17 08:10:12.495000', '2025-05-17 08:10:12.496000', NULL, NULL, NULL),
(136, 'ithdeey1ultts8b52kibs98z', 'plugin::content-manager.explorer.create', '{}', 'api::layanan.layanan', '{\"fields\":[\"nama\",\"deskripsi\",\"satuan\",\"harga\",\"estimasi_waktu\",\"image\",\"kategori_layanan\",\"detail_transaksis\"]}', '[]', '2025-05-18 09:35:48.368000', '2025-05-18 09:35:48.368000', '2025-05-18 09:35:48.369000', NULL, NULL, NULL),
(138, 'mlu62m059lw5564r98ns9g1d', 'plugin::content-manager.explorer.read', '{}', 'api::layanan.layanan', '{\"fields\":[\"nama\",\"deskripsi\",\"satuan\",\"harga\",\"estimasi_waktu\",\"image\",\"kategori_layanan\",\"detail_transaksis\"]}', '[]', '2025-05-18 09:35:48.441000', '2025-05-18 09:35:48.441000', '2025-05-18 09:35:48.442000', NULL, NULL, NULL),
(140, 'o7d3o4zch6c85tbngv6dk3bx', 'plugin::content-manager.explorer.update', '{}', 'api::layanan.layanan', '{\"fields\":[\"nama\",\"deskripsi\",\"satuan\",\"harga\",\"estimasi_waktu\",\"image\",\"kategori_layanan\",\"detail_transaksis\"]}', '[]', '2025-05-18 09:35:48.504000', '2025-05-18 09:35:48.504000', '2025-05-18 09:35:48.505000', NULL, NULL, NULL),
(141, 'va9blkd1mhsxqqjg3nmkejv0', 'plugin::content-manager.explorer.delete', '{}', 'api::detail-transaksi.detail-transaksi', '{}', '[]', '2025-05-18 09:35:48.544000', '2025-05-18 09:35:48.544000', '2025-05-18 09:35:48.545000', NULL, NULL, NULL),
(142, 'kkzyvxpkh5prjc0gun4rzhlz', 'plugin::content-manager.explorer.publish', '{}', 'api::detail-transaksi.detail-transaksi', '{}', '[]', '2025-05-18 09:35:48.623000', '2025-05-18 09:35:48.623000', '2025-05-18 09:35:48.624000', NULL, NULL, NULL),
(143, 'jq5uz1upp60cp3e3v28m79ys', 'plugin::content-manager.explorer.create', '{}', 'api::detail-transaksi.detail-transaksi', '{\"fields\":[\"layanan\",\"jumlah\",\"subtotal\",\"transaksi\"]}', '[]', '2025-05-18 09:37:16.197000', '2025-05-18 09:37:16.197000', '2025-05-18 09:37:16.198000', NULL, NULL, NULL),
(145, 'l46yo0w9yso1edpn23wk9d6s', 'plugin::content-manager.explorer.read', '{}', 'api::detail-transaksi.detail-transaksi', '{\"fields\":[\"layanan\",\"jumlah\",\"subtotal\",\"transaksi\"]}', '[]', '2025-05-18 09:37:16.241000', '2025-05-18 09:37:16.241000', '2025-05-18 09:37:16.242000', NULL, NULL, NULL),
(147, 'pj2stvydrpzsn42lcz0yicdz', 'plugin::content-manager.explorer.update', '{}', 'api::detail-transaksi.detail-transaksi', '{\"fields\":[\"layanan\",\"jumlah\",\"subtotal\",\"transaksi\"]}', '[]', '2025-05-18 09:37:16.293000', '2025-05-18 09:37:16.293000', '2025-05-18 09:37:16.294000', NULL, NULL, NULL),
(149, 'aevmry0fq4mprqzb97mlcqeo', 'plugin::content-manager.explorer.create', '{}', 'api::omset.omset', '{\"fields\":[\"total_omset\"]}', '[]', '2025-05-20 07:52:59.584000', '2025-05-20 07:52:59.584000', '2025-05-20 07:52:59.586000', NULL, NULL, NULL),
(150, 'k4e24qlh7v04pffceibshoga', 'plugin::content-manager.explorer.read', '{}', 'api::omset.omset', '{\"fields\":[\"total_omset\"]}', '[]', '2025-05-20 07:53:00.923000', '2025-05-20 07:53:00.923000', '2025-05-20 07:53:00.924000', NULL, NULL, NULL),
(151, 'kn0vo9rtoohl6v50b2wxsiba', 'plugin::content-manager.explorer.update', '{}', 'api::omset.omset', '{\"fields\":[\"total_omset\"]}', '[]', '2025-05-20 07:53:01.381000', '2025-05-20 07:53:01.381000', '2025-05-20 07:53:01.382000', NULL, NULL, NULL),
(152, 'lmai0wt1c6utx8kvmi6ieeld', 'plugin::content-manager.explorer.delete', '{}', 'api::omset.omset', '{}', '[]', '2025-05-20 07:53:01.490000', '2025-05-20 07:53:01.490000', '2025-05-20 07:53:01.492000', NULL, NULL, NULL),
(153, 'uouzk7fn8tqg7iiu7s48t6yj', 'plugin::content-manager.explorer.publish', '{}', 'api::omset.omset', '{}', '[]', '2025-05-20 07:53:01.545000', '2025-05-20 07:53:01.545000', '2025-05-20 07:53:01.545000', NULL, NULL, NULL),
(154, 'simjh36xicyp19wxrq2hmhon', 'plugin::content-manager.explorer.create', '{}', 'api::promo.promo', '{\"fields\":[\"title\",\"description\"]}', '[]', '2025-05-21 15:00:43.863000', '2025-05-21 15:00:43.863000', '2025-05-21 15:00:43.865000', NULL, NULL, NULL),
(155, 'ql6xripr4hgaz2kbi5ngpqi5', 'plugin::content-manager.explorer.read', '{}', 'api::promo.promo', '{\"fields\":[\"title\",\"description\"]}', '[]', '2025-05-21 15:00:44.167000', '2025-05-21 15:00:44.167000', '2025-05-21 15:00:44.170000', NULL, NULL, NULL),
(156, 'dag5ljbnsx26xeebwwwc357y', 'plugin::content-manager.explorer.update', '{}', 'api::promo.promo', '{\"fields\":[\"title\",\"description\"]}', '[]', '2025-05-21 15:00:44.215000', '2025-05-21 15:00:44.215000', '2025-05-21 15:00:44.218000', NULL, NULL, NULL),
(157, 'vvflomxbinj2oj3dlndlwz3t', 'plugin::content-manager.explorer.delete', '{}', 'api::promo.promo', '{}', '[]', '2025-05-21 15:00:44.264000', '2025-05-21 15:00:44.264000', '2025-05-21 15:00:44.267000', NULL, NULL, NULL),
(158, 'i2sdzegwq2bqa01p7ysc5bng', 'plugin::content-manager.explorer.publish', '{}', 'api::promo.promo', '{}', '[]', '2025-05-21 15:00:44.362000', '2025-05-21 15:00:44.362000', '2025-05-21 15:00:44.362000', NULL, NULL, NULL),
(159, 'mt0wdjar1kxz4qrw3dbwrjhb', 'plugin::content-manager.explorer.create', '{}', 'api::transaksi.transaksi', '{\"fields\":[\"tanggal_pesan\",\"tanggal_selesai\",\"total_harga\",\"catatan\",\"pelanggan\",\"detail_transaksis\",\"status_pembayaran\",\"status_pengerjaan\"]}', '[]', '2025-06-16 08:04:55.450000', '2025-06-16 08:04:55.450000', '2025-06-16 08:04:55.451000', NULL, NULL, NULL),
(160, 'mgx4owofpdu2br3fyfdebkt8', 'plugin::content-manager.explorer.read', '{}', 'api::transaksi.transaksi', '{\"fields\":[\"tanggal_pesan\",\"tanggal_selesai\",\"total_harga\",\"catatan\",\"pelanggan\",\"detail_transaksis\",\"status_pembayaran\",\"status_pengerjaan\"]}', '[]', '2025-06-16 08:04:55.459000', '2025-06-16 08:04:55.459000', '2025-06-16 08:04:55.459000', NULL, NULL, NULL),
(161, 'mgum6r0ub1ixwygjly0f634s', 'plugin::content-manager.explorer.update', '{}', 'api::transaksi.transaksi', '{\"fields\":[\"tanggal_pesan\",\"tanggal_selesai\",\"total_harga\",\"catatan\",\"pelanggan\",\"detail_transaksis\",\"status_pembayaran\",\"status_pengerjaan\"]}', '[]', '2025-06-16 08:04:55.465000', '2025-06-16 08:04:55.465000', '2025-06-16 08:04:55.465000', NULL, NULL, NULL),
(162, 'f38rwgbxyxw6xjgay5enluf7', 'plugin::content-manager.explorer.create', '{}', 'api::pelanggan.pelanggan', '{\"fields\":[\"nama\",\"nomor_telepon\",\"alamat\",\"email\",\"tanggal_register\",\"status_member\",\"transaksis\",\"password\"]}', '[]', '2025-06-16 14:02:20.467000', '2025-06-16 14:02:20.467000', '2025-06-16 14:02:20.467000', NULL, NULL, NULL),
(163, 'tg6o0lfnlejq4er4luauh4ia', 'plugin::content-manager.explorer.read', '{}', 'api::pelanggan.pelanggan', '{\"fields\":[\"nama\",\"nomor_telepon\",\"alamat\",\"email\",\"tanggal_register\",\"status_member\",\"transaksis\",\"password\"]}', '[]', '2025-06-16 14:02:20.473000', '2025-06-16 14:02:20.473000', '2025-06-16 14:02:20.473000', NULL, NULL, NULL),
(164, 'wa5hc3dop76anp75wkjtgbp3', 'plugin::content-manager.explorer.update', '{}', 'api::pelanggan.pelanggan', '{\"fields\":[\"nama\",\"nomor_telepon\",\"alamat\",\"email\",\"tanggal_register\",\"status_member\",\"transaksis\",\"password\"]}', '[]', '2025-06-16 14:02:20.477000', '2025-06-16 14:02:20.477000', '2025-06-16 14:02:20.478000', NULL, NULL, NULL);

-- --------------------------------------------------------

--
-- Struktur dari tabel `admin_permissions_role_lnk`
--

CREATE TABLE `admin_permissions_role_lnk` (
  `id` int(10) UNSIGNED NOT NULL,
  `permission_id` int(10) UNSIGNED DEFAULT NULL,
  `role_id` int(10) UNSIGNED DEFAULT NULL,
  `permission_ord` double UNSIGNED DEFAULT NULL
) ENGINE=InnoDB DEFAULT CHARSET=utf8mb4 COLLATE=utf8mb4_general_ci;

--
-- Dumping data untuk tabel `admin_permissions_role_lnk`
--

INSERT INTO `admin_permissions_role_lnk` (`id`, `permission_id`, `role_id`, `permission_ord`) VALUES
(1, 1, 2, 1),
(2, 2, 2, 2),
(3, 3, 2, 3),
(4, 4, 2, 4),
(5, 5, 2, 5),
(6, 6, 2, 6),
(7, 7, 3, 1),
(8, 8, 3, 2),
(9, 9, 3, 3),
(10, 10, 3, 4),
(11, 11, 3, 5),
(12, 12, 3, 6),
(13, 13, 1, 1),
(14, 14, 1, 2),
(15, 15, 1, 3),
(16, 16, 1, 4),
(17, 17, 1, 5),
(18, 18, 1, 6),
(19, 19, 1, 7),
(20, 20, 1, 8),
(21, 21, 1, 9),
(22, 22, 1, 10),
(23, 23, 1, 11),
(24, 24, 1, 12),
(25, 25, 1, 13),
(26, 26, 1, 14),
(27, 27, 1, 15),
(28, 28, 1, 16),
(29, 29, 1, 17),
(30, 30, 1, 18),
(31, 31, 1, 19),
(32, 32, 1, 20),
(33, 33, 1, 21),
(34, 34, 1, 22),
(35, 35, 1, 23),
(36, 36, 1, 24),
(37, 37, 1, 25),
(38, 38, 1, 26),
(39, 39, 1, 27),
(40, 40, 1, 28),
(41, 41, 1, 29),
(42, 42, 1, 30),
(43, 43, 1, 31),
(44, 44, 1, 32),
(45, 45, 1, 33),
(46, 46, 1, 34),
(47, 47, 1, 35),
(48, 48, 1, 36),
(49, 49, 1, 37),
(50, 50, 1, 38),
(51, 51, 1, 39),
(52, 52, 1, 40),
(53, 53, 1, 41),
(54, 54, 1, 42),
(55, 55, 1, 43),
(56, 56, 1, 44),
(57, 57, 1, 45),
(58, 58, 1, 46),
(59, 59, 1, 47),
(60, 60, 1, 48),
(61, 61, 1, 49),
(62, 62, 1, 50),
(63, 63, 1, 51),
(64, 64, 1, 52),
(65, 65, 1, 53),
(66, 66, 1, 54),
(67, 67, 1, 55),
(68, 68, 1, 56),
(69, 69, 1, 57),
(70, 70, 1, 58),
(74, 74, 1, 62),
(75, 75, 1, 63),
(79, 79, 1, 67),
(80, 80, 1, 68),
(81, 81, 1, 69),
(83, 83, 1, 71),
(85, 85, 1, 73),
(90, 90, 1, 78),
(91, 91, 1, 79),
(95, 95, 1, 83),
(96, 96, 1, 84),
(136, 136, 1, 99),
(138, 138, 1, 101),
(140, 140, 1, 103),
(141, 141, 1, 104),
(142, 142, 1, 105),
(143, 143, 1, 106),
(145, 145, 1, 108),
(147, 147, 1, 110),
(149, 149, 1, 112),
(150, 150, 1, 113),
(151, 151, 1, 114),
(152, 152, 1, 115),
(153, 153, 1, 116),
(154, 154, 1, 117),
(155, 155, 1, 118),
(156, 156, 1, 119),
(157, 157, 1, 120),
(158, 158, 1, 121),
(159, 159, 1, 122),
(160, 160, 1, 123),
(161, 161, 1, 124),
(162, 162, 1, 125),
(163, 163, 1, 126),
(164, 164, 1, 127);

-- --------------------------------------------------------

--
-- Struktur dari tabel `admin_roles`
--

CREATE TABLE `admin_roles` (
  `id` int(10) UNSIGNED NOT NULL,
  `document_id` varchar(255) DEFAULT NULL,
  `name` varchar(255) DEFAULT NULL,
  `code` varchar(255) DEFAULT NULL,
  `description` varchar(255) DEFAULT NULL,
  `created_at` datetime(6) DEFAULT NULL,
  `updated_at` datetime(6) DEFAULT NULL,
  `published_at` datetime(6) DEFAULT NULL,
  `created_by_id` int(10) UNSIGNED DEFAULT NULL,
  `updated_by_id` int(10) UNSIGNED DEFAULT NULL,
  `locale` varchar(255) DEFAULT NULL
) ENGINE=InnoDB DEFAULT CHARSET=utf8mb4 COLLATE=utf8mb4_general_ci;

--
-- Dumping data untuk tabel `admin_roles`
--

INSERT INTO `admin_roles` (`id`, `document_id`, `name`, `code`, `description`, `created_at`, `updated_at`, `published_at`, `created_by_id`, `updated_by_id`, `locale`) VALUES
(1, 'av2m6men2gmmvsbza0kglpgr', 'Super Admin', 'strapi-super-admin', 'Super Admins can access and manage all features and settings.', '2025-05-16 16:53:27.769000', '2025-05-16 16:53:27.769000', '2025-05-16 16:53:27.769000', NULL, NULL, NULL),
(2, 'vv2adwq2cmhrdqjrpq7g2hl5', 'Editor', 'strapi-editor', 'Editors can manage and publish contents including those of other users.', '2025-05-16 16:53:27.789000', '2025-05-16 16:53:27.789000', '2025-05-16 16:53:27.789000', NULL, NULL, NULL),
(3, 'becrrsi3cvy1t9fnt1bxmmbx', 'Author', 'strapi-author', 'Authors can manage the content they have created.', '2025-05-16 16:53:27.806000', '2025-05-16 16:53:27.806000', '2025-05-16 16:53:27.806000', NULL, NULL, NULL);

-- --------------------------------------------------------

--
-- Struktur dari tabel `admin_users`
--

CREATE TABLE `admin_users` (
  `id` int(10) UNSIGNED NOT NULL,
  `document_id` varchar(255) DEFAULT NULL,
  `firstname` varchar(255) DEFAULT NULL,
  `lastname` varchar(255) DEFAULT NULL,
  `username` varchar(255) DEFAULT NULL,
  `email` varchar(255) DEFAULT NULL,
  `password` varchar(255) DEFAULT NULL,
  `reset_password_token` varchar(255) DEFAULT NULL,
  `registration_token` varchar(255) DEFAULT NULL,
  `is_active` tinyint(1) DEFAULT NULL,
  `blocked` tinyint(1) DEFAULT NULL,
  `prefered_language` varchar(255) DEFAULT NULL,
  `created_at` datetime(6) DEFAULT NULL,
  `updated_at` datetime(6) DEFAULT NULL,
  `published_at` datetime(6) DEFAULT NULL,
  `created_by_id` int(10) UNSIGNED DEFAULT NULL,
  `updated_by_id` int(10) UNSIGNED DEFAULT NULL,
  `locale` varchar(255) DEFAULT NULL
) ENGINE=InnoDB DEFAULT CHARSET=utf8mb4 COLLATE=utf8mb4_general_ci;

--
-- Dumping data untuk tabel `admin_users`
--

INSERT INTO `admin_users` (`id`, `document_id`, `firstname`, `lastname`, `username`, `email`, `password`, `reset_password_token`, `registration_token`, `is_active`, `blocked`, `prefered_language`, `created_at`, `updated_at`, `published_at`, `created_by_id`, `updated_by_id`, `locale`) VALUES
(1, 'o4vwgza49nq34jnw6hwn5ju9', 'Admin', 'Ms. Puff', NULL, 'mspuff@gmail.com', '$2a$10$zEl3HjM6BYWWRHje5vq9du2m9kFHzZZ.bOjXEVQyqa47bKGIn2E8C', NULL, NULL, 1, 0, NULL, '2025-05-17 07:50:41.541000', '2025-05-17 07:50:41.541000', '2025-05-17 07:50:41.549000', NULL, NULL, NULL);

-- --------------------------------------------------------

--
-- Struktur dari tabel `admin_users_roles_lnk`
--

CREATE TABLE `admin_users_roles_lnk` (
  `id` int(10) UNSIGNED NOT NULL,
  `user_id` int(10) UNSIGNED DEFAULT NULL,
  `role_id` int(10) UNSIGNED DEFAULT NULL,
  `role_ord` double UNSIGNED DEFAULT NULL,
  `user_ord` double UNSIGNED DEFAULT NULL
) ENGINE=InnoDB DEFAULT CHARSET=utf8mb4 COLLATE=utf8mb4_general_ci;

--
-- Dumping data untuk tabel `admin_users_roles_lnk`
--

INSERT INTO `admin_users_roles_lnk` (`id`, `user_id`, `role_id`, `role_ord`, `user_ord`) VALUES
(1, 1, 1, 1, 1);

-- --------------------------------------------------------

--
-- Struktur dari tabel `components_transaksi_detail_transaksis`
--

CREATE TABLE `components_transaksi_detail_transaksis` (
  `id` int(10) UNSIGNED NOT NULL,
  `jumlah` int(11) DEFAULT NULL,
  `subtotal` int(11) DEFAULT NULL
) ENGINE=InnoDB DEFAULT CHARSET=utf8mb4 COLLATE=utf8mb4_general_ci;

--
-- Dumping data untuk tabel `components_transaksi_detail_transaksis`
--

INSERT INTO `components_transaksi_detail_transaksis` (`id`, `jumlah`, `subtotal`) VALUES
(43, 2, NULL);

-- --------------------------------------------------------

--
-- Struktur dari tabel `components_transaksi_detail_transaksis_layanan_lnk`
--

CREATE TABLE `components_transaksi_detail_transaksis_layanan_lnk` (
  `id` int(10) UNSIGNED NOT NULL,
  `detail_transaksi_id` int(10) UNSIGNED DEFAULT NULL,
  `layanan_id` int(10) UNSIGNED DEFAULT NULL
) ENGINE=InnoDB DEFAULT CHARSET=utf8mb4 COLLATE=utf8mb4_general_ci;

--
-- Dumping data untuk tabel `components_transaksi_detail_transaksis_layanan_lnk`
--

INSERT INTO `components_transaksi_detail_transaksis_layanan_lnk` (`id`, `detail_transaksi_id`, `layanan_id`) VALUES
(32, 43, 54);

-- --------------------------------------------------------

--
-- Struktur dari tabel `detail_transaksis`
--

CREATE TABLE `detail_transaksis` (
  `id` int(10) UNSIGNED NOT NULL,
  `document_id` varchar(255) DEFAULT NULL,
  `jumlah` int(11) DEFAULT NULL,
  `subtotal` int(11) DEFAULT NULL,
  `created_at` datetime(6) DEFAULT NULL,
  `updated_at` datetime(6) DEFAULT NULL,
  `published_at` datetime(6) DEFAULT NULL,
  `created_by_id` int(10) UNSIGNED DEFAULT NULL,
  `updated_by_id` int(10) UNSIGNED DEFAULT NULL,
  `locale` varchar(255) DEFAULT NULL
) ENGINE=InnoDB DEFAULT CHARSET=utf8mb4 COLLATE=utf8mb4_general_ci;

--
-- Dumping data untuk tabel `detail_transaksis`
--

INSERT INTO `detail_transaksis` (`id`, `document_id`, `jumlah`, `subtotal`, `created_at`, `updated_at`, `published_at`, `created_by_id`, `updated_by_id`, `locale`) VALUES
(1, 'mel94z36c5qcquxhfgpa58oh', 3, 45000, '2025-05-18 09:39:01.860000', '2025-05-18 15:55:36.488000', NULL, 1, 1, NULL),
(3, 'mel94z36c5qcquxhfgpa58oh', 2, 30000, '2025-05-18 09:39:01.860000', '2025-05-18 14:30:53.613000', '2025-05-18 14:30:53.751000', 1, 1, NULL),
(4, 'uk2zkeqiduz2jop2otmj0sj7', 2, 10000, '2025-05-18 15:50:02.694000', '2025-05-18 15:50:22.965000', NULL, 1, 1, NULL),
(5, 'uk2zkeqiduz2jop2otmj0sj7', 2, 10000, '2025-05-18 15:50:02.694000', '2025-05-18 15:50:22.965000', '2025-05-18 15:50:23.114000', 1, 1, NULL),
(6, 'o745qoftli3q8q022pm5yho0', 4, 60000, '2025-05-18 16:15:56.324000', '2025-05-18 16:17:11.468000', NULL, 1, 1, NULL),
(7, 'o745qoftli3q8q022pm5yho0', 4, 60000, '2025-05-18 16:15:56.324000', '2025-05-18 16:17:11.468000', '2025-05-18 16:17:11.633000', 1, 1, NULL),
(8, 'k6mvvvq4blh4ugbexb0gucfi', 1, 5000, '2025-05-18 16:17:51.332000', '2025-05-18 16:18:01.663000', NULL, 1, 1, NULL),
(9, 'k6mvvvq4blh4ugbexb0gucfi', 1, 5000, '2025-05-18 16:17:51.332000', '2025-05-18 16:18:01.663000', '2025-05-18 16:18:01.820000', 1, 1, NULL),
(10, 'wos2ma7emju4vfdqxf9gvim3', 2, 30000, '2025-05-18 16:22:49.922000', '2025-05-18 16:22:54.970000', NULL, 1, 1, NULL),
(11, 'wos2ma7emju4vfdqxf9gvim3', 2, 30000, '2025-05-18 16:22:49.922000', '2025-05-18 16:22:54.970000', '2025-05-18 16:22:55.374000', 1, 1, NULL),
(12, 'l2zofvtzoe2krsf2afqeh3qh', 10, 50000, '2025-05-18 16:24:25.296000', '2025-05-18 16:24:33.714000', NULL, 1, 1, NULL),
(13, 'l2zofvtzoe2krsf2afqeh3qh', 10, 50000, '2025-05-18 16:24:25.296000', '2025-05-18 16:24:33.714000', '2025-05-18 16:24:33.866000', 1, 1, NULL),
(14, 'irnxkpfboxntw32k1bvx38ap', 4, 20000, '2025-05-18 16:27:49.615000', '2025-05-18 16:28:51.801000', NULL, 1, 1, NULL),
(15, 'irnxkpfboxntw32k1bvx38ap', 4, 20000, '2025-05-18 16:27:49.615000', '2025-05-18 16:28:51.801000', '2025-05-18 16:28:51.907000', 1, 1, NULL),
(16, 'j8cgkmz2ua2gt9r44ihxlmc8', 2, 30000, '2025-05-20 08:15:33.311000', '2025-05-20 08:15:37.446000', NULL, 1, 1, NULL),
(17, 'j8cgkmz2ua2gt9r44ihxlmc8', 2, 30000, '2025-05-20 08:15:33.311000', '2025-05-20 08:15:37.446000', '2025-05-20 08:15:37.561000', 1, 1, NULL),
(18, 'v5nn8oo3iajn36lvevczzavp', 5, 75000, '2025-06-16 10:08:09.768000', '2025-06-16 10:08:13.980000', NULL, 1, 1, NULL),
(19, 'v5nn8oo3iajn36lvevczzavp', 5, 75000, '2025-06-16 10:08:09.768000', '2025-06-16 10:08:13.980000', '2025-06-16 10:08:14.007000', 1, 1, NULL),
(20, 'oayc365l1x9ors3zp88pahjn', 2, 14000, '2025-06-16 10:09:32.806000', '2025-06-16 10:09:37.955000', NULL, 1, 1, NULL),
(21, 'oayc365l1x9ors3zp88pahjn', 2, 14000, '2025-06-16 10:09:32.806000', '2025-06-16 10:09:37.955000', '2025-06-16 10:09:37.975000', 1, 1, NULL),
(24, 'aek0wv2ahgbyjwyso6nv7vpq', 3, 45000, '2025-06-18 11:27:45.448000', '2025-06-18 11:27:45.448000', NULL, NULL, NULL, NULL),
(25, 'aek0wv2ahgbyjwyso6nv7vpq', 3, 45000, '2025-06-18 11:27:45.448000', '2025-06-18 11:27:45.448000', '2025-06-18 11:27:45.518000', NULL, NULL, NULL),
(26, 'wf85w68qa0tnnq2ppqfj2hci', 1, 15000, '2025-06-18 11:30:04.394000', '2025-06-18 11:30:04.394000', NULL, NULL, NULL, NULL),
(27, 'wf85w68qa0tnnq2ppqfj2hci', 1, 15000, '2025-06-18 11:30:04.394000', '2025-06-18 11:30:04.394000', '2025-06-18 11:30:04.405000', NULL, NULL, NULL),
(28, 'uyixssdk953dmnqew5i06tba', 2, 14000, '2025-06-18 11:30:04.443000', '2025-06-18 11:30:04.443000', NULL, NULL, NULL, NULL),
(29, 'uyixssdk953dmnqew5i06tba', 2, 14000, '2025-06-18 11:30:04.443000', '2025-06-18 11:30:04.443000', '2025-06-18 11:30:04.457000', NULL, NULL, NULL),
(30, 'yn0bznb81cjcg9gjcb4mweqv', 2, 14000, '2025-06-18 11:40:09.332000', '2025-06-18 11:40:09.332000', NULL, NULL, NULL, NULL),
(31, 'yn0bznb81cjcg9gjcb4mweqv', 2, 14000, '2025-06-18 11:40:09.332000', '2025-06-18 11:40:09.332000', '2025-06-18 11:40:09.403000', NULL, NULL, NULL),
(32, 'h0xf5xp9s0nnzt2urq4z2civ', 3, 21000, '2025-06-18 11:40:09.468000', '2025-06-18 11:40:09.468000', NULL, NULL, NULL, NULL),
(33, 'h0xf5xp9s0nnzt2urq4z2civ', 3, 21000, '2025-06-18 11:40:09.468000', '2025-06-18 11:40:09.468000', '2025-06-18 11:40:09.475000', NULL, NULL, NULL),
(34, 'fbp53pk4cmuyf4z8728nab2o', 2, 30000, '2025-06-18 14:11:20.931000', '2025-06-18 14:11:20.931000', NULL, NULL, NULL, NULL),
(35, 'fbp53pk4cmuyf4z8728nab2o', 2, 30000, '2025-06-18 14:11:20.931000', '2025-06-18 14:11:20.931000', '2025-06-18 14:11:20.950000', NULL, NULL, NULL),
(36, 'z4nm85keykp9gloap3ic70ci', 2, NULL, '2025-06-20 07:49:48.700000', '2025-06-20 07:49:48.700000', NULL, 1, 1, NULL),
(37, 'z4nm85keykp9gloap3ic70ci', 2, NULL, '2025-06-20 07:49:48.700000', '2025-06-20 07:49:48.700000', '2025-06-20 07:49:48.730000', 1, 1, NULL),
(38, 'e25s3mf24541n3al3gmq0c5n', 3, 21000, '2025-06-20 08:31:13.651000', '2025-06-20 08:31:18.907000', NULL, 1, 1, NULL),
(39, 'e25s3mf24541n3al3gmq0c5n', 3, 21000, '2025-06-20 08:31:13.651000', '2025-06-20 08:31:18.907000', '2025-06-20 08:31:18.931000', 1, 1, NULL),
(40, 'sv7b5u2kfvztxm6tv5wrd0o5', 3, 21000, '2025-06-20 08:32:01.319000', '2025-06-20 08:32:12.355000', NULL, 1, 1, NULL),
(41, 'sv7b5u2kfvztxm6tv5wrd0o5', 3, 21000, '2025-06-20 08:32:01.319000', '2025-06-20 08:32:12.355000', '2025-06-20 08:32:12.371000', 1, 1, NULL),
(42, 'pjl2fv5nptksi118ayac1hny', 2, NULL, '2025-06-20 08:38:22.843000', '2025-06-20 08:38:34.890000', NULL, 1, 1, NULL),
(43, 'pjl2fv5nptksi118ayac1hny', 2, NULL, '2025-06-20 08:38:22.843000', '2025-06-20 08:38:34.890000', '2025-06-20 08:38:34.938000', 1, 1, NULL),
(44, 'v53l26do9b2p86tt4nrun8jr', 2, 10000, '2025-06-20 08:56:36.173000', '2025-06-20 08:56:49.314000', NULL, 1, 1, NULL),
(45, 'v53l26do9b2p86tt4nrun8jr', 2, 10000, '2025-06-20 08:56:36.173000', '2025-06-20 08:56:49.314000', '2025-06-20 08:56:49.334000', 1, 1, NULL),
(46, 'efn1o7kmgtwieissioke13mk', 2, 20000, '2025-06-20 08:59:10.854000', '2025-06-20 09:00:18.418000', NULL, NULL, 1, NULL),
(48, 'efn1o7kmgtwieissioke13mk', 2, 20000, '2025-06-20 08:59:10.854000', '2025-06-20 09:00:18.418000', '2025-06-20 09:00:18.436000', NULL, 1, NULL);

-- --------------------------------------------------------

--
-- Struktur dari tabel `detail_transaksis_layanan_lnk`
--

CREATE TABLE `detail_transaksis_layanan_lnk` (
  `id` int(10) UNSIGNED NOT NULL,
  `detail_transaksi_id` int(10) UNSIGNED DEFAULT NULL,
  `layanan_id` int(10) UNSIGNED DEFAULT NULL,
  `detail_transaksi_ord` double UNSIGNED DEFAULT NULL
) ENGINE=InnoDB DEFAULT CHARSET=utf8mb4 COLLATE=utf8mb4_general_ci;

--
-- Dumping data untuk tabel `detail_transaksis_layanan_lnk`
--

INSERT INTO `detail_transaksis_layanan_lnk` (`id`, `detail_transaksi_id`, `layanan_id`, `detail_transaksi_ord`) VALUES
(1, 1, 12, 1),
(4, 4, 14, 1),
(6, 6, 12, 2),
(8, 8, 14, 2),
(10, 10, 12, 3),
(12, 12, 14, 3),
(14, 14, 14, 4),
(16, 16, 12, 4),
(22, 3, 54, 1),
(23, 7, 54, 2),
(24, 11, 54, 3),
(25, 17, 54, 4),
(26, 5, 55, 1),
(27, 9, 55, 2),
(28, 13, 55, 3),
(29, 15, 55, 4),
(30, 18, 12, 5),
(31, 19, 54, 5),
(32, 20, 25, 1),
(33, 21, 60, 1),
(36, 24, 12, 6),
(37, 25, 54, 6),
(38, 26, 12, 7),
(39, 27, 54, 7),
(40, 28, 15, 1),
(41, 29, 21, 1),
(42, 30, 15, 2),
(43, 31, 21, 2),
(44, 32, 23, 1),
(45, 33, 24, 1),
(46, 34, 27, 1),
(47, 35, 57, 1),
(48, 36, 27, 2),
(49, 37, 57, 2),
(50, 38, 23, 2),
(51, 39, 24, 2),
(52, 40, 25, 2),
(53, 41, 60, 2),
(54, 42, 37, 1),
(55, 43, 59, 1),
(56, 44, 37, 2),
(57, 45, 59, 2),
(58, 46, 39, 1),
(60, 48, 49, 1);

-- --------------------------------------------------------

--
-- Struktur dari tabel `detail_transaksis_transaksi_lnk`
--

CREATE TABLE `detail_transaksis_transaksi_lnk` (
  `id` int(10) UNSIGNED NOT NULL,
  `detail_transaksi_id` int(10) UNSIGNED DEFAULT NULL,
  `transaksi_id` int(10) UNSIGNED DEFAULT NULL,
  `detail_transaksi_ord` double UNSIGNED DEFAULT NULL
) ENGINE=InnoDB DEFAULT CHARSET=utf8mb4 COLLATE=utf8mb4_general_ci;

--
-- Dumping data untuk tabel `detail_transaksis_transaksi_lnk`
--

INSERT INTO `detail_transaksis_transaksi_lnk` (`id`, `detail_transaksi_id`, `transaksi_id`, `detail_transaksi_ord`) VALUES
(81, 46, 75, 0),
(83, 48, 75, 1);

-- --------------------------------------------------------

--
-- Struktur dari tabel `files`
--

CREATE TABLE `files` (
  `id` int(10) UNSIGNED NOT NULL,
  `document_id` varchar(255) DEFAULT NULL,
  `name` varchar(255) DEFAULT NULL,
  `alternative_text` varchar(255) DEFAULT NULL,
  `caption` varchar(255) DEFAULT NULL,
  `width` int(11) DEFAULT NULL,
  `height` int(11) DEFAULT NULL,
  `formats` longtext CHARACTER SET utf8mb4 COLLATE utf8mb4_bin DEFAULT NULL CHECK (json_valid(`formats`)),
  `hash` varchar(255) DEFAULT NULL,
  `ext` varchar(255) DEFAULT NULL,
  `mime` varchar(255) DEFAULT NULL,
  `size` decimal(10,2) DEFAULT NULL,
  `url` varchar(255) DEFAULT NULL,
  `preview_url` varchar(255) DEFAULT NULL,
  `provider` varchar(255) DEFAULT NULL,
  `provider_metadata` longtext CHARACTER SET utf8mb4 COLLATE utf8mb4_bin DEFAULT NULL CHECK (json_valid(`provider_metadata`)),
  `folder_path` varchar(255) DEFAULT NULL,
  `created_at` datetime(6) DEFAULT NULL,
  `updated_at` datetime(6) DEFAULT NULL,
  `published_at` datetime(6) DEFAULT NULL,
  `created_by_id` int(10) UNSIGNED DEFAULT NULL,
  `updated_by_id` int(10) UNSIGNED DEFAULT NULL,
  `locale` varchar(255) DEFAULT NULL
) ENGINE=InnoDB DEFAULT CHARSET=utf8mb4 COLLATE=utf8mb4_general_ci;

--
-- Dumping data untuk tabel `files`
--

INSERT INTO `files` (`id`, `document_id`, `name`, `alternative_text`, `caption`, `width`, `height`, `formats`, `hash`, `ext`, `mime`, `size`, `url`, `preview_url`, `provider`, `provider_metadata`, `folder_path`, `created_at`, `updated_at`, `published_at`, `created_by_id`, `updated_by_id`, `locale`) VALUES
(1, 'k6e4mp7mielc71qtron9qat0', 'wash_pillow.jpg', NULL, NULL, 299, 168, '{\"thumbnail\":{\"name\":\"thumbnail_wash_pillow.jpg\",\"hash\":\"thumbnail_wash_pillow_6aa9f94a7b\",\"ext\":\".jpg\",\"mime\":\"image/jpeg\",\"path\":null,\"width\":245,\"height\":138,\"size\":6.63,\"sizeInBytes\":6634,\"url\":\"/uploads/thumbnail_wash_pillow_6aa9f94a7b.jpg\"}}', 'wash_pillow_6aa9f94a7b', '.jpg', 'image/jpeg', 7.35, '/uploads/wash_pillow_6aa9f94a7b.jpg', NULL, 'local', NULL, '/', '2025-05-21 14:35:14.176000', '2025-05-21 14:35:14.176000', '2025-05-21 14:35:14.176000', 1, 1, NULL),
(2, 'no3r0vb3vv5ulhzyyahsx5qj', 'clean-shoes.jpg', NULL, NULL, 275, 183, '{\"thumbnail\":{\"name\":\"thumbnail_clean-shoes.jpg\",\"hash\":\"thumbnail_clean_shoes_99a22fd427\",\"ext\":\".jpg\",\"mime\":\"image/jpeg\",\"path\":null,\"width\":234,\"height\":156,\"size\":9.47,\"sizeInBytes\":9466,\"url\":\"/uploads/thumbnail_clean_shoes_99a22fd427.jpg\"}}', 'clean_shoes_99a22fd427', '.jpg', 'image/jpeg', 11.22, '/uploads/clean_shoes_99a22fd427.jpg', NULL, 'local', NULL, '/', '2025-05-21 14:35:14.166000', '2025-05-21 14:35:14.166000', '2025-05-21 14:35:14.167000', 1, 1, NULL),
(3, 'jc2mw6ngdn5k8b4vpaa9a11n', '9984640.jpg', NULL, NULL, 2000, 2000, '{\"thumbnail\":{\"name\":\"thumbnail_9984640.jpg\",\"hash\":\"thumbnail_9984640_625a981be9\",\"ext\":\".jpg\",\"mime\":\"image/jpeg\",\"path\":null,\"width\":156,\"height\":156,\"size\":5.63,\"sizeInBytes\":5626,\"url\":\"/uploads/thumbnail_9984640_625a981be9.jpg\"},\"medium\":{\"name\":\"medium_9984640.jpg\",\"hash\":\"medium_9984640_625a981be9\",\"ext\":\".jpg\",\"mime\":\"image/jpeg\",\"path\":null,\"width\":750,\"height\":750,\"size\":52.39,\"sizeInBytes\":52389,\"url\":\"/uploads/medium_9984640_625a981be9.jpg\"},\"small\":{\"name\":\"small_9984640.jpg\",\"hash\":\"small_9984640_625a981be9\",\"ext\":\".jpg\",\"mime\":\"image/jpeg\",\"path\":null,\"width\":500,\"height\":500,\"size\":30.09,\"sizeInBytes\":30089,\"url\":\"/uploads/small_9984640_625a981be9.jpg\"},\"large\":{\"name\":\"large_9984640.jpg\",\"hash\":\"large_9984640_625a981be9\",\"ext\":\".jpg\",\"mime\":\"image/jpeg\",\"path\":null,\"width\":1000,\"height\":1000,\"size\":76.91,\"sizeInBytes\":76910,\"url\":\"/uploads/large_9984640_625a981be9.jpg\"}}', '9984640_625a981be9', '.jpg', 'image/jpeg', 191.39, '/uploads/9984640_625a981be9.jpg', NULL, 'local', NULL, '/', '2025-05-21 14:35:17.706000', '2025-05-21 14:35:17.706000', '2025-05-21 14:35:17.706000', 1, 1, NULL),
(4, 'o52mwfdgj4vizj20jeomr00q', 'karpet.jpg', NULL, NULL, 4498, 3000, '{\"thumbnail\":{\"name\":\"thumbnail_karpet.jpg\",\"hash\":\"thumbnail_karpet_c23a90bfec\",\"ext\":\".jpg\",\"mime\":\"image/jpeg\",\"path\":null,\"width\":234,\"height\":156,\"size\":10.47,\"sizeInBytes\":10469,\"url\":\"/uploads/thumbnail_karpet_c23a90bfec.jpg\"},\"medium\":{\"name\":\"medium_karpet.jpg\",\"hash\":\"medium_karpet_c23a90bfec\",\"ext\":\".jpg\",\"mime\":\"image/jpeg\",\"path\":null,\"width\":750,\"height\":500,\"size\":60.76,\"sizeInBytes\":60762,\"url\":\"/uploads/medium_karpet_c23a90bfec.jpg\"},\"small\":{\"name\":\"small_karpet.jpg\",\"hash\":\"small_karpet_c23a90bfec\",\"ext\":\".jpg\",\"mime\":\"image/jpeg\",\"path\":null,\"width\":500,\"height\":334,\"size\":33.4,\"sizeInBytes\":33402,\"url\":\"/uploads/small_karpet_c23a90bfec.jpg\"},\"large\":{\"name\":\"large_karpet.jpg\",\"hash\":\"large_karpet_c23a90bfec\",\"ext\":\".jpg\",\"mime\":\"image/jpeg\",\"path\":null,\"width\":1000,\"height\":667,\"size\":93.81,\"sizeInBytes\":93805,\"url\":\"/uploads/large_karpet_c23a90bfec.jpg\"}}', 'karpet_c23a90bfec', '.jpg', 'image/jpeg', 1019.61, '/uploads/karpet_c23a90bfec.jpg', NULL, 'local', NULL, '/', '2025-05-21 14:35:22.657000', '2025-05-21 14:35:22.657000', '2025-05-21 14:35:22.657000', 1, 1, NULL),
(5, 'b3m6ikmkg9f7yroky1yit9g8', 'setrika.jpg', NULL, NULL, 7615, 5079, '{\"thumbnail\":{\"name\":\"thumbnail_setrika.jpg\",\"hash\":\"thumbnail_setrika_cfe5a5d880\",\"ext\":\".jpg\",\"mime\":\"image/jpeg\",\"path\":null,\"width\":234,\"height\":156,\"size\":6.18,\"sizeInBytes\":6182,\"url\":\"/uploads/thumbnail_setrika_cfe5a5d880.jpg\"},\"large\":{\"name\":\"large_setrika.jpg\",\"hash\":\"large_setrika_cfe5a5d880\",\"ext\":\".jpg\",\"mime\":\"image/jpeg\",\"path\":null,\"width\":1000,\"height\":667,\"size\":57.26,\"sizeInBytes\":57257,\"url\":\"/uploads/large_setrika_cfe5a5d880.jpg\"},\"medium\":{\"name\":\"medium_setrika.jpg\",\"hash\":\"medium_setrika_cfe5a5d880\",\"ext\":\".jpg\",\"mime\":\"image/jpeg\",\"path\":null,\"width\":750,\"height\":500,\"size\":35,\"sizeInBytes\":34999,\"url\":\"/uploads/medium_setrika_cfe5a5d880.jpg\"},\"small\":{\"name\":\"small_setrika.jpg\",\"hash\":\"small_setrika_cfe5a5d880\",\"ext\":\".jpg\",\"mime\":\"image/jpeg\",\"path\":null,\"width\":500,\"height\":333,\"size\":18.8,\"sizeInBytes\":18797,\"url\":\"/uploads/small_setrika_cfe5a5d880.jpg\"}}', 'setrika_cfe5a5d880', '.jpg', 'image/jpeg', 1998.49, '/uploads/setrika_cfe5a5d880.jpg', NULL, 'local', NULL, '/', '2025-05-21 14:35:32.994000', '2025-05-21 14:35:32.994000', '2025-05-21 14:35:32.994000', 1, 1, NULL),
(6, 'c7tw3bhj25yusy5aa6hjt8f0', 'selimut.jpg', NULL, NULL, 275, 183, '{\"thumbnail\":{\"name\":\"thumbnail_selimut.jpg\",\"hash\":\"thumbnail_selimut_4b8c50fd6c\",\"ext\":\".jpg\",\"mime\":\"image/jpeg\",\"path\":null,\"width\":234,\"height\":156,\"size\":8.2,\"sizeInBytes\":8204,\"url\":\"/uploads/thumbnail_selimut_4b8c50fd6c.jpg\"}}', 'selimut_4b8c50fd6c', '.jpg', 'image/jpeg', 8.66, '/uploads/selimut_4b8c50fd6c.jpg', NULL, 'local', NULL, '/', '2025-05-21 14:47:37.081000', '2025-05-21 14:47:37.081000', '2025-05-21 14:47:37.081000', 1, 1, NULL),
(7, 'p98j0tgxvu9bhqbqvywo9cw9', 'Sprei.jpg', NULL, NULL, 300, 168, '{\"thumbnail\":{\"name\":\"thumbnail_Sprei.jpg\",\"hash\":\"thumbnail_Sprei_dc8f67b961\",\"ext\":\".jpg\",\"mime\":\"image/jpeg\",\"path\":null,\"width\":245,\"height\":137,\"size\":5.04,\"sizeInBytes\":5044,\"url\":\"/uploads/thumbnail_Sprei_dc8f67b961.jpg\"}}', 'Sprei_dc8f67b961', '.jpg', 'image/jpeg', 5.30, '/uploads/Sprei_dc8f67b961.jpg', NULL, 'local', NULL, '/', '2025-05-21 14:47:37.388000', '2025-05-21 14:47:37.388000', '2025-05-21 14:47:37.389000', 1, 1, NULL),
(8, 'rhb4huaxxg162608rf3cc9ct', 'Tas.jpg', NULL, NULL, 341, 371, '{\"thumbnail\":{\"name\":\"thumbnail_Tas.jpg\",\"hash\":\"thumbnail_Tas_66e712bece\",\"ext\":\".jpg\",\"mime\":\"image/jpeg\",\"path\":null,\"width\":143,\"height\":156,\"size\":6.83,\"sizeInBytes\":6833,\"url\":\"/uploads/thumbnail_Tas_66e712bece.jpg\"}}', 'Tas_66e712bece', '.jpg', 'image/jpeg', 29.19, '/uploads/Tas_66e712bece.jpg', NULL, 'local', NULL, '/', '2025-05-21 14:47:37.436000', '2025-05-21 14:47:37.436000', '2025-05-21 14:47:37.436000', 1, 1, NULL),
(9, 'ywnp8ytln2p1yc5to9a8qlqz', 'Gordyn.jpg', NULL, NULL, 600, 600, '{\"thumbnail\":{\"name\":\"thumbnail_Gordyn.jpg\",\"hash\":\"thumbnail_Gordyn_9f1b462ab7\",\"ext\":\".jpg\",\"mime\":\"image/jpeg\",\"path\":null,\"width\":156,\"height\":156,\"size\":5.84,\"sizeInBytes\":5844,\"url\":\"/uploads/thumbnail_Gordyn_9f1b462ab7.jpg\"},\"small\":{\"name\":\"small_Gordyn.jpg\",\"hash\":\"small_Gordyn_9f1b462ab7\",\"ext\":\".jpg\",\"mime\":\"image/jpeg\",\"path\":null,\"width\":500,\"height\":500,\"size\":36.7,\"sizeInBytes\":36696,\"url\":\"/uploads/small_Gordyn_9f1b462ab7.jpg\"}}', 'Gordyn_9f1b462ab7', '.jpg', 'image/jpeg', 50.07, '/uploads/Gordyn_9f1b462ab7.jpg', NULL, 'local', NULL, '/', '2025-05-21 14:47:37.492000', '2025-05-21 14:47:37.492000', '2025-05-21 14:47:37.493000', 1, 1, NULL),
(10, 'm5lnjy5yjd9yghjkjnph5t0u', 'boneka.jpg', NULL, NULL, 799, 533, '{\"thumbnail\":{\"name\":\"thumbnail_boneka.jpg\",\"hash\":\"thumbnail_boneka_64780e0c05\",\"ext\":\".jpg\",\"mime\":\"image/jpeg\",\"path\":null,\"width\":234,\"height\":156,\"size\":6.92,\"sizeInBytes\":6922,\"url\":\"/uploads/thumbnail_boneka_64780e0c05.jpg\"},\"small\":{\"name\":\"small_boneka.jpg\",\"hash\":\"small_boneka_64780e0c05\",\"ext\":\".jpg\",\"mime\":\"image/jpeg\",\"path\":null,\"width\":500,\"height\":334,\"size\":25.48,\"sizeInBytes\":25478,\"url\":\"/uploads/small_boneka_64780e0c05.jpg\"},\"medium\":{\"name\":\"medium_boneka.jpg\",\"hash\":\"medium_boneka_64780e0c05\",\"ext\":\".jpg\",\"mime\":\"image/jpeg\",\"path\":null,\"width\":750,\"height\":500,\"size\":46.65,\"sizeInBytes\":46648,\"url\":\"/uploads/medium_boneka_64780e0c05.jpg\"}}', 'boneka_64780e0c05', '.jpg', 'image/jpeg', 70.09, '/uploads/boneka_64780e0c05.jpg', NULL, 'local', NULL, '/', '2025-05-21 14:47:38.338000', '2025-05-21 14:47:38.338000', '2025-05-21 14:47:38.338000', 1, 1, NULL),
(11, 'r1as9eocyeu373wnqs67i2ck', 'entnk7macvu1vpg.jpeg', NULL, NULL, 612, 409, '{\"small\":{\"name\":\"small_entnk7macvu1vpg.jpeg\",\"hash\":\"small_entnk7macvu1vpg_baeac5fa8d\",\"ext\":\".jpeg\",\"mime\":\"image/jpeg\",\"path\":null,\"width\":500,\"height\":334,\"size\":22.63,\"sizeInBytes\":22625,\"url\":\"/uploads/small_entnk7macvu1vpg_baeac5fa8d.jpeg\"},\"thumbnail\":{\"name\":\"thumbnail_entnk7macvu1vpg.jpeg\",\"hash\":\"thumbnail_entnk7macvu1vpg_baeac5fa8d\",\"ext\":\".jpeg\",\"mime\":\"image/jpeg\",\"path\":null,\"width\":233,\"height\":156,\"size\":7.11,\"sizeInBytes\":7112,\"url\":\"/uploads/thumbnail_entnk7macvu1vpg_baeac5fa8d.jpeg\"}}', 'entnk7macvu1vpg_baeac5fa8d', '.jpeg', 'image/jpeg', 28.81, '/uploads/entnk7macvu1vpg_baeac5fa8d.jpeg', NULL, 'local', NULL, '/', '2025-05-21 14:49:04.665000', '2025-05-21 14:49:04.665000', '2025-05-21 14:49:04.666000', 1, 1, NULL);

-- --------------------------------------------------------

--
-- Struktur dari tabel `files_folder_lnk`
--

CREATE TABLE `files_folder_lnk` (
  `id` int(10) UNSIGNED NOT NULL,
  `file_id` int(10) UNSIGNED DEFAULT NULL,
  `folder_id` int(10) UNSIGNED DEFAULT NULL,
  `file_ord` double UNSIGNED DEFAULT NULL
) ENGINE=InnoDB DEFAULT CHARSET=utf8mb4 COLLATE=utf8mb4_general_ci;

-- --------------------------------------------------------

--
-- Struktur dari tabel `files_related_mph`
--

CREATE TABLE `files_related_mph` (
  `id` int(10) UNSIGNED NOT NULL,
  `file_id` int(10) UNSIGNED DEFAULT NULL,
  `related_id` int(10) UNSIGNED DEFAULT NULL,
  `related_type` varchar(255) DEFAULT NULL,
  `field` varchar(255) DEFAULT NULL,
  `order` double UNSIGNED DEFAULT NULL
) ENGINE=InnoDB DEFAULT CHARSET=utf8mb4 COLLATE=utf8mb4_general_ci;

--
-- Dumping data untuk tabel `files_related_mph`
--

INSERT INTO `files_related_mph` (`id`, `file_id`, `related_id`, `related_type`, `field`, `order`) VALUES
(2, 2, 12, 'api::layanan.layanan', 'image', 1),
(3, 2, 54, 'api::layanan.layanan', 'image', 1),
(4, 5, 14, 'api::layanan.layanan', 'image', 1),
(5, 5, 55, 'api::layanan.layanan', 'image', 1),
(7, 1, 35, 'api::layanan.layanan', 'image', 1),
(8, 1, 56, 'api::layanan.layanan', 'image', 1),
(9, 6, 27, 'api::layanan.layanan', 'image', 1),
(10, 6, 57, 'api::layanan.layanan', 'image', 1),
(11, 6, 29, 'api::layanan.layanan', 'image', 1),
(12, 6, 58, 'api::layanan.layanan', 'image', 1),
(14, 10, 37, 'api::layanan.layanan', 'image', 1),
(15, 10, 59, 'api::layanan.layanan', 'image', 1),
(17, 7, 25, 'api::layanan.layanan', 'image', 1),
(18, 7, 60, 'api::layanan.layanan', 'image', 1),
(20, 8, 31, 'api::layanan.layanan', 'image', 1),
(21, 8, 61, 'api::layanan.layanan', 'image', 1),
(23, 9, 33, 'api::layanan.layanan', 'image', 1),
(24, 9, 62, 'api::layanan.layanan', 'image', 1);

-- --------------------------------------------------------

--
-- Struktur dari tabel `i18n_locale`
--

CREATE TABLE `i18n_locale` (
  `id` int(10) UNSIGNED NOT NULL,
  `document_id` varchar(255) DEFAULT NULL,
  `name` varchar(255) DEFAULT NULL,
  `code` varchar(255) DEFAULT NULL,
  `created_at` datetime(6) DEFAULT NULL,
  `updated_at` datetime(6) DEFAULT NULL,
  `published_at` datetime(6) DEFAULT NULL,
  `created_by_id` int(10) UNSIGNED DEFAULT NULL,
  `updated_by_id` int(10) UNSIGNED DEFAULT NULL,
  `locale` varchar(255) DEFAULT NULL
) ENGINE=InnoDB DEFAULT CHARSET=utf8mb4 COLLATE=utf8mb4_general_ci;

--
-- Dumping data untuk tabel `i18n_locale`
--

INSERT INTO `i18n_locale` (`id`, `document_id`, `name`, `code`, `created_at`, `updated_at`, `published_at`, `created_by_id`, `updated_by_id`, `locale`) VALUES
(1, 'yxd0yqpxcbk8w85yk54tt3et', 'English (en)', 'en', '2025-05-16 16:53:27.325000', '2025-05-16 16:53:27.325000', '2025-05-16 16:53:27.327000', NULL, NULL, NULL);

-- --------------------------------------------------------

--
-- Struktur dari tabel `kategori_layanans`
--

CREATE TABLE `kategori_layanans` (
  `id` int(10) UNSIGNED NOT NULL,
  `document_id` varchar(255) DEFAULT NULL,
  `nama_kategori` varchar(255) DEFAULT NULL,
  `deskripsi` longtext DEFAULT NULL,
  `created_at` datetime(6) DEFAULT NULL,
  `updated_at` datetime(6) DEFAULT NULL,
  `published_at` datetime(6) DEFAULT NULL,
  `created_by_id` int(10) UNSIGNED DEFAULT NULL,
  `updated_by_id` int(10) UNSIGNED DEFAULT NULL,
  `locale` varchar(255) DEFAULT NULL
) ENGINE=InnoDB DEFAULT CHARSET=utf8mb4 COLLATE=utf8mb4_general_ci;

--
-- Dumping data untuk tabel `kategori_layanans`
--

INSERT INTO `kategori_layanans` (`id`, `document_id`, `nama_kategori`, `deskripsi`, `created_at`, `updated_at`, `published_at`, `created_by_id`, `updated_by_id`, `locale`) VALUES
(1, 'ubwq73gmslbymplfe99bluip', 'Cuci Satuan', 'Layanan mencuci pakaian atau barang tertentu secara satuan. Cocok untuk pakaian khusus seperti jas, sepatu, atau pakaian berbahan sensitif yang memerlukan perhatian ekstra. Proses mencakup pencucian, pengeringan, dan perawatan khusus sesuai jenis bahan.', '2025-05-17 08:50:16.052000', '2025-05-17 08:50:18.176000', NULL, 1, 1, NULL),
(2, 'ubwq73gmslbymplfe99bluip', 'Cuci Satuan', 'Layanan mencuci pakaian atau barang tertentu secara satuan. Cocok untuk pakaian khusus seperti jas, sepatu, atau pakaian berbahan sensitif yang memerlukan perhatian ekstra. Proses mencakup pencucian, pengeringan, dan perawatan khusus sesuai jenis bahan.', '2025-05-17 08:50:16.052000', '2025-05-17 08:50:18.176000', '2025-05-17 08:50:18.224000', 1, 1, NULL),
(3, 'yb3mutvco36znljke5oo1onz', 'Cuci + Setrika', 'Layanan lengkap mencakup pencucian pakaian, pengeringan, dan setrika. Pakaian akan kembali dalam kondisi bersih, wangi, dan rapi siap pakai. Cocok untuk kebutuhan harian dan menjaga kualitas pakaian tetap prima.', '2025-05-17 08:50:40.837000', '2025-05-17 08:50:42.503000', NULL, 1, 1, NULL),
(4, 'yb3mutvco36znljke5oo1onz', 'Cuci + Setrika', 'Layanan lengkap mencakup pencucian pakaian, pengeringan, dan setrika. Pakaian akan kembali dalam kondisi bersih, wangi, dan rapi siap pakai. Cocok untuk kebutuhan harian dan menjaga kualitas pakaian tetap prima.', '2025-05-17 08:50:40.837000', '2025-05-17 08:50:42.503000', '2025-05-17 08:50:42.568000', 1, 1, NULL),
(5, 'k4952v16lce7c3qst4du5kx1', 'Setrika Saja', 'Layanan khusus untuk menyetrika pakaian yang sudah dicuci. Pakaian akan disetrika dengan rapi dan dilipat dengan baik sehingga siap disimpan atau dipakai. Ideal bagi yang sudah mencuci sendiri namun ingin hasil setrika maksimal.', '2025-05-17 08:51:06.719000', '2025-05-17 08:51:08.550000', NULL, 1, 1, NULL),
(6, 'k4952v16lce7c3qst4du5kx1', 'Setrika Saja', 'Layanan khusus untuk menyetrika pakaian yang sudah dicuci. Pakaian akan disetrika dengan rapi dan dilipat dengan baik sehingga siap disimpan atau dipakai. Ideal bagi yang sudah mencuci sendiri namun ingin hasil setrika maksimal.', '2025-05-17 08:51:06.719000', '2025-05-17 08:51:08.550000', '2025-05-17 08:51:08.599000', 1, 1, NULL),
(7, 'q9io9lzvjiqw70r89cat3xym', 'Cuci Kering Lipat', 'Layanan mencuci pakaian dengan metode cuci kering (dry cleaning) dan dilipat rapi. Metode ini cocok untuk bahan-bahan yang tidak bisa dicuci dengan air, menjaga kualitas kain dan warna tetap terjaga. Setiap pakaian akan dikemas rapi setelah proses selesai.', '2025-05-17 08:51:56.773000', '2025-05-17 08:51:58.891000', NULL, 1, 1, NULL),
(8, 'q9io9lzvjiqw70r89cat3xym', 'Cuci Kering Lipat', 'Layanan mencuci pakaian dengan metode cuci kering (dry cleaning) dan dilipat rapi. Metode ini cocok untuk bahan-bahan yang tidak bisa dicuci dengan air, menjaga kualitas kain dan warna tetap terjaga. Setiap pakaian akan dikemas rapi setelah proses selesai.', '2025-05-17 08:51:56.773000', '2025-05-17 08:51:58.891000', '2025-05-17 08:51:58.937000', 1, 1, NULL);

-- --------------------------------------------------------

--
-- Struktur dari tabel `layanans`
--

CREATE TABLE `layanans` (
  `id` int(10) UNSIGNED NOT NULL,
  `document_id` varchar(255) DEFAULT NULL,
  `nama` varchar(255) DEFAULT NULL,
  `deskripsi` longtext DEFAULT NULL,
  `satuan` varchar(255) DEFAULT NULL,
  `estimasi_waktu` varchar(255) DEFAULT NULL,
  `created_at` datetime(6) DEFAULT NULL,
  `updated_at` datetime(6) DEFAULT NULL,
  `published_at` datetime(6) DEFAULT NULL,
  `created_by_id` int(10) UNSIGNED DEFAULT NULL,
  `updated_by_id` int(10) UNSIGNED DEFAULT NULL,
  `locale` varchar(255) DEFAULT NULL,
  `harga` int(11) DEFAULT NULL
) ENGINE=InnoDB DEFAULT CHARSET=utf8mb4 COLLATE=utf8mb4_general_ci;

--
-- Dumping data untuk tabel `layanans`
--

INSERT INTO `layanans` (`id`, `document_id`, `nama`, `deskripsi`, `satuan`, `estimasi_waktu`, `created_at`, `updated_at`, `published_at`, `created_by_id`, `updated_by_id`, `locale`, `harga`) VALUES
(12, 'fzhwdhghk77wd1uyw5im9qwp', 'Cuci Sepatu', 'Layanan mencuci sepatu dengan teknik khusus sesuai bahan, baik kain, kulit, maupun sintetis. Proses pembersihan menyeluruh meliputi bagian luar, dalam, dan sol sepatu, sehingga sepatu kembali bersih dan segar.\n', 'Pcs', NULL, '2025-05-17 10:16:16.378000', '2025-05-21 14:40:07.963000', NULL, 1, 1, NULL, 15000),
(14, 'ctb7ov1nhckdbdf6dy9lvl46', 'Reguler (Setrika Saja)', 'Layanan pencucian standar dengan durasi waktu normal. Pakaian akan dicuci, dikeringkan, dan disetrika dengan baik, memastikan hasil bersih dan rapi. Cocok untuk kebutuhan harian dengan harga terjangkau dan proses yang optimal.\n', 'kg', '1 - 2 Hari', '2025-05-17 10:17:22.235000', '2025-05-21 14:40:53.655000', NULL, 1, 1, NULL, 5000),
(15, 'pv2v7pvdfivdvfdzbgnlsy5g', 'Reguler (Cuci + Setrika)', 'Layanan pencucian standar dengan durasi waktu normal. Pakaian akan dicuci, dikeringkan, dan disetrika dengan baik, memastikan hasil bersih dan rapi. Cocok untuk kebutuhan harian dengan harga terjangkau dan proses yang optimal.\n', 'kg', '1 - 2 Hari', '2025-05-17 10:17:22.567000', '2025-05-21 13:53:22.666000', NULL, 1, 1, NULL, 7000),
(18, 'fxzpilyy4mcd9svcl0k7pmcu', 'Reguler (Cuci Kering Lipat)', 'Layanan pencucian standar dengan durasi waktu normal. Pakaian akan dicuci, dikeringkan, dan disetrika dengan baik, memastikan hasil bersih dan rapi. Cocok untuk kebutuhan harian dengan harga terjangkau dan proses yang optimal.\n', 'kg', '1 - 2 Hari', '2025-05-17 10:19:08.180000', '2025-05-21 13:53:48.846000', NULL, 1, 1, NULL, 4000),
(21, 'pv2v7pvdfivdvfdzbgnlsy5g', 'Reguler (Cuci + Setrika)', 'Layanan pencucian standar dengan durasi waktu normal. Pakaian akan dicuci, dikeringkan, dan disetrika dengan baik, memastikan hasil bersih dan rapi. Cocok untuk kebutuhan harian dengan harga terjangkau dan proses yang optimal.\n', 'kg', '1 - 2 Hari', '2025-05-17 10:17:22.567000', '2025-05-21 13:53:22.666000', '2025-05-21 13:53:22.848000', 1, 1, NULL, 7000),
(22, 'fxzpilyy4mcd9svcl0k7pmcu', 'Reguler (Cuci Kering Lipat)', 'Layanan pencucian standar dengan durasi waktu normal. Pakaian akan dicuci, dikeringkan, dan disetrika dengan baik, memastikan hasil bersih dan rapi. Cocok untuk kebutuhan harian dengan harga terjangkau dan proses yang optimal.\n', 'kg', '1 - 2 Hari', '2025-05-17 10:19:08.180000', '2025-05-21 13:53:48.846000', '2025-05-21 13:53:49.227000', 1, 1, NULL, 4000),
(23, 'i90c7bd7lagiipvglar2nwlg', 'Cuci Spesial', 'Layanan khusus untuk mencuci berbagai barang dengan perawatan ekstra, mencakup bahan yang memerlukan penanganan hati-hati dan teknik pembersihan khusus. Cocok untuk menjaga kualitas dan kebersihan optimal.', 'Pcs', NULL, '2025-05-21 14:10:40.707000', '2025-05-21 14:10:44.775000', NULL, 1, 1, NULL, 7000),
(24, 'i90c7bd7lagiipvglar2nwlg', 'Cuci Spesial', 'Layanan khusus untuk mencuci berbagai barang dengan perawatan ekstra, mencakup bahan yang memerlukan penanganan hati-hati dan teknik pembersihan khusus. Cocok untuk menjaga kualitas dan kebersihan optimal.', 'Pcs', NULL, '2025-05-21 14:10:40.707000', '2025-05-21 14:10:44.775000', '2025-05-21 14:10:45.128000', 1, 1, NULL, 7000),
(25, 'yt9wadgye99e7eitr88ii9kl', 'Cuci Sprei', 'Layanan mencuci sprei dengan teknik pencucian yang memastikan kain tetap lembut, bersih, dan bebas dari noda serta kuman. Proses pengeringan dilakukan dengan baik agar tidak merusak serat kain dan menjaga kesegaran saat digunakan kembali.', 'Pcs', NULL, '2025-05-21 14:11:16.357000', '2025-05-21 14:51:30.524000', NULL, 1, 1, NULL, 7000),
(27, 'n7yvds9ocfamjlt83u2kclnp', 'Cuci Bedcover', 'Layanan mencuci bedcover dengan perawatan khusus untuk menjaga kelembutan dan warna kain. Proses pencucian mendalam memastikan setiap lapisan bersih maksimal tanpa merusak tekstur kain.', 'Pcs', NULL, '2025-05-21 14:12:14.982000', '2025-05-21 14:49:32.877000', NULL, 1, 1, NULL, 15000),
(29, 'l9lo6jy1hkg7yo1fea61m8fc', 'Cuci Selimut', 'Layanan pencucian selimut yang dirancang untuk membersihkan secara menyeluruh dan menghilangkan bau tak sedap. Pencucian dilakukan dengan metode yang menjaga ketebalan dan kelembutan selimut.', 'Pcs', NULL, '2025-05-21 14:13:07.835000', '2025-05-21 14:49:49.679000', NULL, 1, 1, NULL, 15000),
(31, 'z4ua0sol2pwbx8ur8sjvfsd7', 'Cuci Tas', 'Layanan mencuci tas dengan teknik pencucian khusus yang menjaga kualitas bahan dan warna. Cocok untuk berbagai jenis tas, termasuk tas kulit, kanvas, dan kain, dengan hasil bersih maksimal dan rapi.', 'Pcs', NULL, '2025-05-21 14:13:49.714000', '2025-05-21 14:51:49.272000', NULL, 1, 1, NULL, 15000),
(33, 'ezrls9wu7y8jas8dwwkjnhft', 'Cuci Gordyn', 'Layanan mencuci gordyn (tirai) dengan metode khusus agar kain tetap bersih, bebas debu, dan tidak rusak. Proses pengeringan yang tepat memastikan gordyn kembali siap dipasang dengan tampilan segar.', 'Pcs', NULL, '2025-05-21 14:14:41.231000', '2025-05-22 16:32:01.869000', NULL, 1, 1, NULL, 10000),
(35, 'es9b4sv28910f0yxjf88kvzo', 'Cuci Bantal/Guling', 'Layanan mencuci bantal dan guling yang aman dan higienis. Proses pencucian mendalam membersihkan debu, kotoran, dan bakteri, sehingga tetap nyaman dan sehat digunakan.', 'Pcs', NULL, '2025-05-21 14:15:22.712000', '2025-05-21 14:42:02.592000', NULL, 1, 1, NULL, 7000),
(37, 'k3zcnth2zopcg2pqhgml3r46', 'Cuci Boneka', 'Layanan mencuci boneka dengan hati-hati agar tetap bersih dan lembut. Setiap boneka dicuci secara individual untuk menjaga kualitas bahan dan menghindari kerusakan.', 'Pcs', NULL, '2025-05-21 14:16:04.953000', '2025-05-21 14:50:57.521000', NULL, 1, 1, NULL, 5000),
(39, 'lts6k5vjcusk4dmhes9flzev', 'Express (Cuci + Setrika)', 'Layanan pencucian cepat dengan prioritas waktu lebih singkat dibanding reguler. Pakaian Anda akan selesai dalam waktu yang lebih cepat namun tetap menjaga kualitas pencucian dan kerapihan setrika. Ideal untuk kebutuhan mendesak namun tetap ingin hasil maksimal.', 'kg', 'Next Day', '2025-05-21 14:21:58.433000', '2025-05-21 14:30:16.038000', NULL, 1, 1, NULL, 10000),
(41, 'c9tfia703dnhcshuwe6obklr', 'Kilat (Cuci + Setrika)', 'Layanan pencucian super cepat untuk kebutuhan darurat. Pakaian akan diproses secara intensif agar siap dalam waktu yang sangat singkat. Meskipun cepat, kualitas tetap terjaga, bersih, dan rapi. Cocok untuk situasi mendadak seperti acara penting atau perjalanan mendadak.', 'kg', 'Sameday', '2025-05-21 14:22:47.969000', '2025-05-21 14:30:41.949000', NULL, 1, 1, NULL, 15000),
(43, 'dc4sts6kk6yein6vrzja8cu7', 'Express (Cuci Kering Lipat)', 'Layanan pencucian cepat dengan prioritas waktu lebih singkat dibanding reguler. Pakaian Anda akan selesai dalam waktu yang lebih cepat namun tetap menjaga kualitas pencucian dan kerapihan setrika. Ideal untuk kebutuhan mendesak namun tetap ingin hasil maksimal', 'kg', 'Next Day', '2025-05-21 14:24:23.013000', '2025-05-21 14:24:45.300000', NULL, 1, 1, NULL, 7000),
(44, 'dc4sts6kk6yein6vrzja8cu7', 'Express (Cuci Kering Lipat)', 'Layanan pencucian cepat dengan prioritas waktu lebih singkat dibanding reguler. Pakaian Anda akan selesai dalam waktu yang lebih cepat namun tetap menjaga kualitas pencucian dan kerapihan setrika. Ideal untuk kebutuhan mendesak namun tetap ingin hasil maksimal', 'kg', 'Next Day', '2025-05-21 14:24:23.013000', '2025-05-21 14:24:45.300000', '2025-05-21 14:24:45.436000', 1, 1, NULL, 7000),
(45, 'y4lx866mcsj0td9ygvtcm0k8', 'Kilat (Cuci Kering Lipat)', 'Layanan pencucian super cepat untuk kebutuhan darurat. Pakaian akan diproses secara intensif agar siap dalam waktu yang sangat singkat. Meskipun cepat, kualitas tetap terjaga, bersih, dan rapi. Cocok untuk situasi mendadak seperti acara penting atau perjalanan mendadak.', 'kg', 'Sameday', '2025-05-21 14:25:22.711000', '2025-05-21 14:25:26.427000', NULL, 1, 1, NULL, 10000),
(46, 'y4lx866mcsj0td9ygvtcm0k8', 'Kilat (Cuci Kering Lipat)', 'Layanan pencucian super cepat untuk kebutuhan darurat. Pakaian akan diproses secara intensif agar siap dalam waktu yang sangat singkat. Meskipun cepat, kualitas tetap terjaga, bersih, dan rapi. Cocok untuk situasi mendadak seperti acara penting atau perjalanan mendadak.', 'kg', 'Sameday', '2025-05-21 14:25:22.711000', '2025-05-21 14:25:26.427000', '2025-05-21 14:25:26.589000', 1, 1, NULL, 10000),
(47, 'laz2ydyhk2yu89sfe7hvwu5z', 'Express (Setrika Saja)', 'Layanan pencucian cepat dengan prioritas waktu lebih singkat dibanding reguler. Pakaian Anda akan selesai dalam waktu yang lebih cepat namun tetap menjaga kualitas pencucian dan kerapihan setrika. Ideal untuk kebutuhan mendesak namun tetap ingin hasil maksimal.', 'kg', 'Next Day', '2025-05-21 14:26:01.115000', '2025-05-21 14:31:11.399000', NULL, 1, 1, NULL, 4000),
(49, 'lts6k5vjcusk4dmhes9flzev', 'Express (Cuci + Setrika)', 'Layanan pencucian cepat dengan prioritas waktu lebih singkat dibanding reguler. Pakaian Anda akan selesai dalam waktu yang lebih cepat namun tetap menjaga kualitas pencucian dan kerapihan setrika. Ideal untuk kebutuhan mendesak namun tetap ingin hasil maksimal.', 'kg', 'Next Day', '2025-05-21 14:21:58.433000', '2025-05-21 14:30:16.038000', '2025-05-21 14:30:16.354000', 1, 1, NULL, 10000),
(50, 'c9tfia703dnhcshuwe6obklr', 'Kilat (Cuci + Setrika)', 'Layanan pencucian super cepat untuk kebutuhan darurat. Pakaian akan diproses secara intensif agar siap dalam waktu yang sangat singkat. Meskipun cepat, kualitas tetap terjaga, bersih, dan rapi. Cocok untuk situasi mendadak seperti acara penting atau perjalanan mendadak.', 'kg', 'Sameday', '2025-05-21 14:22:47.969000', '2025-05-21 14:30:41.949000', '2025-05-21 14:30:42.098000', 1, 1, NULL, 15000),
(51, 'laz2ydyhk2yu89sfe7hvwu5z', 'Express (Setrika Saja)', 'Layanan pencucian cepat dengan prioritas waktu lebih singkat dibanding reguler. Pakaian Anda akan selesai dalam waktu yang lebih cepat namun tetap menjaga kualitas pencucian dan kerapihan setrika. Ideal untuk kebutuhan mendesak namun tetap ingin hasil maksimal.', 'kg', 'Next Day', '2025-05-21 14:26:01.115000', '2025-05-21 14:31:11.399000', '2025-05-21 14:31:11.532000', 1, 1, NULL, 4000),
(52, 'hznpzsy8s6cm1641m51lv2qr', 'Kilat (Setrika Saja)', 'Layanan pencucian super cepat untuk kebutuhan darurat. Pakaian akan diproses secara intensif agar siap dalam waktu yang sangat singkat. Meskipun cepat, kualitas tetap terjaga, bersih, dan rapi. Cocok untuk situasi mendadak seperti acara penting atau perjalanan mendadak.', 'kg', 'Sameday', '2025-05-21 14:32:57.581000', '2025-05-21 14:33:00.698000', NULL, 1, 1, NULL, 10000),
(53, 'hznpzsy8s6cm1641m51lv2qr', 'Kilat (Setrika Saja)', 'Layanan pencucian super cepat untuk kebutuhan darurat. Pakaian akan diproses secara intensif agar siap dalam waktu yang sangat singkat. Meskipun cepat, kualitas tetap terjaga, bersih, dan rapi. Cocok untuk situasi mendadak seperti acara penting atau perjalanan mendadak.', 'kg', 'Sameday', '2025-05-21 14:32:57.581000', '2025-05-21 14:33:00.698000', '2025-05-21 14:33:00.849000', 1, 1, NULL, 10000),
(54, 'fzhwdhghk77wd1uyw5im9qwp', 'Cuci Sepatu', 'Layanan mencuci sepatu dengan teknik khusus sesuai bahan, baik kain, kulit, maupun sintetis. Proses pembersihan menyeluruh meliputi bagian luar, dalam, dan sol sepatu, sehingga sepatu kembali bersih dan segar.\n', 'Pcs', NULL, '2025-05-17 10:16:16.378000', '2025-05-21 14:40:07.963000', '2025-05-21 14:40:08.339000', 1, 1, NULL, 15000),
(55, 'ctb7ov1nhckdbdf6dy9lvl46', 'Reguler (Setrika Saja)', 'Layanan pencucian standar dengan durasi waktu normal. Pakaian akan dicuci, dikeringkan, dan disetrika dengan baik, memastikan hasil bersih dan rapi. Cocok untuk kebutuhan harian dengan harga terjangkau dan proses yang optimal.\n', 'kg', '1 - 2 Hari', '2025-05-17 10:17:22.235000', '2025-05-21 14:40:53.655000', '2025-05-21 14:41:04.912000', 1, 1, NULL, 5000),
(56, 'es9b4sv28910f0yxjf88kvzo', 'Cuci Bantal/Guling', 'Layanan mencuci bantal dan guling yang aman dan higienis. Proses pencucian mendalam membersihkan debu, kotoran, dan bakteri, sehingga tetap nyaman dan sehat digunakan.', 'Pcs', NULL, '2025-05-21 14:15:22.712000', '2025-05-21 14:42:02.592000', '2025-05-21 14:42:02.802000', 1, 1, NULL, 7000),
(57, 'n7yvds9ocfamjlt83u2kclnp', 'Cuci Bedcover', 'Layanan mencuci bedcover dengan perawatan khusus untuk menjaga kelembutan dan warna kain. Proses pencucian mendalam memastikan setiap lapisan bersih maksimal tanpa merusak tekstur kain.', 'Pcs', NULL, '2025-05-21 14:12:14.982000', '2025-05-21 14:49:32.877000', '2025-05-21 14:49:33.271000', 1, 1, NULL, 15000),
(58, 'l9lo6jy1hkg7yo1fea61m8fc', 'Cuci Selimut', 'Layanan pencucian selimut yang dirancang untuk membersihkan secara menyeluruh dan menghilangkan bau tak sedap. Pencucian dilakukan dengan metode yang menjaga ketebalan dan kelembutan selimut.', 'Pcs', NULL, '2025-05-21 14:13:07.835000', '2025-05-21 14:49:49.679000', '2025-05-21 14:49:49.773000', 1, 1, NULL, 15000),
(59, 'k3zcnth2zopcg2pqhgml3r46', 'Cuci Boneka', 'Layanan mencuci boneka dengan hati-hati agar tetap bersih dan lembut. Setiap boneka dicuci secara individual untuk menjaga kualitas bahan dan menghindari kerusakan.', 'Pcs', NULL, '2025-05-21 14:16:04.953000', '2025-05-21 14:50:57.521000', '2025-05-21 14:50:57.727000', 1, 1, NULL, 5000),
(60, 'yt9wadgye99e7eitr88ii9kl', 'Cuci Sprei', 'Layanan mencuci sprei dengan teknik pencucian yang memastikan kain tetap lembut, bersih, dan bebas dari noda serta kuman. Proses pengeringan dilakukan dengan baik agar tidak merusak serat kain dan menjaga kesegaran saat digunakan kembali.', 'Pcs', NULL, '2025-05-21 14:11:16.357000', '2025-05-21 14:51:30.524000', '2025-05-21 14:51:30.847000', 1, 1, NULL, 7000),
(61, 'z4ua0sol2pwbx8ur8sjvfsd7', 'Cuci Tas', 'Layanan mencuci tas dengan teknik pencucian khusus yang menjaga kualitas bahan dan warna. Cocok untuk berbagai jenis tas, termasuk tas kulit, kanvas, dan kain, dengan hasil bersih maksimal dan rapi.', 'Pcs', NULL, '2025-05-21 14:13:49.714000', '2025-05-21 14:51:49.272000', '2025-05-21 14:51:49.540000', 1, 1, NULL, 15000),
(62, 'ezrls9wu7y8jas8dwwkjnhft', 'Cuci Gordyn', 'Layanan mencuci gordyn (tirai) dengan metode khusus agar kain tetap bersih, bebas debu, dan tidak rusak. Proses pengeringan yang tepat memastikan gordyn kembali siap dipasang dengan tampilan segar.', 'Pcs', NULL, '2025-05-21 14:14:41.231000', '2025-05-22 16:32:01.869000', '2025-05-22 16:32:02.500000', 1, 1, NULL, 10000);

-- --------------------------------------------------------

--
-- Struktur dari tabel `layanans_kategori_layanan_lnk`
--

CREATE TABLE `layanans_kategori_layanan_lnk` (
  `id` int(10) UNSIGNED NOT NULL,
  `layanan_id` int(10) UNSIGNED DEFAULT NULL,
  `kategori_layanan_id` int(10) UNSIGNED DEFAULT NULL,
  `layanan_ord` double UNSIGNED DEFAULT NULL
) ENGINE=InnoDB DEFAULT CHARSET=utf8mb4 COLLATE=utf8mb4_general_ci;

--
-- Dumping data untuk tabel `layanans_kategori_layanan_lnk`
--

INSERT INTO `layanans_kategori_layanan_lnk` (`id`, `layanan_id`, `kategori_layanan_id`, `layanan_ord`) VALUES
(1, 12, 1, 1),
(4, 15, 3, 1),
(6, 14, 5, 1),
(8, 18, 7, 1),
(11, 21, 4, 1),
(12, 22, 8, 1),
(13, 23, 1, 2),
(14, 24, 2, 2),
(15, 25, 1, 3),
(17, 27, 1, 4),
(19, 29, 1, 5),
(21, 31, 1, 6),
(23, 33, 1, 7),
(25, 35, 1, 8),
(27, 37, 1, 9),
(29, 39, 3, 2),
(31, 41, 3, 3),
(33, 43, 7, 2),
(34, 44, 8, 2),
(35, 45, 7, 3),
(36, 46, 8, 3),
(37, 47, 5, 2),
(39, 49, 4, 2),
(40, 50, 4, 3),
(41, 51, 6, 2),
(42, 52, 5, 3),
(43, 53, 6, 3),
(44, 54, 2, 1),
(45, 55, 6, 1),
(46, 56, 2, 8),
(47, 57, 2, 4),
(48, 58, 2, 5),
(49, 59, 2, 9),
(50, 60, 2, 3),
(51, 61, 2, 6),
(52, 62, 2, 7);

-- --------------------------------------------------------

--
-- Struktur dari tabel `omsets`
--

CREATE TABLE `omsets` (
  `id` int(10) UNSIGNED NOT NULL,
  `document_id` varchar(255) DEFAULT NULL,
  `total_omset` int(11) DEFAULT NULL,
  `created_at` datetime(6) DEFAULT NULL,
  `updated_at` datetime(6) DEFAULT NULL,
  `published_at` datetime(6) DEFAULT NULL,
  `created_by_id` int(10) UNSIGNED DEFAULT NULL,
  `updated_by_id` int(10) UNSIGNED DEFAULT NULL,
  `locale` varchar(255) DEFAULT NULL
) ENGINE=InnoDB DEFAULT CHARSET=utf8mb4 COLLATE=utf8mb4_general_ci;

--
-- Dumping data untuk tabel `omsets`
--

INSERT INTO `omsets` (`id`, `document_id`, `total_omset`, `created_at`, `updated_at`, `published_at`, `created_by_id`, `updated_by_id`, `locale`) VALUES
(1, 'llwtsoqt2mxwy91lbyq8tnn7', 219000, '2025-05-20 08:14:20.557000', '2025-06-16 10:09:53.807000', NULL, 1, 1, NULL),
(6, 'llwtsoqt2mxwy91lbyq8tnn7', 219000, '2025-05-20 08:14:20.557000', '2025-06-16 10:09:53.807000', '2025-06-16 10:09:53.821000', 1, 1, NULL);

-- --------------------------------------------------------

--
-- Struktur dari tabel `pelanggans`
--

CREATE TABLE `pelanggans` (
  `id` int(10) UNSIGNED NOT NULL,
  `document_id` varchar(255) DEFAULT NULL,
  `nama` varchar(255) DEFAULT NULL,
  `nomor_telepon` varchar(255) DEFAULT NULL,
  `alamat` varchar(255) DEFAULT NULL,
  `email` varchar(255) DEFAULT NULL,
  `tanggal_register` date DEFAULT NULL,
  `status_member` tinyint(1) DEFAULT NULL,
  `created_at` datetime(6) DEFAULT NULL,
  `updated_at` datetime(6) DEFAULT NULL,
  `published_at` datetime(6) DEFAULT NULL,
  `created_by_id` int(10) UNSIGNED DEFAULT NULL,
  `updated_by_id` int(10) UNSIGNED DEFAULT NULL,
  `locale` varchar(255) DEFAULT NULL,
  `password` varchar(255) DEFAULT NULL
) ENGINE=InnoDB DEFAULT CHARSET=utf8mb4 COLLATE=utf8mb4_general_ci;

--
-- Dumping data untuk tabel `pelanggans`
--

INSERT INTO `pelanggans` (`id`, `document_id`, `nama`, `nomor_telepon`, `alamat`, `email`, `tanggal_register`, `status_member`, `created_at`, `updated_at`, `published_at`, `created_by_id`, `updated_by_id`, `locale`, `password`) VALUES
(1, 'wdwglxpxzz0291fxcit0suci', 'Rifky', '084536251325', 'Padalarang', 'arifinrifky326@gmail.com', '2025-05-17', 1, '2025-05-17 10:19:56.879000', '2025-06-16 14:03:37.815000', NULL, 1, 1, NULL, 'rifky456'),
(3, 'sqq0vev5fjvpdy4as1chtmtc', 'Kyla', '089715637654', 'Cimahi Selatan', 'kyla123@gmail.com', '2025-05-18', 0, '2025-05-18 16:02:53.033000', '2025-06-16 14:03:26.705000', NULL, 1, 1, NULL, 'kyla123'),
(5, 'sqq0vev5fjvpdy4as1chtmtc', 'Kyla', '089715637654', 'Cimahi Selatan', 'kyla123@gmail.com', '2025-05-18', 0, '2025-05-18 16:02:53.033000', '2025-06-16 14:03:26.705000', '2025-06-16 14:03:26.719000', 1, 1, NULL, 'kyla123'),
(6, 'wdwglxpxzz0291fxcit0suci', 'Rifky', '084536251325', 'Padalarang', 'arifinrifky326@gmail.com', '2025-05-17', 1, '2025-05-17 10:19:56.879000', '2025-06-16 14:03:37.815000', '2025-06-16 14:03:37.822000', 1, 1, NULL, 'rifky456'),
(7, 'iq5a90ypr83knwv9q397i2in', 'Kevin', '081556234123', 'JL. Letkol GA Manulang No 98', 'kevin321@gmail.com', '2025-06-16', 0, '2025-06-16 16:00:21.827000', '2025-06-17 19:07:22.706000', NULL, NULL, NULL, NULL, 'kevin321'),
(15, 'iq5a90ypr83knwv9q397i2in', 'Kevin', '081556234123', 'JL. Letkol GA Manulang No 98', 'kevin321@gmail.com', '2025-06-16', 0, '2025-06-16 16:00:21.827000', '2025-06-17 19:07:22.706000', '2025-06-17 19:07:22.778000', NULL, NULL, NULL, 'kevin321'),
(18, 'ok91d73l0lcc84he266ltmze', 'Gue', '084536251325', 'JL. Letkol GA Manulang No 98', 'rifkyarifin80@gmail.com', NULL, NULL, '2025-06-20 13:41:50.615000', '2025-06-20 13:41:50.615000', NULL, 1, 1, NULL, 'rifky123'),
(19, 'ok91d73l0lcc84he266ltmze', 'Gue', '084536251325', 'JL. Letkol GA Manulang No 98', 'rifkyarifin80@gmail.com', NULL, NULL, '2025-06-20 13:41:50.615000', '2025-06-20 13:41:50.615000', '2025-06-20 13:43:12.247000', 1, 1, NULL, 'rifky123');

-- --------------------------------------------------------

--
-- Struktur dari tabel `promos`
--

CREATE TABLE `promos` (
  `id` int(10) UNSIGNED NOT NULL,
  `document_id` varchar(255) DEFAULT NULL,
  `title` varchar(255) DEFAULT NULL,
  `description` longtext DEFAULT NULL,
  `created_at` datetime(6) DEFAULT NULL,
  `updated_at` datetime(6) DEFAULT NULL,
  `published_at` datetime(6) DEFAULT NULL,
  `created_by_id` int(10) UNSIGNED DEFAULT NULL,
  `updated_by_id` int(10) UNSIGNED DEFAULT NULL,
  `locale` varchar(255) DEFAULT NULL
) ENGINE=InnoDB DEFAULT CHARSET=utf8mb4 COLLATE=utf8mb4_general_ci;

--
-- Dumping data untuk tabel `promos`
--

INSERT INTO `promos` (`id`, `document_id`, `title`, `description`, `created_at`, `updated_at`, `published_at`, `created_by_id`, `updated_by_id`, `locale`) VALUES
(1, 'yl3cz1nvofzuufmbbqjhhmoy', 'Paket Bulanan, Kiloan dan Satuan', 'Sekarang paket bulanan mulai dari 200K/Bulan, gratis antar jemput di wilayah cimahi dan kuota sampai 20 Kg', '2025-05-21 15:06:34.478000', '2025-05-21 15:06:35.957000', NULL, 1, 1, NULL),
(2, 'yl3cz1nvofzuufmbbqjhhmoy', 'Paket Bulanan, Kiloan dan Satuan', 'Sekarang paket bulanan mulai dari 200K/Bulan, gratis antar jemput di wilayah cimahi dan kuota sampai 20 Kg', '2025-05-21 15:06:34.478000', '2025-05-21 15:06:35.957000', '2025-05-21 15:06:36.046000', 1, 1, NULL);

-- --------------------------------------------------------

--
-- Struktur dari tabel `strapi_api_tokens`
--

CREATE TABLE `strapi_api_tokens` (
  `id` int(10) UNSIGNED NOT NULL,
  `document_id` varchar(255) DEFAULT NULL,
  `name` varchar(255) DEFAULT NULL,
  `description` varchar(255) DEFAULT NULL,
  `type` varchar(255) DEFAULT NULL,
  `access_key` varchar(255) DEFAULT NULL,
  `encrypted_key` longtext DEFAULT NULL,
  `last_used_at` datetime(6) DEFAULT NULL,
  `expires_at` datetime(6) DEFAULT NULL,
  `lifespan` bigint(20) DEFAULT NULL,
  `created_at` datetime(6) DEFAULT NULL,
  `updated_at` datetime(6) DEFAULT NULL,
  `published_at` datetime(6) DEFAULT NULL,
  `created_by_id` int(10) UNSIGNED DEFAULT NULL,
  `updated_by_id` int(10) UNSIGNED DEFAULT NULL,
  `locale` varchar(255) DEFAULT NULL
) ENGINE=InnoDB DEFAULT CHARSET=utf8mb4 COLLATE=utf8mb4_general_ci;

--
-- Dumping data untuk tabel `strapi_api_tokens`
--

INSERT INTO `strapi_api_tokens` (`id`, `document_id`, `name`, `description`, `type`, `access_key`, `encrypted_key`, `last_used_at`, `expires_at`, `lifespan`, `created_at`, `updated_at`, `published_at`, `created_by_id`, `updated_by_id`, `locale`) VALUES
(1, 'ueeff23al6a0abex9diuzylz', 'Read Only', 'A default API token with read-only permissions, only used for accessing resources', 'read-only', 'f2a780a73fbba09895608da7068b2487c32feae81ca37681b425dbcf88a6bbbc91a619662e8d1fbfc5f7ea3bb9cc747cfd80481113490d635ba89c9280cc0ce9', 'v1:2b2a016fe7bbe7abfe2377bee0411e8e:aa40d6f936f87dc64ae9bada798f7a3b0c82c015418ea27d8b28885b1161ac1e0ca20c734244ee50476ef9f0f699425b73b0f25528ff36238378174627668f028aac456770967b0e07c4e1ca515b610bed68e9355a9969a156b2dd269e53b040f6aaf7b0669b985f06755a0c2e16c59dba1322c95e3fd96dcaee872163921bff847e7b55506cfa8707210364a804add62cef091cb61b00945b238a29354a4b510d15a2a239da185ab45fddc55c90d053e2f4f0b03387dc7378e7c2c24e576b509e89907d5f872cd0bc13323cba3a13587928dd9f36cf3b0a7bf83ccce03ce299b3a8680d9d7c1b3e3225872900236aaa071660dba1d62fbd1f6556dc0877777d:7d885c79c782429ca2095bce75c084cb', NULL, NULL, NULL, '2025-05-16 16:53:30.885000', '2025-05-16 16:53:30.885000', '2025-05-16 16:53:30.885000', NULL, NULL, NULL),
(2, 'qtvffbcqpb8uwgc6a23n3xrg', 'Full Access', 'A default API token with full access permissions, used for accessing or modifying resources', 'full-access', 'fcdd751b59b224bfabcda7ff2471437d9ecb73d6fefb3fab34adc4a357a20c5477139a19de045d69ce1378848b13c6902c29df2bce0aedf376fa66c443ef7a85', 'v1:3966a6ec1135661eccf17b1c4e924f26:578b5c7f58231ad2d97f4b27a51e47a904c4f97c69cde291d773bbf4ed4dcd33752ce67bb6519b8c09f96cc344f832347e0d4f287c91bfc36c7c5be12d22d82392544d09a3291ee0ffc625c5a1e11f05ac9752814468fa8788a2e42a7f864dcc70cacbb875862f5aaf74b8cba6c2a2892455496d49b6d63ee5655f1296a8620ce1e937d17bf9d79cf58f8eb70f14c0de4a48e4f908409e06efedd836bd4fd0f414b9c5b03f3f8a378786d4f2ebc2ef8fe2caa57bdcf29361aa88729eb3eb9925e0094ef4e71b53a6153fc7ea62268e4753e0c622ec8f609f5f6e93844ff563827216eed44d5a1d08ec9736659698587ff8c4e3cb5ecb58c0090be1e3b1798ff0:a92858e495ada0f4bd06d0c2721e1a58', NULL, NULL, NULL, '2025-05-16 16:53:30.903000', '2025-05-16 16:53:30.903000', '2025-05-16 16:53:30.903000', NULL, NULL, NULL);

-- --------------------------------------------------------

--
-- Struktur dari tabel `strapi_api_token_permissions`
--

CREATE TABLE `strapi_api_token_permissions` (
  `id` int(10) UNSIGNED NOT NULL,
  `document_id` varchar(255) DEFAULT NULL,
  `action` varchar(255) DEFAULT NULL,
  `created_at` datetime(6) DEFAULT NULL,
  `updated_at` datetime(6) DEFAULT NULL,
  `published_at` datetime(6) DEFAULT NULL,
  `created_by_id` int(10) UNSIGNED DEFAULT NULL,
  `updated_by_id` int(10) UNSIGNED DEFAULT NULL,
  `locale` varchar(255) DEFAULT NULL
) ENGINE=InnoDB DEFAULT CHARSET=utf8mb4 COLLATE=utf8mb4_general_ci;

-- --------------------------------------------------------

--
-- Struktur dari tabel `strapi_api_token_permissions_token_lnk`
--

CREATE TABLE `strapi_api_token_permissions_token_lnk` (
  `id` int(10) UNSIGNED NOT NULL,
  `api_token_permission_id` int(10) UNSIGNED DEFAULT NULL,
  `api_token_id` int(10) UNSIGNED DEFAULT NULL,
  `api_token_permission_ord` double UNSIGNED DEFAULT NULL
) ENGINE=InnoDB DEFAULT CHARSET=utf8mb4 COLLATE=utf8mb4_general_ci;

-- --------------------------------------------------------

--
-- Struktur dari tabel `strapi_core_store_settings`
--

CREATE TABLE `strapi_core_store_settings` (
  `id` int(10) UNSIGNED NOT NULL,
  `key` varchar(255) DEFAULT NULL,
  `value` longtext DEFAULT NULL,
  `type` varchar(255) DEFAULT NULL,
  `environment` varchar(255) DEFAULT NULL,
  `tag` varchar(255) DEFAULT NULL
) ENGINE=InnoDB DEFAULT CHARSET=utf8mb4 COLLATE=utf8mb4_general_ci;

--
-- Dumping data untuk tabel `strapi_core_store_settings`
--

INSERT INTO `strapi_core_store_settings` (`id`, `key`, `value`, `type`, `environment`, `tag`) VALUES
(1, 'strapi_content_types_schema', '{\"plugin::upload.file\":{\"collectionName\":\"files\",\"info\":{\"singularName\":\"file\",\"pluralName\":\"files\",\"displayName\":\"File\",\"description\":\"\"},\"options\":{\"draftAndPublish\":false},\"pluginOptions\":{\"content-manager\":{\"visible\":false},\"content-type-builder\":{\"visible\":false}},\"attributes\":{\"name\":{\"type\":\"string\",\"configurable\":false,\"required\":true},\"alternativeText\":{\"type\":\"string\",\"configurable\":false},\"caption\":{\"type\":\"string\",\"configurable\":false},\"width\":{\"type\":\"integer\",\"configurable\":false},\"height\":{\"type\":\"integer\",\"configurable\":false},\"formats\":{\"type\":\"json\",\"configurable\":false},\"hash\":{\"type\":\"string\",\"configurable\":false,\"required\":true},\"ext\":{\"type\":\"string\",\"configurable\":false},\"mime\":{\"type\":\"string\",\"configurable\":false,\"required\":true},\"size\":{\"type\":\"decimal\",\"configurable\":false,\"required\":true},\"url\":{\"type\":\"string\",\"configurable\":false,\"required\":true},\"previewUrl\":{\"type\":\"string\",\"configurable\":false},\"provider\":{\"type\":\"string\",\"configurable\":false,\"required\":true},\"provider_metadata\":{\"type\":\"json\",\"configurable\":false},\"related\":{\"type\":\"relation\",\"relation\":\"morphToMany\",\"configurable\":false},\"folder\":{\"type\":\"relation\",\"relation\":\"manyToOne\",\"target\":\"plugin::upload.folder\",\"inversedBy\":\"files\",\"private\":true},\"folderPath\":{\"type\":\"string\",\"minLength\":1,\"required\":true,\"private\":true,\"searchable\":false},\"createdAt\":{\"type\":\"datetime\"},\"updatedAt\":{\"type\":\"datetime\"},\"publishedAt\":{\"type\":\"datetime\",\"configurable\":false,\"writable\":true,\"visible\":false},\"createdBy\":{\"type\":\"relation\",\"relation\":\"oneToOne\",\"target\":\"admin::user\",\"configurable\":false,\"writable\":false,\"visible\":false,\"useJoinTable\":false,\"private\":true},\"updatedBy\":{\"type\":\"relation\",\"relation\":\"oneToOne\",\"target\":\"admin::user\",\"configurable\":false,\"writable\":false,\"visible\":false,\"useJoinTable\":false,\"private\":true},\"locale\":{\"writable\":true,\"private\":true,\"configurable\":false,\"visible\":false,\"type\":\"string\"},\"localizations\":{\"type\":\"relation\",\"relation\":\"oneToMany\",\"target\":\"plugin::upload.file\",\"writable\":false,\"private\":true,\"configurable\":false,\"visible\":false,\"unstable_virtual\":true,\"joinColumn\":{\"name\":\"document_id\",\"referencedColumn\":\"document_id\",\"referencedTable\":\"files\"}}},\"indexes\":[{\"name\":\"upload_files_folder_path_index\",\"columns\":[\"folder_path\"],\"type\":null},{\"name\":\"upload_files_created_at_index\",\"columns\":[\"created_at\"],\"type\":null},{\"name\":\"upload_files_updated_at_index\",\"columns\":[\"updated_at\"],\"type\":null},{\"name\":\"upload_files_name_index\",\"columns\":[\"name\"],\"type\":null},{\"name\":\"upload_files_size_index\",\"columns\":[\"size\"],\"type\":null},{\"name\":\"upload_files_ext_index\",\"columns\":[\"ext\"],\"type\":null}],\"plugin\":\"upload\",\"globalId\":\"UploadFile\",\"uid\":\"plugin::upload.file\",\"modelType\":\"contentType\",\"kind\":\"collectionType\",\"__schema__\":{\"collectionName\":\"files\",\"info\":{\"singularName\":\"file\",\"pluralName\":\"files\",\"displayName\":\"File\",\"description\":\"\"},\"options\":{},\"pluginOptions\":{\"content-manager\":{\"visible\":false},\"content-type-builder\":{\"visible\":false}},\"attributes\":{\"name\":{\"type\":\"string\",\"configurable\":false,\"required\":true},\"alternativeText\":{\"type\":\"string\",\"configurable\":false},\"caption\":{\"type\":\"string\",\"configurable\":false},\"width\":{\"type\":\"integer\",\"configurable\":false},\"height\":{\"type\":\"integer\",\"configurable\":false},\"formats\":{\"type\":\"json\",\"configurable\":false},\"hash\":{\"type\":\"string\",\"configurable\":false,\"required\":true},\"ext\":{\"type\":\"string\",\"configurable\":false},\"mime\":{\"type\":\"string\",\"configurable\":false,\"required\":true},\"size\":{\"type\":\"decimal\",\"configurable\":false,\"required\":true},\"url\":{\"type\":\"string\",\"configurable\":false,\"required\":true},\"previewUrl\":{\"type\":\"string\",\"configurable\":false},\"provider\":{\"type\":\"string\",\"configurable\":false,\"required\":true},\"provider_metadata\":{\"type\":\"json\",\"configurable\":false},\"related\":{\"type\":\"relation\",\"relation\":\"morphToMany\",\"configurable\":false},\"folder\":{\"type\":\"relation\",\"relation\":\"manyToOne\",\"target\":\"plugin::upload.folder\",\"inversedBy\":\"files\",\"private\":true},\"folderPath\":{\"type\":\"string\",\"minLength\":1,\"required\":true,\"private\":true,\"searchable\":false}},\"kind\":\"collectionType\"},\"modelName\":\"file\"},\"plugin::upload.folder\":{\"collectionName\":\"upload_folders\",\"info\":{\"singularName\":\"folder\",\"pluralName\":\"folders\",\"displayName\":\"Folder\"},\"options\":{\"draftAndPublish\":false},\"pluginOptions\":{\"content-manager\":{\"visible\":false},\"content-type-builder\":{\"visible\":false}},\"attributes\":{\"name\":{\"type\":\"string\",\"minLength\":1,\"required\":true},\"pathId\":{\"type\":\"integer\",\"unique\":true,\"required\":true},\"parent\":{\"type\":\"relation\",\"relation\":\"manyToOne\",\"target\":\"plugin::upload.folder\",\"inversedBy\":\"children\"},\"children\":{\"type\":\"relation\",\"relation\":\"oneToMany\",\"target\":\"plugin::upload.folder\",\"mappedBy\":\"parent\"},\"files\":{\"type\":\"relation\",\"relation\":\"oneToMany\",\"target\":\"plugin::upload.file\",\"mappedBy\":\"folder\"},\"path\":{\"type\":\"string\",\"minLength\":1,\"required\":true},\"createdAt\":{\"type\":\"datetime\"},\"updatedAt\":{\"type\":\"datetime\"},\"publishedAt\":{\"type\":\"datetime\",\"configurable\":false,\"writable\":true,\"visible\":false},\"createdBy\":{\"type\":\"relation\",\"relation\":\"oneToOne\",\"target\":\"admin::user\",\"configurable\":false,\"writable\":false,\"visible\":false,\"useJoinTable\":false,\"private\":true},\"updatedBy\":{\"type\":\"relation\",\"relation\":\"oneToOne\",\"target\":\"admin::user\",\"configurable\":false,\"writable\":false,\"visible\":false,\"useJoinTable\":false,\"private\":true},\"locale\":{\"writable\":true,\"private\":true,\"configurable\":false,\"visible\":false,\"type\":\"string\"},\"localizations\":{\"type\":\"relation\",\"relation\":\"oneToMany\",\"target\":\"plugin::upload.folder\",\"writable\":false,\"private\":true,\"configurable\":false,\"visible\":false,\"unstable_virtual\":true,\"joinColumn\":{\"name\":\"document_id\",\"referencedColumn\":\"document_id\",\"referencedTable\":\"upload_folders\"}}},\"indexes\":[{\"name\":\"upload_folders_path_id_index\",\"columns\":[\"path_id\"],\"type\":\"unique\"},{\"name\":\"upload_folders_path_index\",\"columns\":[\"path\"],\"type\":\"unique\"}],\"plugin\":\"upload\",\"globalId\":\"UploadFolder\",\"uid\":\"plugin::upload.folder\",\"modelType\":\"contentType\",\"kind\":\"collectionType\",\"__schema__\":{\"collectionName\":\"upload_folders\",\"info\":{\"singularName\":\"folder\",\"pluralName\":\"folders\",\"displayName\":\"Folder\"},\"options\":{},\"pluginOptions\":{\"content-manager\":{\"visible\":false},\"content-type-builder\":{\"visible\":false}},\"attributes\":{\"name\":{\"type\":\"string\",\"minLength\":1,\"required\":true},\"pathId\":{\"type\":\"integer\",\"unique\":true,\"required\":true},\"parent\":{\"type\":\"relation\",\"relation\":\"manyToOne\",\"target\":\"plugin::upload.folder\",\"inversedBy\":\"children\"},\"children\":{\"type\":\"relation\",\"relation\":\"oneToMany\",\"target\":\"plugin::upload.folder\",\"mappedBy\":\"parent\"},\"files\":{\"type\":\"relation\",\"relation\":\"oneToMany\",\"target\":\"plugin::upload.file\",\"mappedBy\":\"folder\"},\"path\":{\"type\":\"string\",\"minLength\":1,\"required\":true}},\"kind\":\"collectionType\"},\"modelName\":\"folder\"},\"plugin::i18n.locale\":{\"info\":{\"singularName\":\"locale\",\"pluralName\":\"locales\",\"collectionName\":\"locales\",\"displayName\":\"Locale\",\"description\":\"\"},\"options\":{\"draftAndPublish\":false},\"pluginOptions\":{\"content-manager\":{\"visible\":false},\"content-type-builder\":{\"visible\":false}},\"attributes\":{\"name\":{\"type\":\"string\",\"min\":1,\"max\":50,\"configurable\":false},\"code\":{\"type\":\"string\",\"unique\":true,\"configurable\":false},\"createdAt\":{\"type\":\"datetime\"},\"updatedAt\":{\"type\":\"datetime\"},\"publishedAt\":{\"type\":\"datetime\",\"configurable\":false,\"writable\":true,\"visible\":false},\"createdBy\":{\"type\":\"relation\",\"relation\":\"oneToOne\",\"target\":\"admin::user\",\"configurable\":false,\"writable\":false,\"visible\":false,\"useJoinTable\":false,\"private\":true},\"updatedBy\":{\"type\":\"relation\",\"relation\":\"oneToOne\",\"target\":\"admin::user\",\"configurable\":false,\"writable\":false,\"visible\":false,\"useJoinTable\":false,\"private\":true},\"locale\":{\"writable\":true,\"private\":true,\"configurable\":false,\"visible\":false,\"type\":\"string\"},\"localizations\":{\"type\":\"relation\",\"relation\":\"oneToMany\",\"target\":\"plugin::i18n.locale\",\"writable\":false,\"private\":true,\"configurable\":false,\"visible\":false,\"unstable_virtual\":true,\"joinColumn\":{\"name\":\"document_id\",\"referencedColumn\":\"document_id\",\"referencedTable\":\"i18n_locale\"}}},\"plugin\":\"i18n\",\"collectionName\":\"i18n_locale\",\"globalId\":\"I18NLocale\",\"uid\":\"plugin::i18n.locale\",\"modelType\":\"contentType\",\"kind\":\"collectionType\",\"__schema__\":{\"collectionName\":\"i18n_locale\",\"info\":{\"singularName\":\"locale\",\"pluralName\":\"locales\",\"collectionName\":\"locales\",\"displayName\":\"Locale\",\"description\":\"\"},\"options\":{},\"pluginOptions\":{\"content-manager\":{\"visible\":false},\"content-type-builder\":{\"visible\":false}},\"attributes\":{\"name\":{\"type\":\"string\",\"min\":1,\"max\":50,\"configurable\":false},\"code\":{\"type\":\"string\",\"unique\":true,\"configurable\":false}},\"kind\":\"collectionType\"},\"modelName\":\"locale\"},\"plugin::content-releases.release\":{\"collectionName\":\"strapi_releases\",\"info\":{\"singularName\":\"release\",\"pluralName\":\"releases\",\"displayName\":\"Release\"},\"options\":{\"draftAndPublish\":false},\"pluginOptions\":{\"content-manager\":{\"visible\":false},\"content-type-builder\":{\"visible\":false}},\"attributes\":{\"name\":{\"type\":\"string\",\"required\":true},\"releasedAt\":{\"type\":\"datetime\"},\"scheduledAt\":{\"type\":\"datetime\"},\"timezone\":{\"type\":\"string\"},\"status\":{\"type\":\"enumeration\",\"enum\":[\"ready\",\"blocked\",\"failed\",\"done\",\"empty\"],\"required\":true},\"actions\":{\"type\":\"relation\",\"relation\":\"oneToMany\",\"target\":\"plugin::content-releases.release-action\",\"mappedBy\":\"release\"},\"createdAt\":{\"type\":\"datetime\"},\"updatedAt\":{\"type\":\"datetime\"},\"publishedAt\":{\"type\":\"datetime\",\"configurable\":false,\"writable\":true,\"visible\":false},\"createdBy\":{\"type\":\"relation\",\"relation\":\"oneToOne\",\"target\":\"admin::user\",\"configurable\":false,\"writable\":false,\"visible\":false,\"useJoinTable\":false,\"private\":true},\"updatedBy\":{\"type\":\"relation\",\"relation\":\"oneToOne\",\"target\":\"admin::user\",\"configurable\":false,\"writable\":false,\"visible\":false,\"useJoinTable\":false,\"private\":true},\"locale\":{\"writable\":true,\"private\":true,\"configurable\":false,\"visible\":false,\"type\":\"string\"},\"localizations\":{\"type\":\"relation\",\"relation\":\"oneToMany\",\"target\":\"plugin::content-releases.release\",\"writable\":false,\"private\":true,\"configurable\":false,\"visible\":false,\"unstable_virtual\":true,\"joinColumn\":{\"name\":\"document_id\",\"referencedColumn\":\"document_id\",\"referencedTable\":\"strapi_releases\"}}},\"plugin\":\"content-releases\",\"globalId\":\"ContentReleasesRelease\",\"uid\":\"plugin::content-releases.release\",\"modelType\":\"contentType\",\"kind\":\"collectionType\",\"__schema__\":{\"collectionName\":\"strapi_releases\",\"info\":{\"singularName\":\"release\",\"pluralName\":\"releases\",\"displayName\":\"Release\"},\"options\":{\"draftAndPublish\":false},\"pluginOptions\":{\"content-manager\":{\"visible\":false},\"content-type-builder\":{\"visible\":false}},\"attributes\":{\"name\":{\"type\":\"string\",\"required\":true},\"releasedAt\":{\"type\":\"datetime\"},\"scheduledAt\":{\"type\":\"datetime\"},\"timezone\":{\"type\":\"string\"},\"status\":{\"type\":\"enumeration\",\"enum\":[\"ready\",\"blocked\",\"failed\",\"done\",\"empty\"],\"required\":true},\"actions\":{\"type\":\"relation\",\"relation\":\"oneToMany\",\"target\":\"plugin::content-releases.release-action\",\"mappedBy\":\"release\"}},\"kind\":\"collectionType\"},\"modelName\":\"release\"},\"plugin::content-releases.release-action\":{\"collectionName\":\"strapi_release_actions\",\"info\":{\"singularName\":\"release-action\",\"pluralName\":\"release-actions\",\"displayName\":\"Release Action\"},\"options\":{\"draftAndPublish\":false},\"pluginOptions\":{\"content-manager\":{\"visible\":false},\"content-type-builder\":{\"visible\":false}},\"attributes\":{\"type\":{\"type\":\"enumeration\",\"enum\":[\"publish\",\"unpublish\"],\"required\":true},\"contentType\":{\"type\":\"string\",\"required\":true},\"entryDocumentId\":{\"type\":\"string\"},\"locale\":{\"writable\":true,\"private\":true,\"configurable\":false,\"visible\":false,\"type\":\"string\"},\"release\":{\"type\":\"relation\",\"relation\":\"manyToOne\",\"target\":\"plugin::content-releases.release\",\"inversedBy\":\"actions\"},\"isEntryValid\":{\"type\":\"boolean\"},\"createdAt\":{\"type\":\"datetime\"},\"updatedAt\":{\"type\":\"datetime\"},\"publishedAt\":{\"type\":\"datetime\",\"configurable\":false,\"writable\":true,\"visible\":false},\"createdBy\":{\"type\":\"relation\",\"relation\":\"oneToOne\",\"target\":\"admin::user\",\"configurable\":false,\"writable\":false,\"visible\":false,\"useJoinTable\":false,\"private\":true},\"updatedBy\":{\"type\":\"relation\",\"relation\":\"oneToOne\",\"target\":\"admin::user\",\"configurable\":false,\"writable\":false,\"visible\":false,\"useJoinTable\":false,\"private\":true},\"localizations\":{\"type\":\"relation\",\"relation\":\"oneToMany\",\"target\":\"plugin::content-releases.release-action\",\"writable\":false,\"private\":true,\"configurable\":false,\"visible\":false,\"unstable_virtual\":true,\"joinColumn\":{\"name\":\"document_id\",\"referencedColumn\":\"document_id\",\"referencedTable\":\"strapi_release_actions\"}}},\"plugin\":\"content-releases\",\"globalId\":\"ContentReleasesReleaseAction\",\"uid\":\"plugin::content-releases.release-action\",\"modelType\":\"contentType\",\"kind\":\"collectionType\",\"__schema__\":{\"collectionName\":\"strapi_release_actions\",\"info\":{\"singularName\":\"release-action\",\"pluralName\":\"release-actions\",\"displayName\":\"Release Action\"},\"options\":{\"draftAndPublish\":false},\"pluginOptions\":{\"content-manager\":{\"visible\":false},\"content-type-builder\":{\"visible\":false}},\"attributes\":{\"type\":{\"type\":\"enumeration\",\"enum\":[\"publish\",\"unpublish\"],\"required\":true},\"contentType\":{\"type\":\"string\",\"required\":true},\"entryDocumentId\":{\"type\":\"string\"},\"locale\":{\"type\":\"string\"},\"release\":{\"type\":\"relation\",\"relation\":\"manyToOne\",\"target\":\"plugin::content-releases.release\",\"inversedBy\":\"actions\"},\"isEntryValid\":{\"type\":\"boolean\"}},\"kind\":\"collectionType\"},\"modelName\":\"release-action\"},\"plugin::review-workflows.workflow\":{\"collectionName\":\"strapi_workflows\",\"info\":{\"name\":\"Workflow\",\"description\":\"\",\"singularName\":\"workflow\",\"pluralName\":\"workflows\",\"displayName\":\"Workflow\"},\"options\":{\"draftAndPublish\":false},\"pluginOptions\":{\"content-manager\":{\"visible\":false},\"content-type-builder\":{\"visible\":false}},\"attributes\":{\"name\":{\"type\":\"string\",\"required\":true,\"unique\":true},\"stages\":{\"type\":\"relation\",\"target\":\"plugin::review-workflows.workflow-stage\",\"relation\":\"oneToMany\",\"mappedBy\":\"workflow\"},\"stageRequiredToPublish\":{\"type\":\"relation\",\"target\":\"plugin::review-workflows.workflow-stage\",\"relation\":\"oneToOne\",\"required\":false},\"contentTypes\":{\"type\":\"json\",\"required\":true,\"default\":\"[]\"},\"createdAt\":{\"type\":\"datetime\"},\"updatedAt\":{\"type\":\"datetime\"},\"publishedAt\":{\"type\":\"datetime\",\"configurable\":false,\"writable\":true,\"visible\":false},\"createdBy\":{\"type\":\"relation\",\"relation\":\"oneToOne\",\"target\":\"admin::user\",\"configurable\":false,\"writable\":false,\"visible\":false,\"useJoinTable\":false,\"private\":true},\"updatedBy\":{\"type\":\"relation\",\"relation\":\"oneToOne\",\"target\":\"admin::user\",\"configurable\":false,\"writable\":false,\"visible\":false,\"useJoinTable\":false,\"private\":true},\"locale\":{\"writable\":true,\"private\":true,\"configurable\":false,\"visible\":false,\"type\":\"string\"},\"localizations\":{\"type\":\"relation\",\"relation\":\"oneToMany\",\"target\":\"plugin::review-workflows.workflow\",\"writable\":false,\"private\":true,\"configurable\":false,\"visible\":false,\"unstable_virtual\":true,\"joinColumn\":{\"name\":\"document_id\",\"referencedColumn\":\"document_id\",\"referencedTable\":\"strapi_workflows\"}}},\"plugin\":\"review-workflows\",\"globalId\":\"ReviewWorkflowsWorkflow\",\"uid\":\"plugin::review-workflows.workflow\",\"modelType\":\"contentType\",\"kind\":\"collectionType\",\"__schema__\":{\"collectionName\":\"strapi_workflows\",\"info\":{\"name\":\"Workflow\",\"description\":\"\",\"singularName\":\"workflow\",\"pluralName\":\"workflows\",\"displayName\":\"Workflow\"},\"options\":{},\"pluginOptions\":{\"content-manager\":{\"visible\":false},\"content-type-builder\":{\"visible\":false}},\"attributes\":{\"name\":{\"type\":\"string\",\"required\":true,\"unique\":true},\"stages\":{\"type\":\"relation\",\"target\":\"plugin::review-workflows.workflow-stage\",\"relation\":\"oneToMany\",\"mappedBy\":\"workflow\"},\"stageRequiredToPublish\":{\"type\":\"relation\",\"target\":\"plugin::review-workflows.workflow-stage\",\"relation\":\"oneToOne\",\"required\":false},\"contentTypes\":{\"type\":\"json\",\"required\":true,\"default\":\"[]\"}},\"kind\":\"collectionType\"},\"modelName\":\"workflow\"},\"plugin::review-workflows.workflow-stage\":{\"collectionName\":\"strapi_workflows_stages\",\"info\":{\"name\":\"Workflow Stage\",\"description\":\"\",\"singularName\":\"workflow-stage\",\"pluralName\":\"workflow-stages\",\"displayName\":\"Stages\"},\"options\":{\"version\":\"1.1.0\",\"draftAndPublish\":false},\"pluginOptions\":{\"content-manager\":{\"visible\":false},\"content-type-builder\":{\"visible\":false}},\"attributes\":{\"name\":{\"type\":\"string\",\"configurable\":false},\"color\":{\"type\":\"string\",\"configurable\":false,\"default\":\"#4945FF\"},\"workflow\":{\"type\":\"relation\",\"target\":\"plugin::review-workflows.workflow\",\"relation\":\"manyToOne\",\"inversedBy\":\"stages\",\"configurable\":false},\"permissions\":{\"type\":\"relation\",\"target\":\"admin::permission\",\"relation\":\"manyToMany\",\"configurable\":false},\"createdAt\":{\"type\":\"datetime\"},\"updatedAt\":{\"type\":\"datetime\"},\"publishedAt\":{\"type\":\"datetime\",\"configurable\":false,\"writable\":true,\"visible\":false},\"createdBy\":{\"type\":\"relation\",\"relation\":\"oneToOne\",\"target\":\"admin::user\",\"configurable\":false,\"writable\":false,\"visible\":false,\"useJoinTable\":false,\"private\":true},\"updatedBy\":{\"type\":\"relation\",\"relation\":\"oneToOne\",\"target\":\"admin::user\",\"configurable\":false,\"writable\":false,\"visible\":false,\"useJoinTable\":false,\"private\":true},\"locale\":{\"writable\":true,\"private\":true,\"configurable\":false,\"visible\":false,\"type\":\"string\"},\"localizations\":{\"type\":\"relation\",\"relation\":\"oneToMany\",\"target\":\"plugin::review-workflows.workflow-stage\",\"writable\":false,\"private\":true,\"configurable\":false,\"visible\":false,\"unstable_virtual\":true,\"joinColumn\":{\"name\":\"document_id\",\"referencedColumn\":\"document_id\",\"referencedTable\":\"strapi_workflows_stages\"}}},\"plugin\":\"review-workflows\",\"globalId\":\"ReviewWorkflowsWorkflowStage\",\"uid\":\"plugin::review-workflows.workflow-stage\",\"modelType\":\"contentType\",\"kind\":\"collectionType\",\"__schema__\":{\"collectionName\":\"strapi_workflows_stages\",\"info\":{\"name\":\"Workflow Stage\",\"description\":\"\",\"singularName\":\"workflow-stage\",\"pluralName\":\"workflow-stages\",\"displayName\":\"Stages\"},\"options\":{\"version\":\"1.1.0\"},\"pluginOptions\":{\"content-manager\":{\"visible\":false},\"content-type-builder\":{\"visible\":false}},\"attributes\":{\"name\":{\"type\":\"string\",\"configurable\":false},\"color\":{\"type\":\"string\",\"configurable\":false,\"default\":\"#4945FF\"},\"workflow\":{\"type\":\"relation\",\"target\":\"plugin::review-workflows.workflow\",\"relation\":\"manyToOne\",\"inversedBy\":\"stages\",\"configurable\":false},\"permissions\":{\"type\":\"relation\",\"target\":\"admin::permission\",\"relation\":\"manyToMany\",\"configurable\":false}},\"kind\":\"collectionType\"},\"modelName\":\"workflow-stage\"},\"plugin::users-permissions.permission\":{\"collectionName\":\"up_permissions\",\"info\":{\"name\":\"permission\",\"description\":\"\",\"singularName\":\"permission\",\"pluralName\":\"permissions\",\"displayName\":\"Permission\"},\"pluginOptions\":{\"content-manager\":{\"visible\":false},\"content-type-builder\":{\"visible\":false}},\"attributes\":{\"action\":{\"type\":\"string\",\"required\":true,\"configurable\":false},\"role\":{\"type\":\"relation\",\"relation\":\"manyToOne\",\"target\":\"plugin::users-permissions.role\",\"inversedBy\":\"permissions\",\"configurable\":false},\"createdAt\":{\"type\":\"datetime\"},\"updatedAt\":{\"type\":\"datetime\"},\"publishedAt\":{\"type\":\"datetime\",\"configurable\":false,\"writable\":true,\"visible\":false},\"createdBy\":{\"type\":\"relation\",\"relation\":\"oneToOne\",\"target\":\"admin::user\",\"configurable\":false,\"writable\":false,\"visible\":false,\"useJoinTable\":false,\"private\":true},\"updatedBy\":{\"type\":\"relation\",\"relation\":\"oneToOne\",\"target\":\"admin::user\",\"configurable\":false,\"writable\":false,\"visible\":false,\"useJoinTable\":false,\"private\":true},\"locale\":{\"writable\":true,\"private\":true,\"configurable\":false,\"visible\":false,\"type\":\"string\"},\"localizations\":{\"type\":\"relation\",\"relation\":\"oneToMany\",\"target\":\"plugin::users-permissions.permission\",\"writable\":false,\"private\":true,\"configurable\":false,\"visible\":false,\"unstable_virtual\":true,\"joinColumn\":{\"name\":\"document_id\",\"referencedColumn\":\"document_id\",\"referencedTable\":\"up_permissions\"}}},\"plugin\":\"users-permissions\",\"globalId\":\"UsersPermissionsPermission\",\"uid\":\"plugin::users-permissions.permission\",\"modelType\":\"contentType\",\"kind\":\"collectionType\",\"__schema__\":{\"collectionName\":\"up_permissions\",\"info\":{\"name\":\"permission\",\"description\":\"\",\"singularName\":\"permission\",\"pluralName\":\"permissions\",\"displayName\":\"Permission\"},\"pluginOptions\":{\"content-manager\":{\"visible\":false},\"content-type-builder\":{\"visible\":false}},\"attributes\":{\"action\":{\"type\":\"string\",\"required\":true,\"configurable\":false},\"role\":{\"type\":\"relation\",\"relation\":\"manyToOne\",\"target\":\"plugin::users-permissions.role\",\"inversedBy\":\"permissions\",\"configurable\":false}},\"kind\":\"collectionType\"},\"modelName\":\"permission\",\"options\":{\"draftAndPublish\":false}},\"plugin::users-permissions.role\":{\"collectionName\":\"up_roles\",\"info\":{\"name\":\"role\",\"description\":\"\",\"singularName\":\"role\",\"pluralName\":\"roles\",\"displayName\":\"Role\"},\"pluginOptions\":{\"content-manager\":{\"visible\":false},\"content-type-builder\":{\"visible\":false}},\"attributes\":{\"name\":{\"type\":\"string\",\"minLength\":3,\"required\":true,\"configurable\":false},\"description\":{\"type\":\"string\",\"configurable\":false},\"type\":{\"type\":\"string\",\"unique\":true,\"configurable\":false},\"permissions\":{\"type\":\"relation\",\"relation\":\"oneToMany\",\"target\":\"plugin::users-permissions.permission\",\"mappedBy\":\"role\",\"configurable\":false},\"users\":{\"type\":\"relation\",\"relation\":\"oneToMany\",\"target\":\"plugin::users-permissions.user\",\"mappedBy\":\"role\",\"configurable\":false},\"createdAt\":{\"type\":\"datetime\"},\"updatedAt\":{\"type\":\"datetime\"},\"publishedAt\":{\"type\":\"datetime\",\"configurable\":false,\"writable\":true,\"visible\":false},\"createdBy\":{\"type\":\"relation\",\"relation\":\"oneToOne\",\"target\":\"admin::user\",\"configurable\":false,\"writable\":false,\"visible\":false,\"useJoinTable\":false,\"private\":true},\"updatedBy\":{\"type\":\"relation\",\"relation\":\"oneToOne\",\"target\":\"admin::user\",\"configurable\":false,\"writable\":false,\"visible\":false,\"useJoinTable\":false,\"private\":true},\"locale\":{\"writable\":true,\"private\":true,\"configurable\":false,\"visible\":false,\"type\":\"string\"},\"localizations\":{\"type\":\"relation\",\"relation\":\"oneToMany\",\"target\":\"plugin::users-permissions.role\",\"writable\":false,\"private\":true,\"configurable\":false,\"visible\":false,\"unstable_virtual\":true,\"joinColumn\":{\"name\":\"document_id\",\"referencedColumn\":\"document_id\",\"referencedTable\":\"up_roles\"}}},\"plugin\":\"users-permissions\",\"globalId\":\"UsersPermissionsRole\",\"uid\":\"plugin::users-permissions.role\",\"modelType\":\"contentType\",\"kind\":\"collectionType\",\"__schema__\":{\"collectionName\":\"up_roles\",\"info\":{\"name\":\"role\",\"description\":\"\",\"singularName\":\"role\",\"pluralName\":\"roles\",\"displayName\":\"Role\"},\"pluginOptions\":{\"content-manager\":{\"visible\":false},\"content-type-builder\":{\"visible\":false}},\"attributes\":{\"name\":{\"type\":\"string\",\"minLength\":3,\"required\":true,\"configurable\":false},\"description\":{\"type\":\"string\",\"configurable\":false},\"type\":{\"type\":\"string\",\"unique\":true,\"configurable\":false},\"permissions\":{\"type\":\"relation\",\"relation\":\"oneToMany\",\"target\":\"plugin::users-permissions.permission\",\"mappedBy\":\"role\",\"configurable\":false},\"users\":{\"type\":\"relation\",\"relation\":\"oneToMany\",\"target\":\"plugin::users-permissions.user\",\"mappedBy\":\"role\",\"configurable\":false}},\"kind\":\"collectionType\"},\"modelName\":\"role\",\"options\":{\"draftAndPublish\":false}},\"plugin::users-permissions.user\":{\"collectionName\":\"up_users\",\"info\":{\"name\":\"user\",\"description\":\"\",\"singularName\":\"user\",\"pluralName\":\"users\",\"displayName\":\"User\"},\"options\":{\"timestamps\":true,\"draftAndPublish\":false},\"attributes\":{\"username\":{\"type\":\"string\",\"minLength\":3,\"unique\":true,\"configurable\":false,\"required\":true},\"email\":{\"type\":\"email\",\"minLength\":6,\"configurable\":false,\"required\":true},\"provider\":{\"type\":\"string\",\"configurable\":false},\"password\":{\"type\":\"password\",\"minLength\":6,\"configurable\":false,\"private\":true,\"searchable\":false},\"resetPasswordToken\":{\"type\":\"string\",\"configurable\":false,\"private\":true,\"searchable\":false},\"confirmationToken\":{\"type\":\"string\",\"configurable\":false,\"private\":true,\"searchable\":false},\"confirmed\":{\"type\":\"boolean\",\"default\":false,\"configurable\":false},\"blocked\":{\"type\":\"boolean\",\"default\":false,\"configurable\":false},\"role\":{\"type\":\"relation\",\"relation\":\"manyToOne\",\"target\":\"plugin::users-permissions.role\",\"inversedBy\":\"users\",\"configurable\":false},\"createdAt\":{\"type\":\"datetime\"},\"updatedAt\":{\"type\":\"datetime\"},\"publishedAt\":{\"type\":\"datetime\",\"configurable\":false,\"writable\":true,\"visible\":false},\"createdBy\":{\"type\":\"relation\",\"relation\":\"oneToOne\",\"target\":\"admin::user\",\"configurable\":false,\"writable\":false,\"visible\":false,\"useJoinTable\":false,\"private\":true},\"updatedBy\":{\"type\":\"relation\",\"relation\":\"oneToOne\",\"target\":\"admin::user\",\"configurable\":false,\"writable\":false,\"visible\":false,\"useJoinTable\":false,\"private\":true},\"locale\":{\"writable\":true,\"private\":true,\"configurable\":false,\"visible\":false,\"type\":\"string\"},\"localizations\":{\"type\":\"relation\",\"relation\":\"oneToMany\",\"target\":\"plugin::users-permissions.user\",\"writable\":false,\"private\":true,\"configurable\":false,\"visible\":false,\"unstable_virtual\":true,\"joinColumn\":{\"name\":\"document_id\",\"referencedColumn\":\"document_id\",\"referencedTable\":\"up_users\"}}},\"config\":{\"attributes\":{\"resetPasswordToken\":{\"hidden\":true},\"confirmationToken\":{\"hidden\":true},\"provider\":{\"hidden\":true}}},\"plugin\":\"users-permissions\",\"globalId\":\"UsersPermissionsUser\",\"uid\":\"plugin::users-permissions.user\",\"modelType\":\"contentType\",\"kind\":\"collectionType\",\"__schema__\":{\"collectionName\":\"up_users\",\"info\":{\"name\":\"user\",\"description\":\"\",\"singularName\":\"user\",\"pluralName\":\"users\",\"displayName\":\"User\"},\"options\":{\"timestamps\":true},\"attributes\":{\"username\":{\"type\":\"string\",\"minLength\":3,\"unique\":true,\"configurable\":false,\"required\":true},\"email\":{\"type\":\"email\",\"minLength\":6,\"configurable\":false,\"required\":true},\"provider\":{\"type\":\"string\",\"configurable\":false},\"password\":{\"type\":\"password\",\"minLength\":6,\"configurable\":false,\"private\":true,\"searchable\":false},\"resetPasswordToken\":{\"type\":\"string\",\"configurable\":false,\"private\":true,\"searchable\":false},\"confirmationToken\":{\"type\":\"string\",\"configurable\":false,\"private\":true,\"searchable\":false},\"confirmed\":{\"type\":\"boolean\",\"default\":false,\"configurable\":false},\"blocked\":{\"type\":\"boolean\",\"default\":false,\"configurable\":false},\"role\":{\"type\":\"relation\",\"relation\":\"manyToOne\",\"target\":\"plugin::users-permissions.role\",\"inversedBy\":\"users\",\"configurable\":false}},\"kind\":\"collectionType\"},\"modelName\":\"user\"},\"api::detail-transaksi.detail-transaksi\":{\"kind\":\"collectionType\",\"collectionName\":\"detail_transaksis\",\"info\":{\"singularName\":\"detail-transaksi\",\"pluralName\":\"detail-transaksis\",\"displayName\":\"Detail_Transaksi\",\"description\":\"\"},\"options\":{\"draftAndPublish\":true},\"attributes\":{\"layanan\":{\"type\":\"relation\",\"relation\":\"manyToOne\",\"target\":\"api::layanan.layanan\",\"inversedBy\":\"detail_transaksis\"},\"jumlah\":{\"type\":\"integer\"},\"subtotal\":{\"type\":\"integer\"},\"transaksi\":{\"type\":\"relation\",\"relation\":\"manyToOne\",\"target\":\"api::transaksi.transaksi\",\"inversedBy\":\"detail_transaksis\"},\"createdAt\":{\"type\":\"datetime\"},\"updatedAt\":{\"type\":\"datetime\"},\"publishedAt\":{\"type\":\"datetime\",\"configurable\":false,\"writable\":true,\"visible\":false},\"createdBy\":{\"type\":\"relation\",\"relation\":\"oneToOne\",\"target\":\"admin::user\",\"configurable\":false,\"writable\":false,\"visible\":false,\"useJoinTable\":false,\"private\":true},\"updatedBy\":{\"type\":\"relation\",\"relation\":\"oneToOne\",\"target\":\"admin::user\",\"configurable\":false,\"writable\":false,\"visible\":false,\"useJoinTable\":false,\"private\":true},\"locale\":{\"writable\":true,\"private\":true,\"configurable\":false,\"visible\":false,\"type\":\"string\"},\"localizations\":{\"type\":\"relation\",\"relation\":\"oneToMany\",\"target\":\"api::detail-transaksi.detail-transaksi\",\"writable\":false,\"private\":true,\"configurable\":false,\"visible\":false,\"unstable_virtual\":true,\"joinColumn\":{\"name\":\"document_id\",\"referencedColumn\":\"document_id\",\"referencedTable\":\"detail_transaksis\"}}},\"apiName\":\"detail-transaksi\",\"globalId\":\"DetailTransaksi\",\"uid\":\"api::detail-transaksi.detail-transaksi\",\"modelType\":\"contentType\",\"__schema__\":{\"collectionName\":\"detail_transaksis\",\"info\":{\"singularName\":\"detail-transaksi\",\"pluralName\":\"detail-transaksis\",\"displayName\":\"Detail_Transaksi\",\"description\":\"\"},\"options\":{\"draftAndPublish\":true},\"attributes\":{\"layanan\":{\"type\":\"relation\",\"relation\":\"manyToOne\",\"target\":\"api::layanan.layanan\",\"inversedBy\":\"detail_transaksis\"},\"jumlah\":{\"type\":\"integer\"},\"subtotal\":{\"type\":\"integer\"},\"transaksi\":{\"type\":\"relation\",\"relation\":\"manyToOne\",\"target\":\"api::transaksi.transaksi\",\"inversedBy\":\"detail_transaksis\"}},\"kind\":\"collectionType\"},\"modelName\":\"detail-transaksi\",\"actions\":{},\"lifecycles\":{}},\"api::kategori-layanan.kategori-layanan\":{\"kind\":\"collectionType\",\"collectionName\":\"kategori_layanans\",\"info\":{\"singularName\":\"kategori-layanan\",\"pluralName\":\"kategori-layanans\",\"displayName\":\"Kategori Layanan\"},\"options\":{\"draftAndPublish\":true},\"attributes\":{\"nama_kategori\":{\"type\":\"string\"},\"deskripsi\":{\"type\":\"text\"},\"layanans\":{\"type\":\"relation\",\"relation\":\"oneToMany\",\"target\":\"api::layanan.layanan\",\"mappedBy\":\"kategori_layanan\"},\"createdAt\":{\"type\":\"datetime\"},\"updatedAt\":{\"type\":\"datetime\"},\"publishedAt\":{\"type\":\"datetime\",\"configurable\":false,\"writable\":true,\"visible\":false},\"createdBy\":{\"type\":\"relation\",\"relation\":\"oneToOne\",\"target\":\"admin::user\",\"configurable\":false,\"writable\":false,\"visible\":false,\"useJoinTable\":false,\"private\":true},\"updatedBy\":{\"type\":\"relation\",\"relation\":\"oneToOne\",\"target\":\"admin::user\",\"configurable\":false,\"writable\":false,\"visible\":false,\"useJoinTable\":false,\"private\":true},\"locale\":{\"writable\":true,\"private\":true,\"configurable\":false,\"visible\":false,\"type\":\"string\"},\"localizations\":{\"type\":\"relation\",\"relation\":\"oneToMany\",\"target\":\"api::kategori-layanan.kategori-layanan\",\"writable\":false,\"private\":true,\"configurable\":false,\"visible\":false,\"unstable_virtual\":true,\"joinColumn\":{\"name\":\"document_id\",\"referencedColumn\":\"document_id\",\"referencedTable\":\"kategori_layanans\"}}},\"apiName\":\"kategori-layanan\",\"globalId\":\"KategoriLayanan\",\"uid\":\"api::kategori-layanan.kategori-layanan\",\"modelType\":\"contentType\",\"__schema__\":{\"collectionName\":\"kategori_layanans\",\"info\":{\"singularName\":\"kategori-layanan\",\"pluralName\":\"kategori-layanans\",\"displayName\":\"Kategori Layanan\"},\"options\":{\"draftAndPublish\":true},\"attributes\":{\"nama_kategori\":{\"type\":\"string\"},\"deskripsi\":{\"type\":\"text\"},\"layanans\":{\"type\":\"relation\",\"relation\":\"oneToMany\",\"target\":\"api::layanan.layanan\",\"mappedBy\":\"kategori_layanan\"}},\"kind\":\"collectionType\"},\"modelName\":\"kategori-layanan\",\"actions\":{},\"lifecycles\":{}},\"api::layanan.layanan\":{\"kind\":\"collectionType\",\"collectionName\":\"layanans\",\"info\":{\"singularName\":\"layanan\",\"pluralName\":\"layanans\",\"displayName\":\"Layanan\",\"description\":\"\"},\"options\":{\"draftAndPublish\":true},\"attributes\":{\"nama\":{\"type\":\"string\"},\"deskripsi\":{\"type\":\"text\"},\"satuan\":{\"type\":\"string\"},\"harga\":{\"type\":\"integer\"},\"estimasi_waktu\":{\"type\":\"string\"},\"image\":{\"type\":\"media\",\"multiple\":false,\"required\":false,\"allowedTypes\":[\"images\",\"files\",\"videos\",\"audios\"]},\"kategori_layanan\":{\"type\":\"relation\",\"relation\":\"manyToOne\",\"target\":\"api::kategori-layanan.kategori-layanan\",\"inversedBy\":\"layanans\"},\"detail_transaksis\":{\"type\":\"relation\",\"relation\":\"oneToMany\",\"target\":\"api::detail-transaksi.detail-transaksi\",\"mappedBy\":\"layanan\"},\"createdAt\":{\"type\":\"datetime\"},\"updatedAt\":{\"type\":\"datetime\"},\"publishedAt\":{\"type\":\"datetime\",\"configurable\":false,\"writable\":true,\"visible\":false},\"createdBy\":{\"type\":\"relation\",\"relation\":\"oneToOne\",\"target\":\"admin::user\",\"configurable\":false,\"writable\":false,\"visible\":false,\"useJoinTable\":false,\"private\":true},\"updatedBy\":{\"type\":\"relation\",\"relation\":\"oneToOne\",\"target\":\"admin::user\",\"configurable\":false,\"writable\":false,\"visible\":false,\"useJoinTable\":false,\"private\":true},\"locale\":{\"writable\":true,\"private\":true,\"configurable\":false,\"visible\":false,\"type\":\"string\"},\"localizations\":{\"type\":\"relation\",\"relation\":\"oneToMany\",\"target\":\"api::layanan.layanan\",\"writable\":false,\"private\":true,\"configurable\":false,\"visible\":false,\"unstable_virtual\":true,\"joinColumn\":{\"name\":\"document_id\",\"referencedColumn\":\"document_id\",\"referencedTable\":\"layanans\"}}},\"apiName\":\"layanan\",\"globalId\":\"Layanan\",\"uid\":\"api::layanan.layanan\",\"modelType\":\"contentType\",\"__schema__\":{\"collectionName\":\"layanans\",\"info\":{\"singularName\":\"layanan\",\"pluralName\":\"layanans\",\"displayName\":\"Layanan\",\"description\":\"\"},\"options\":{\"draftAndPublish\":true},\"attributes\":{\"nama\":{\"type\":\"string\"},\"deskripsi\":{\"type\":\"text\"},\"satuan\":{\"type\":\"string\"},\"harga\":{\"type\":\"integer\"},\"estimasi_waktu\":{\"type\":\"string\"},\"image\":{\"type\":\"media\",\"multiple\":false,\"required\":false,\"allowedTypes\":[\"images\",\"files\",\"videos\",\"audios\"]},\"kategori_layanan\":{\"type\":\"relation\",\"relation\":\"manyToOne\",\"target\":\"api::kategori-layanan.kategori-layanan\",\"inversedBy\":\"layanans\"},\"detail_transaksis\":{\"type\":\"relation\",\"relation\":\"oneToMany\",\"target\":\"api::detail-transaksi.detail-transaksi\",\"mappedBy\":\"layanan\"}},\"kind\":\"collectionType\"},\"modelName\":\"layanan\",\"actions\":{},\"lifecycles\":{}},\"api::omset.omset\":{\"kind\":\"singleType\",\"collectionName\":\"omsets\",\"info\":{\"singularName\":\"omset\",\"pluralName\":\"omsets\",\"displayName\":\"Omset\"},\"options\":{\"draftAndPublish\":true},\"attributes\":{\"total_omset\":{\"type\":\"integer\"},\"createdAt\":{\"type\":\"datetime\"},\"updatedAt\":{\"type\":\"datetime\"},\"publishedAt\":{\"type\":\"datetime\",\"configurable\":false,\"writable\":true,\"visible\":false},\"createdBy\":{\"type\":\"relation\",\"relation\":\"oneToOne\",\"target\":\"admin::user\",\"configurable\":false,\"writable\":false,\"visible\":false,\"useJoinTable\":false,\"private\":true},\"updatedBy\":{\"type\":\"relation\",\"relation\":\"oneToOne\",\"target\":\"admin::user\",\"configurable\":false,\"writable\":false,\"visible\":false,\"useJoinTable\":false,\"private\":true},\"locale\":{\"writable\":true,\"private\":true,\"configurable\":false,\"visible\":false,\"type\":\"string\"},\"localizations\":{\"type\":\"relation\",\"relation\":\"oneToMany\",\"target\":\"api::omset.omset\",\"writable\":false,\"private\":true,\"configurable\":false,\"visible\":false,\"unstable_virtual\":true,\"joinColumn\":{\"name\":\"document_id\",\"referencedColumn\":\"document_id\",\"referencedTable\":\"omsets\"}}},\"apiName\":\"omset\",\"globalId\":\"Omset\",\"uid\":\"api::omset.omset\",\"modelType\":\"contentType\",\"__schema__\":{\"collectionName\":\"omsets\",\"info\":{\"singularName\":\"omset\",\"pluralName\":\"omsets\",\"displayName\":\"Omset\"},\"options\":{\"draftAndPublish\":true},\"attributes\":{\"total_omset\":{\"type\":\"integer\"}},\"kind\":\"singleType\"},\"modelName\":\"omset\",\"actions\":{},\"lifecycles\":{}},\"api::pelanggan.pelanggan\":{\"kind\":\"collectionType\",\"collectionName\":\"pelanggans\",\"info\":{\"singularName\":\"pelanggan\",\"pluralName\":\"pelanggans\",\"displayName\":\"Pelanggan\",\"description\":\"\"},\"options\":{\"draftAndPublish\":true},\"attributes\":{\"nama\":{\"type\":\"string\"},\"nomor_telepon\":{\"type\":\"string\"},\"alamat\":{\"type\":\"string\"},\"email\":{\"type\":\"email\"},\"tanggal_register\":{\"type\":\"date\"},\"status_member\":{\"type\":\"boolean\"},\"transaksis\":{\"type\":\"relation\",\"relation\":\"oneToMany\",\"target\":\"api::transaksi.transaksi\",\"mappedBy\":\"pelanggan\"},\"password\":{\"type\":\"string\"},\"createdAt\":{\"type\":\"datetime\"},\"updatedAt\":{\"type\":\"datetime\"},\"publishedAt\":{\"type\":\"datetime\",\"configurable\":false,\"writable\":true,\"visible\":false},\"createdBy\":{\"type\":\"relation\",\"relation\":\"oneToOne\",\"target\":\"admin::user\",\"configurable\":false,\"writable\":false,\"visible\":false,\"useJoinTable\":false,\"private\":true},\"updatedBy\":{\"type\":\"relation\",\"relation\":\"oneToOne\",\"target\":\"admin::user\",\"configurable\":false,\"writable\":false,\"visible\":false,\"useJoinTable\":false,\"private\":true},\"locale\":{\"writable\":true,\"private\":true,\"configurable\":false,\"visible\":false,\"type\":\"string\"},\"localizations\":{\"type\":\"relation\",\"relation\":\"oneToMany\",\"target\":\"api::pelanggan.pelanggan\",\"writable\":false,\"private\":true,\"configurable\":false,\"visible\":false,\"unstable_virtual\":true,\"joinColumn\":{\"name\":\"document_id\",\"referencedColumn\":\"document_id\",\"referencedTable\":\"pelanggans\"}}},\"apiName\":\"pelanggan\",\"globalId\":\"Pelanggan\",\"uid\":\"api::pelanggan.pelanggan\",\"modelType\":\"contentType\",\"__schema__\":{\"collectionName\":\"pelanggans\",\"info\":{\"singularName\":\"pelanggan\",\"pluralName\":\"pelanggans\",\"displayName\":\"Pelanggan\",\"description\":\"\"},\"options\":{\"draftAndPublish\":true},\"attributes\":{\"nama\":{\"type\":\"string\"},\"nomor_telepon\":{\"type\":\"string\"},\"alamat\":{\"type\":\"string\"},\"email\":{\"type\":\"email\"},\"tanggal_register\":{\"type\":\"date\"},\"status_member\":{\"type\":\"boolean\"},\"transaksis\":{\"type\":\"relation\",\"relation\":\"oneToMany\",\"target\":\"api::transaksi.transaksi\",\"mappedBy\":\"pelanggan\"},\"password\":{\"type\":\"string\"}},\"kind\":\"collectionType\"},\"modelName\":\"pelanggan\",\"actions\":{},\"lifecycles\":{}},\"api::promo.promo\":{\"kind\":\"singleType\",\"collectionName\":\"promos\",\"info\":{\"singularName\":\"promo\",\"pluralName\":\"promos\",\"displayName\":\"Promo\"},\"options\":{\"draftAndPublish\":true},\"attributes\":{\"title\":{\"type\":\"string\"},\"description\":{\"type\":\"text\"},\"createdAt\":{\"type\":\"datetime\"},\"updatedAt\":{\"type\":\"datetime\"},\"publishedAt\":{\"type\":\"datetime\",\"configurable\":false,\"writable\":true,\"visible\":false},\"createdBy\":{\"type\":\"relation\",\"relation\":\"oneToOne\",\"target\":\"admin::user\",\"configurable\":false,\"writable\":false,\"visible\":false,\"useJoinTable\":false,\"private\":true},\"updatedBy\":{\"type\":\"relation\",\"relation\":\"oneToOne\",\"target\":\"admin::user\",\"configurable\":false,\"writable\":false,\"visible\":false,\"useJoinTable\":false,\"private\":true},\"locale\":{\"writable\":true,\"private\":true,\"configurable\":false,\"visible\":false,\"type\":\"string\"},\"localizations\":{\"type\":\"relation\",\"relation\":\"oneToMany\",\"target\":\"api::promo.promo\",\"writable\":false,\"private\":true,\"configurable\":false,\"visible\":false,\"unstable_virtual\":true,\"joinColumn\":{\"name\":\"document_id\",\"referencedColumn\":\"document_id\",\"referencedTable\":\"promos\"}}},\"apiName\":\"promo\",\"globalId\":\"Promo\",\"uid\":\"api::promo.promo\",\"modelType\":\"contentType\",\"__schema__\":{\"collectionName\":\"promos\",\"info\":{\"singularName\":\"promo\",\"pluralName\":\"promos\",\"displayName\":\"Promo\"},\"options\":{\"draftAndPublish\":true},\"attributes\":{\"title\":{\"type\":\"string\"},\"description\":{\"type\":\"text\"}},\"kind\":\"singleType\"},\"modelName\":\"promo\",\"actions\":{},\"lifecycles\":{}},\"api::transaksi.transaksi\":{\"kind\":\"collectionType\",\"collectionName\":\"transaksis\",\"info\":{\"singularName\":\"transaksi\",\"pluralName\":\"transaksis\",\"displayName\":\"Transaksi\",\"description\":\"\"},\"options\":{\"draftAndPublish\":false},\"attributes\":{\"tanggal_pesan\":{\"type\":\"date\"},\"tanggal_selesai\":{\"type\":\"date\"},\"total_harga\":{\"type\":\"integer\"},\"catatan\":{\"type\":\"string\"},\"pelanggan\":{\"type\":\"relation\",\"relation\":\"manyToOne\",\"target\":\"api::pelanggan.pelanggan\",\"inversedBy\":\"transaksis\"},\"detail_transaksis\":{\"type\":\"relation\",\"relation\":\"oneToMany\",\"target\":\"api::detail-transaksi.detail-transaksi\",\"mappedBy\":\"transaksi\"},\"status_pembayaran\":{\"type\":\"enumeration\",\"enum\":[\"Belum Bayar\",\"Sudah Bayar\"],\"default\":\"Belum Bayar\"},\"status_pengerjaan\":{\"type\":\"enumeration\",\"enum\":[\"Dalam Pengerjaan\",\"Selesai\"],\"default\":\"Dalam Pengerjaan\"},\"createdAt\":{\"type\":\"datetime\"},\"updatedAt\":{\"type\":\"datetime\"},\"publishedAt\":{\"type\":\"datetime\",\"configurable\":false,\"writable\":true,\"visible\":false},\"createdBy\":{\"type\":\"relation\",\"relation\":\"oneToOne\",\"target\":\"admin::user\",\"configurable\":false,\"writable\":false,\"visible\":false,\"useJoinTable\":false,\"private\":true},\"updatedBy\":{\"type\":\"relation\",\"relation\":\"oneToOne\",\"target\":\"admin::user\",\"configurable\":false,\"writable\":false,\"visible\":false,\"useJoinTable\":false,\"private\":true},\"locale\":{\"writable\":true,\"private\":true,\"configurable\":false,\"visible\":false,\"type\":\"string\"},\"localizations\":{\"type\":\"relation\",\"relation\":\"oneToMany\",\"target\":\"api::transaksi.transaksi\",\"writable\":false,\"private\":true,\"configurable\":false,\"visible\":false,\"unstable_virtual\":true,\"joinColumn\":{\"name\":\"document_id\",\"referencedColumn\":\"document_id\",\"referencedTable\":\"transaksis\"}}},\"apiName\":\"transaksi\",\"globalId\":\"Transaksi\",\"uid\":\"api::transaksi.transaksi\",\"modelType\":\"contentType\",\"__schema__\":{\"collectionName\":\"transaksis\",\"info\":{\"singularName\":\"transaksi\",\"pluralName\":\"transaksis\",\"displayName\":\"Transaksi\",\"description\":\"\"},\"options\":{\"draftAndPublish\":false},\"attributes\":{\"tanggal_pesan\":{\"type\":\"date\"},\"tanggal_selesai\":{\"type\":\"date\"},\"total_harga\":{\"type\":\"integer\"},\"catatan\":{\"type\":\"string\"},\"pelanggan\":{\"type\":\"relation\",\"relation\":\"manyToOne\",\"target\":\"api::pelanggan.pelanggan\",\"inversedBy\":\"transaksis\"},\"detail_transaksis\":{\"type\":\"relation\",\"relation\":\"oneToMany\",\"target\":\"api::detail-transaksi.detail-transaksi\",\"mappedBy\":\"transaksi\"},\"status_pembayaran\":{\"type\":\"enumeration\",\"enum\":[\"Belum Bayar\",\"Sudah Bayar\"],\"default\":\"Belum Bayar\"},\"status_pengerjaan\":{\"type\":\"enumeration\",\"enum\":[\"Dalam Pengerjaan\",\"Selesai\"],\"default\":\"Dalam Pengerjaan\"}},\"kind\":\"collectionType\"},\"modelName\":\"transaksi\",\"actions\":{},\"lifecycles\":{}},\"admin::permission\":{\"collectionName\":\"admin_permissions\",\"info\":{\"name\":\"Permission\",\"description\":\"\",\"singularName\":\"permission\",\"pluralName\":\"permissions\",\"displayName\":\"Permission\"},\"options\":{\"draftAndPublish\":false},\"pluginOptions\":{\"content-manager\":{\"visible\":false},\"content-type-builder\":{\"visible\":false}},\"attributes\":{\"action\":{\"type\":\"string\",\"minLength\":1,\"configurable\":false,\"required\":true},\"actionParameters\":{\"type\":\"json\",\"configurable\":false,\"required\":false,\"default\":{}},\"subject\":{\"type\":\"string\",\"minLength\":1,\"configurable\":false,\"required\":false},\"properties\":{\"type\":\"json\",\"configurable\":false,\"required\":false,\"default\":{}},\"conditions\":{\"type\":\"json\",\"configurable\":false,\"required\":false,\"default\":[]},\"role\":{\"configurable\":false,\"type\":\"relation\",\"relation\":\"manyToOne\",\"inversedBy\":\"permissions\",\"target\":\"admin::role\"},\"createdAt\":{\"type\":\"datetime\"},\"updatedAt\":{\"type\":\"datetime\"},\"publishedAt\":{\"type\":\"datetime\",\"configurable\":false,\"writable\":true,\"visible\":false},\"createdBy\":{\"type\":\"relation\",\"relation\":\"oneToOne\",\"target\":\"admin::user\",\"configurable\":false,\"writable\":false,\"visible\":false,\"useJoinTable\":false,\"private\":true},\"updatedBy\":{\"type\":\"relation\",\"relation\":\"oneToOne\",\"target\":\"admin::user\",\"configurable\":false,\"writable\":false,\"visible\":false,\"useJoinTable\":false,\"private\":true},\"locale\":{\"writable\":true,\"private\":true,\"configurable\":false,\"visible\":false,\"type\":\"string\"},\"localizations\":{\"type\":\"relation\",\"relation\":\"oneToMany\",\"target\":\"admin::permission\",\"writable\":false,\"private\":true,\"configurable\":false,\"visible\":false,\"unstable_virtual\":true,\"joinColumn\":{\"name\":\"document_id\",\"referencedColumn\":\"document_id\",\"referencedTable\":\"admin_permissions\"}}},\"plugin\":\"admin\",\"globalId\":\"AdminPermission\",\"uid\":\"admin::permission\",\"modelType\":\"contentType\",\"kind\":\"collectionType\",\"__schema__\":{\"collectionName\":\"admin_permissions\",\"info\":{\"name\":\"Permission\",\"description\":\"\",\"singularName\":\"permission\",\"pluralName\":\"permissions\",\"displayName\":\"Permission\"},\"options\":{},\"pluginOptions\":{\"content-manager\":{\"visible\":false},\"content-type-builder\":{\"visible\":false}},\"attributes\":{\"action\":{\"type\":\"string\",\"minLength\":1,\"configurable\":false,\"required\":true},\"actionParameters\":{\"type\":\"json\",\"configurable\":false,\"required\":false,\"default\":{}},\"subject\":{\"type\":\"string\",\"minLength\":1,\"configurable\":false,\"required\":false},\"properties\":{\"type\":\"json\",\"configurable\":false,\"required\":false,\"default\":{}},\"conditions\":{\"type\":\"json\",\"configurable\":false,\"required\":false,\"default\":[]},\"role\":{\"configurable\":false,\"type\":\"relation\",\"relation\":\"manyToOne\",\"inversedBy\":\"permissions\",\"target\":\"admin::role\"}},\"kind\":\"collectionType\"},\"modelName\":\"permission\"},\"admin::user\":{\"collectionName\":\"admin_users\",\"info\":{\"name\":\"User\",\"description\":\"\",\"singularName\":\"user\",\"pluralName\":\"users\",\"displayName\":\"User\"},\"pluginOptions\":{\"content-manager\":{\"visible\":false},\"content-type-builder\":{\"visible\":false}},\"attributes\":{\"firstname\":{\"type\":\"string\",\"unique\":false,\"minLength\":1,\"configurable\":false,\"required\":false},\"lastname\":{\"type\":\"string\",\"unique\":false,\"minLength\":1,\"configurable\":false,\"required\":false},\"username\":{\"type\":\"string\",\"unique\":false,\"configurable\":false,\"required\":false},\"email\":{\"type\":\"email\",\"minLength\":6,\"configurable\":false,\"required\":true,\"unique\":true,\"private\":true},\"password\":{\"type\":\"password\",\"minLength\":6,\"configurable\":false,\"required\":false,\"private\":true,\"searchable\":false},\"resetPasswordToken\":{\"type\":\"string\",\"configurable\":false,\"private\":true,\"searchable\":false},\"registrationToken\":{\"type\":\"string\",\"configurable\":false,\"private\":true,\"searchable\":false},\"isActive\":{\"type\":\"boolean\",\"default\":false,\"configurable\":false,\"private\":true},\"roles\":{\"configurable\":false,\"private\":true,\"type\":\"relation\",\"relation\":\"manyToMany\",\"inversedBy\":\"users\",\"target\":\"admin::role\",\"collectionName\":\"strapi_users_roles\"},\"blocked\":{\"type\":\"boolean\",\"default\":false,\"configurable\":false,\"private\":true},\"preferedLanguage\":{\"type\":\"string\",\"configurable\":false,\"required\":false,\"searchable\":false},\"createdAt\":{\"type\":\"datetime\"},\"updatedAt\":{\"type\":\"datetime\"},\"publishedAt\":{\"type\":\"datetime\",\"configurable\":false,\"writable\":true,\"visible\":false},\"createdBy\":{\"type\":\"relation\",\"relation\":\"oneToOne\",\"target\":\"admin::user\",\"configurable\":false,\"writable\":false,\"visible\":false,\"useJoinTable\":false,\"private\":true},\"updatedBy\":{\"type\":\"relation\",\"relation\":\"oneToOne\",\"target\":\"admin::user\",\"configurable\":false,\"writable\":false,\"visible\":false,\"useJoinTable\":false,\"private\":true},\"locale\":{\"writable\":true,\"private\":true,\"configurable\":false,\"visible\":false,\"type\":\"string\"},\"localizations\":{\"type\":\"relation\",\"relation\":\"oneToMany\",\"target\":\"admin::user\",\"writable\":false,\"private\":true,\"configurable\":false,\"visible\":false,\"unstable_virtual\":true,\"joinColumn\":{\"name\":\"document_id\",\"referencedColumn\":\"document_id\",\"referencedTable\":\"admin_users\"}}},\"config\":{\"attributes\":{\"resetPasswordToken\":{\"hidden\":true},\"registrationToken\":{\"hidden\":true}}},\"plugin\":\"admin\",\"globalId\":\"AdminUser\",\"uid\":\"admin::user\",\"modelType\":\"contentType\",\"kind\":\"collectionType\",\"__schema__\":{\"collectionName\":\"admin_users\",\"info\":{\"name\":\"User\",\"description\":\"\",\"singularName\":\"user\",\"pluralName\":\"users\",\"displayName\":\"User\"},\"pluginOptions\":{\"content-manager\":{\"visible\":false},\"content-type-builder\":{\"visible\":false}},\"attributes\":{\"firstname\":{\"type\":\"string\",\"unique\":false,\"minLength\":1,\"configurable\":false,\"required\":false},\"lastname\":{\"type\":\"string\",\"unique\":false,\"minLength\":1,\"configurable\":false,\"required\":false},\"username\":{\"type\":\"string\",\"unique\":false,\"configurable\":false,\"required\":false},\"email\":{\"type\":\"email\",\"minLength\":6,\"configurable\":false,\"required\":true,\"unique\":true,\"private\":true},\"password\":{\"type\":\"password\",\"minLength\":6,\"configurable\":false,\"required\":false,\"private\":true,\"searchable\":false},\"resetPasswordToken\":{\"type\":\"string\",\"configurable\":false,\"private\":true,\"searchable\":false},\"registrationToken\":{\"type\":\"string\",\"configurable\":false,\"private\":true,\"searchable\":false},\"isActive\":{\"type\":\"boolean\",\"default\":false,\"configurable\":false,\"private\":true},\"roles\":{\"configurable\":false,\"private\":true,\"type\":\"relation\",\"relation\":\"manyToMany\",\"inversedBy\":\"users\",\"target\":\"admin::role\",\"collectionName\":\"strapi_users_roles\"},\"blocked\":{\"type\":\"boolean\",\"default\":false,\"configurable\":false,\"private\":true},\"preferedLanguage\":{\"type\":\"string\",\"configurable\":false,\"required\":false,\"searchable\":false}},\"kind\":\"collectionType\"},\"modelName\":\"user\",\"options\":{\"draftAndPublish\":false}},\"admin::role\":{\"collectionName\":\"admin_roles\",\"info\":{\"name\":\"Role\",\"description\":\"\",\"singularName\":\"role\",\"pluralName\":\"roles\",\"displayName\":\"Role\"},\"options\":{\"draftAndPublish\":false},\"pluginOptions\":{\"content-manager\":{\"visible\":false},\"content-type-builder\":{\"visible\":false}},\"attributes\":{\"name\":{\"type\":\"string\",\"minLength\":1,\"unique\":true,\"configurable\":false,\"required\":true},\"code\":{\"type\":\"string\",\"minLength\":1,\"unique\":true,\"configurable\":false,\"required\":true},\"description\":{\"type\":\"string\",\"configurable\":false},\"users\":{\"configurable\":false,\"type\":\"relation\",\"relation\":\"manyToMany\",\"mappedBy\":\"roles\",\"target\":\"admin::user\"},\"permissions\":{\"configurable\":false,\"type\":\"relation\",\"relation\":\"oneToMany\",\"mappedBy\":\"role\",\"target\":\"admin::permission\"},\"createdAt\":{\"type\":\"datetime\"},\"updatedAt\":{\"type\":\"datetime\"},\"publishedAt\":{\"type\":\"datetime\",\"configurable\":false,\"writable\":true,\"visible\":false},\"createdBy\":{\"type\":\"relation\",\"relation\":\"oneToOne\",\"target\":\"admin::user\",\"configurable\":false,\"writable\":false,\"visible\":false,\"useJoinTable\":false,\"private\":true},\"updatedBy\":{\"type\":\"relation\",\"relation\":\"oneToOne\",\"target\":\"admin::user\",\"configurable\":false,\"writable\":false,\"visible\":false,\"useJoinTable\":false,\"private\":true},\"locale\":{\"writable\":true,\"private\":true,\"configurable\":false,\"visible\":false,\"type\":\"string\"},\"localizations\":{\"type\":\"relation\",\"relation\":\"oneToMany\",\"target\":\"admin::role\",\"writable\":false,\"private\":true,\"configurable\":false,\"visible\":false,\"unstable_virtual\":true,\"joinColumn\":{\"name\":\"document_id\",\"referencedColumn\":\"document_id\",\"referencedTable\":\"admin_roles\"}}},\"plugin\":\"admin\",\"globalId\":\"AdminRole\",\"uid\":\"admin::role\",\"modelType\":\"contentType\",\"kind\":\"collectionType\",\"__schema__\":{\"collectionName\":\"admin_roles\",\"info\":{\"name\":\"Role\",\"description\":\"\",\"singularName\":\"role\",\"pluralName\":\"roles\",\"displayName\":\"Role\"},\"options\":{},\"pluginOptions\":{\"content-manager\":{\"visible\":false},\"content-type-builder\":{\"visible\":false}},\"attributes\":{\"name\":{\"type\":\"string\",\"minLength\":1,\"unique\":true,\"configurable\":false,\"required\":true},\"code\":{\"type\":\"string\",\"minLength\":1,\"unique\":true,\"configurable\":false,\"required\":true},\"description\":{\"type\":\"string\",\"configurable\":false},\"users\":{\"configurable\":false,\"type\":\"relation\",\"relation\":\"manyToMany\",\"mappedBy\":\"roles\",\"target\":\"admin::user\"},\"permissions\":{\"configurable\":false,\"type\":\"relation\",\"relation\":\"oneToMany\",\"mappedBy\":\"role\",\"target\":\"admin::permission\"}},\"kind\":\"collectionType\"},\"modelName\":\"role\"},\"admin::api-token\":{\"collectionName\":\"strapi_api_tokens\",\"info\":{\"name\":\"Api Token\",\"singularName\":\"api-token\",\"pluralName\":\"api-tokens\",\"displayName\":\"Api Token\",\"description\":\"\"},\"options\":{\"draftAndPublish\":false},\"pluginOptions\":{\"content-manager\":{\"visible\":false},\"content-type-builder\":{\"visible\":false}},\"attributes\":{\"name\":{\"type\":\"string\",\"minLength\":1,\"configurable\":false,\"required\":true,\"unique\":true},\"description\":{\"type\":\"string\",\"minLength\":1,\"configurable\":false,\"required\":false,\"default\":\"\"},\"type\":{\"type\":\"enumeration\",\"enum\":[\"read-only\",\"full-access\",\"custom\"],\"configurable\":false,\"required\":true,\"default\":\"read-only\"},\"accessKey\":{\"type\":\"string\",\"minLength\":1,\"configurable\":false,\"required\":true,\"searchable\":false},\"encryptedKey\":{\"type\":\"text\",\"minLength\":1,\"configurable\":false,\"required\":false,\"searchable\":false},\"lastUsedAt\":{\"type\":\"datetime\",\"configurable\":false,\"required\":false},\"permissions\":{\"type\":\"relation\",\"target\":\"admin::api-token-permission\",\"relation\":\"oneToMany\",\"mappedBy\":\"token\",\"configurable\":false,\"required\":false},\"expiresAt\":{\"type\":\"datetime\",\"configurable\":false,\"required\":false},\"lifespan\":{\"type\":\"biginteger\",\"configurable\":false,\"required\":false},\"createdAt\":{\"type\":\"datetime\"},\"updatedAt\":{\"type\":\"datetime\"},\"publishedAt\":{\"type\":\"datetime\",\"configurable\":false,\"writable\":true,\"visible\":false},\"createdBy\":{\"type\":\"relation\",\"relation\":\"oneToOne\",\"target\":\"admin::user\",\"configurable\":false,\"writable\":false,\"visible\":false,\"useJoinTable\":false,\"private\":true},\"updatedBy\":{\"type\":\"relation\",\"relation\":\"oneToOne\",\"target\":\"admin::user\",\"configurable\":false,\"writable\":false,\"visible\":false,\"useJoinTable\":false,\"private\":true},\"locale\":{\"writable\":true,\"private\":true,\"configurable\":false,\"visible\":false,\"type\":\"string\"},\"localizations\":{\"type\":\"relation\",\"relation\":\"oneToMany\",\"target\":\"admin::api-token\",\"writable\":false,\"private\":true,\"configurable\":false,\"visible\":false,\"unstable_virtual\":true,\"joinColumn\":{\"name\":\"document_id\",\"referencedColumn\":\"document_id\",\"referencedTable\":\"strapi_api_tokens\"}}},\"plugin\":\"admin\",\"globalId\":\"AdminApiToken\",\"uid\":\"admin::api-token\",\"modelType\":\"contentType\",\"kind\":\"collectionType\",\"__schema__\":{\"collectionName\":\"strapi_api_tokens\",\"info\":{\"name\":\"Api Token\",\"singularName\":\"api-token\",\"pluralName\":\"api-tokens\",\"displayName\":\"Api Token\",\"description\":\"\"},\"options\":{},\"pluginOptions\":{\"content-manager\":{\"visible\":false},\"content-type-builder\":{\"visible\":false}},\"attributes\":{\"name\":{\"type\":\"string\",\"minLength\":1,\"configurable\":false,\"required\":true,\"unique\":true},\"description\":{\"type\":\"string\",\"minLength\":1,\"configurable\":false,\"required\":false,\"default\":\"\"},\"type\":{\"type\":\"enumeration\",\"enum\":[\"read-only\",\"full-access\",\"custom\"],\"configurable\":false,\"required\":true,\"default\":\"read-only\"},\"accessKey\":{\"type\":\"string\",\"minLength\":1,\"configurable\":false,\"required\":true,\"searchable\":false},\"encryptedKey\":{\"type\":\"text\",\"minLength\":1,\"configurable\":false,\"required\":false,\"searchable\":false},\"lastUsedAt\":{\"type\":\"datetime\",\"configurable\":false,\"required\":false},\"permissions\":{\"type\":\"relation\",\"target\":\"admin::api-token-permission\",\"relation\":\"oneToMany\",\"mappedBy\":\"token\",\"configurable\":false,\"required\":false},\"expiresAt\":{\"type\":\"datetime\",\"configurable\":false,\"required\":false},\"lifespan\":{\"type\":\"biginteger\",\"configurable\":false,\"required\":false}},\"kind\":\"collectionType\"},\"modelName\":\"api-token\"},\"admin::api-token-permission\":{\"collectionName\":\"strapi_api_token_permissions\",\"info\":{\"name\":\"API Token Permission\",\"description\":\"\",\"singularName\":\"api-token-permission\",\"pluralName\":\"api-token-permissions\",\"displayName\":\"API Token Permission\"},\"options\":{\"draftAndPublish\":false},\"pluginOptions\":{\"content-manager\":{\"visible\":false},\"content-type-builder\":{\"visible\":false}},\"attributes\":{\"action\":{\"type\":\"string\",\"minLength\":1,\"configurable\":false,\"required\":true},\"token\":{\"configurable\":false,\"type\":\"relation\",\"relation\":\"manyToOne\",\"inversedBy\":\"permissions\",\"target\":\"admin::api-token\"},\"createdAt\":{\"type\":\"datetime\"},\"updatedAt\":{\"type\":\"datetime\"},\"publishedAt\":{\"type\":\"datetime\",\"configurable\":false,\"writable\":true,\"visible\":false},\"createdBy\":{\"type\":\"relation\",\"relation\":\"oneToOne\",\"target\":\"admin::user\",\"configurable\":false,\"writable\":false,\"visible\":false,\"useJoinTable\":false,\"private\":true},\"updatedBy\":{\"type\":\"relation\",\"relation\":\"oneToOne\",\"target\":\"admin::user\",\"configurable\":false,\"writable\":false,\"visible\":false,\"useJoinTable\":false,\"private\":true},\"locale\":{\"writable\":true,\"private\":true,\"configurable\":false,\"visible\":false,\"type\":\"string\"},\"localizations\":{\"type\":\"relation\",\"relation\":\"oneToMany\",\"target\":\"admin::api-token-permission\",\"writable\":false,\"private\":true,\"configurable\":false,\"visible\":false,\"unstable_virtual\":true,\"joinColumn\":{\"name\":\"document_id\",\"referencedColumn\":\"document_id\",\"referencedTable\":\"strapi_api_token_permissions\"}}},\"plugin\":\"admin\",\"globalId\":\"AdminApiTokenPermission\",\"uid\":\"admin::api-token-permission\",\"modelType\":\"contentType\",\"kind\":\"collectionType\",\"__schema__\":{\"collectionName\":\"strapi_api_token_permissions\",\"info\":{\"name\":\"API Token Permission\",\"description\":\"\",\"singularName\":\"api-token-permission\",\"pluralName\":\"api-token-permissions\",\"displayName\":\"API Token Permission\"},\"options\":{},\"pluginOptions\":{\"content-manager\":{\"visible\":false},\"content-type-builder\":{\"visible\":false}},\"attributes\":{\"action\":{\"type\":\"string\",\"minLength\":1,\"configurable\":false,\"required\":true},\"token\":{\"configurable\":false,\"type\":\"relation\",\"relation\":\"manyToOne\",\"inversedBy\":\"permissions\",\"target\":\"admin::api-token\"}},\"kind\":\"collectionType\"},\"modelName\":\"api-token-permission\"},\"admin::transfer-token\":{\"collectionName\":\"strapi_transfer_tokens\",\"info\":{\"name\":\"Transfer Token\",\"singularName\":\"transfer-token\",\"pluralName\":\"transfer-tokens\",\"displayName\":\"Transfer Token\",\"description\":\"\"},\"options\":{\"draftAndPublish\":false},\"pluginOptions\":{\"content-manager\":{\"visible\":false},\"content-type-builder\":{\"visible\":false}},\"attributes\":{\"name\":{\"type\":\"string\",\"minLength\":1,\"configurable\":false,\"required\":true,\"unique\":true},\"description\":{\"type\":\"string\",\"minLength\":1,\"configurable\":false,\"required\":false,\"default\":\"\"},\"accessKey\":{\"type\":\"string\",\"minLength\":1,\"configurable\":false,\"required\":true},\"lastUsedAt\":{\"type\":\"datetime\",\"configurable\":false,\"required\":false},\"permissions\":{\"type\":\"relation\",\"target\":\"admin::transfer-token-permission\",\"relation\":\"oneToMany\",\"mappedBy\":\"token\",\"configurable\":false,\"required\":false},\"expiresAt\":{\"type\":\"datetime\",\"configurable\":false,\"required\":false},\"lifespan\":{\"type\":\"biginteger\",\"configurable\":false,\"required\":false},\"createdAt\":{\"type\":\"datetime\"},\"updatedAt\":{\"type\":\"datetime\"},\"publishedAt\":{\"type\":\"datetime\",\"configurable\":false,\"writable\":true,\"visible\":false},\"createdBy\":{\"type\":\"relation\",\"relation\":\"oneToOne\",\"target\":\"admin::user\",\"configurable\":false,\"writable\":false,\"visible\":false,\"useJoinTable\":false,\"private\":true},\"updatedBy\":{\"type\":\"relation\",\"relation\":\"oneToOne\",\"target\":\"admin::user\",\"configurable\":false,\"writable\":false,\"visible\":false,\"useJoinTable\":false,\"private\":true},\"locale\":{\"writable\":true,\"private\":true,\"configurable\":false,\"visible\":false,\"type\":\"string\"},\"localizations\":{\"type\":\"relation\",\"relation\":\"oneToMany\",\"target\":\"admin::transfer-token\",\"writable\":false,\"private\":true,\"configurable\":false,\"visible\":false,\"unstable_virtual\":true,\"joinColumn\":{\"name\":\"document_id\",\"referencedColumn\":\"document_id\",\"referencedTable\":\"strapi_transfer_tokens\"}}},\"plugin\":\"admin\",\"globalId\":\"AdminTransferToken\",\"uid\":\"admin::transfer-token\",\"modelType\":\"contentType\",\"kind\":\"collectionType\",\"__schema__\":{\"collectionName\":\"strapi_transfer_tokens\",\"info\":{\"name\":\"Transfer Token\",\"singularName\":\"transfer-token\",\"pluralName\":\"transfer-tokens\",\"displayName\":\"Transfer Token\",\"description\":\"\"},\"options\":{},\"pluginOptions\":{\"content-manager\":{\"visible\":false},\"content-type-builder\":{\"visible\":false}},\"attributes\":{\"name\":{\"type\":\"string\",\"minLength\":1,\"configurable\":false,\"required\":true,\"unique\":true},\"description\":{\"type\":\"string\",\"minLength\":1,\"configurable\":false,\"required\":false,\"default\":\"\"},\"accessKey\":{\"type\":\"string\",\"minLength\":1,\"configurable\":false,\"required\":true},\"lastUsedAt\":{\"type\":\"datetime\",\"configurable\":false,\"required\":false},\"permissions\":{\"type\":\"relation\",\"target\":\"admin::transfer-token-permission\",\"relation\":\"oneToMany\",\"mappedBy\":\"token\",\"configurable\":false,\"required\":false},\"expiresAt\":{\"type\":\"datetime\",\"configurable\":false,\"required\":false},\"lifespan\":{\"type\":\"biginteger\",\"configurable\":false,\"required\":false}},\"kind\":\"collectionType\"},\"modelName\":\"transfer-token\"},\"admin::transfer-token-permission\":{\"collectionName\":\"strapi_transfer_token_permissions\",\"info\":{\"name\":\"Transfer Token Permission\",\"description\":\"\",\"singularName\":\"transfer-token-permission\",\"pluralName\":\"transfer-token-permissions\",\"displayName\":\"Transfer Token Permission\"},\"options\":{\"draftAndPublish\":false},\"pluginOptions\":{\"content-manager\":{\"visible\":false},\"content-type-builder\":{\"visible\":false}},\"attributes\":{\"action\":{\"type\":\"string\",\"minLength\":1,\"configurable\":false,\"required\":true},\"token\":{\"configurable\":false,\"type\":\"relation\",\"relation\":\"manyToOne\",\"inversedBy\":\"permissions\",\"target\":\"admin::transfer-token\"},\"createdAt\":{\"type\":\"datetime\"},\"updatedAt\":{\"type\":\"datetime\"},\"publishedAt\":{\"type\":\"datetime\",\"configurable\":false,\"writable\":true,\"visible\":false},\"createdBy\":{\"type\":\"relation\",\"relation\":\"oneToOne\",\"target\":\"admin::user\",\"configurable\":false,\"writable\":false,\"visible\":false,\"useJoinTable\":false,\"private\":true},\"updatedBy\":{\"type\":\"relation\",\"relation\":\"oneToOne\",\"target\":\"admin::user\",\"configurable\":false,\"writable\":false,\"visible\":false,\"useJoinTable\":false,\"private\":true},\"locale\":{\"writable\":true,\"private\":true,\"configurable\":false,\"visible\":false,\"type\":\"string\"},\"localizations\":{\"type\":\"relation\",\"relation\":\"oneToMany\",\"target\":\"admin::transfer-token-permission\",\"writable\":false,\"private\":true,\"configurable\":false,\"visible\":false,\"unstable_virtual\":true,\"joinColumn\":{\"name\":\"document_id\",\"referencedColumn\":\"document_id\",\"referencedTable\":\"strapi_transfer_token_permissions\"}}},\"plugin\":\"admin\",\"globalId\":\"AdminTransferTokenPermission\",\"uid\":\"admin::transfer-token-permission\",\"modelType\":\"contentType\",\"kind\":\"collectionType\",\"__schema__\":{\"collectionName\":\"strapi_transfer_token_permissions\",\"info\":{\"name\":\"Transfer Token Permission\",\"description\":\"\",\"singularName\":\"transfer-token-permission\",\"pluralName\":\"transfer-token-permissions\",\"displayName\":\"Transfer Token Permission\"},\"options\":{},\"pluginOptions\":{\"content-manager\":{\"visible\":false},\"content-type-builder\":{\"visible\":false}},\"attributes\":{\"action\":{\"type\":\"string\",\"minLength\":1,\"configurable\":false,\"required\":true},\"token\":{\"configurable\":false,\"type\":\"relation\",\"relation\":\"manyToOne\",\"inversedBy\":\"permissions\",\"target\":\"admin::transfer-token\"}},\"kind\":\"collectionType\"},\"modelName\":\"transfer-token-permission\"}}', 'object', NULL, NULL);
INSERT INTO `strapi_core_store_settings` (`id`, `key`, `value`, `type`, `environment`, `tag`) VALUES
(2, 'plugin_content_manager_configuration_content_types::plugin::upload.file', '{\"settings\":{\"bulkable\":true,\"filterable\":true,\"searchable\":true,\"pageSize\":10,\"mainField\":\"name\",\"defaultSortBy\":\"name\",\"defaultSortOrder\":\"ASC\"},\"metadatas\":{\"id\":{\"edit\":{},\"list\":{\"label\":\"id\",\"searchable\":true,\"sortable\":true}},\"name\":{\"edit\":{\"label\":\"name\",\"description\":\"\",\"placeholder\":\"\",\"visible\":true,\"editable\":true},\"list\":{\"label\":\"name\",\"searchable\":true,\"sortable\":true}},\"alternativeText\":{\"edit\":{\"label\":\"alternativeText\",\"description\":\"\",\"placeholder\":\"\",\"visible\":true,\"editable\":true},\"list\":{\"label\":\"alternativeText\",\"searchable\":true,\"sortable\":true}},\"caption\":{\"edit\":{\"label\":\"caption\",\"description\":\"\",\"placeholder\":\"\",\"visible\":true,\"editable\":true},\"list\":{\"label\":\"caption\",\"searchable\":true,\"sortable\":true}},\"width\":{\"edit\":{\"label\":\"width\",\"description\":\"\",\"placeholder\":\"\",\"visible\":true,\"editable\":true},\"list\":{\"label\":\"width\",\"searchable\":true,\"sortable\":true}},\"height\":{\"edit\":{\"label\":\"height\",\"description\":\"\",\"placeholder\":\"\",\"visible\":true,\"editable\":true},\"list\":{\"label\":\"height\",\"searchable\":true,\"sortable\":true}},\"formats\":{\"edit\":{\"label\":\"formats\",\"description\":\"\",\"placeholder\":\"\",\"visible\":true,\"editable\":true},\"list\":{\"label\":\"formats\",\"searchable\":false,\"sortable\":false}},\"hash\":{\"edit\":{\"label\":\"hash\",\"description\":\"\",\"placeholder\":\"\",\"visible\":true,\"editable\":true},\"list\":{\"label\":\"hash\",\"searchable\":true,\"sortable\":true}},\"ext\":{\"edit\":{\"label\":\"ext\",\"description\":\"\",\"placeholder\":\"\",\"visible\":true,\"editable\":true},\"list\":{\"label\":\"ext\",\"searchable\":true,\"sortable\":true}},\"mime\":{\"edit\":{\"label\":\"mime\",\"description\":\"\",\"placeholder\":\"\",\"visible\":true,\"editable\":true},\"list\":{\"label\":\"mime\",\"searchable\":true,\"sortable\":true}},\"size\":{\"edit\":{\"label\":\"size\",\"description\":\"\",\"placeholder\":\"\",\"visible\":true,\"editable\":true},\"list\":{\"label\":\"size\",\"searchable\":true,\"sortable\":true}},\"url\":{\"edit\":{\"label\":\"url\",\"description\":\"\",\"placeholder\":\"\",\"visible\":true,\"editable\":true},\"list\":{\"label\":\"url\",\"searchable\":true,\"sortable\":true}},\"previewUrl\":{\"edit\":{\"label\":\"previewUrl\",\"description\":\"\",\"placeholder\":\"\",\"visible\":true,\"editable\":true},\"list\":{\"label\":\"previewUrl\",\"searchable\":true,\"sortable\":true}},\"provider\":{\"edit\":{\"label\":\"provider\",\"description\":\"\",\"placeholder\":\"\",\"visible\":true,\"editable\":true},\"list\":{\"label\":\"provider\",\"searchable\":true,\"sortable\":true}},\"provider_metadata\":{\"edit\":{\"label\":\"provider_metadata\",\"description\":\"\",\"placeholder\":\"\",\"visible\":true,\"editable\":true},\"list\":{\"label\":\"provider_metadata\",\"searchable\":false,\"sortable\":false}},\"folder\":{\"edit\":{\"label\":\"folder\",\"description\":\"\",\"placeholder\":\"\",\"visible\":true,\"editable\":true,\"mainField\":\"name\"},\"list\":{\"label\":\"folder\",\"searchable\":true,\"sortable\":true}},\"folderPath\":{\"edit\":{\"label\":\"folderPath\",\"description\":\"\",\"placeholder\":\"\",\"visible\":true,\"editable\":true},\"list\":{\"label\":\"folderPath\",\"searchable\":true,\"sortable\":true}},\"createdAt\":{\"edit\":{\"label\":\"createdAt\",\"description\":\"\",\"placeholder\":\"\",\"visible\":false,\"editable\":true},\"list\":{\"label\":\"createdAt\",\"searchable\":true,\"sortable\":true}},\"updatedAt\":{\"edit\":{\"label\":\"updatedAt\",\"description\":\"\",\"placeholder\":\"\",\"visible\":false,\"editable\":true},\"list\":{\"label\":\"updatedAt\",\"searchable\":true,\"sortable\":true}},\"createdBy\":{\"edit\":{\"label\":\"createdBy\",\"description\":\"\",\"placeholder\":\"\",\"visible\":false,\"editable\":true,\"mainField\":\"firstname\"},\"list\":{\"label\":\"createdBy\",\"searchable\":true,\"sortable\":true}},\"updatedBy\":{\"edit\":{\"label\":\"updatedBy\",\"description\":\"\",\"placeholder\":\"\",\"visible\":false,\"editable\":true,\"mainField\":\"firstname\"},\"list\":{\"label\":\"updatedBy\",\"searchable\":true,\"sortable\":true}}},\"layouts\":{\"list\":[\"id\",\"name\",\"alternativeText\",\"caption\"],\"edit\":[[{\"name\":\"name\",\"size\":6},{\"name\":\"alternativeText\",\"size\":6}],[{\"name\":\"caption\",\"size\":6},{\"name\":\"width\",\"size\":4}],[{\"name\":\"height\",\"size\":4}],[{\"name\":\"formats\",\"size\":12}],[{\"name\":\"hash\",\"size\":6},{\"name\":\"ext\",\"size\":6}],[{\"name\":\"mime\",\"size\":6},{\"name\":\"size\",\"size\":4}],[{\"name\":\"url\",\"size\":6},{\"name\":\"previewUrl\",\"size\":6}],[{\"name\":\"provider\",\"size\":6}],[{\"name\":\"provider_metadata\",\"size\":12}],[{\"name\":\"folder\",\"size\":6},{\"name\":\"folderPath\",\"size\":6}]]},\"uid\":\"plugin::upload.file\"}', 'object', NULL, NULL),
(3, 'plugin_content_manager_configuration_content_types::plugin::upload.folder', '{\"settings\":{\"bulkable\":true,\"filterable\":true,\"searchable\":true,\"pageSize\":10,\"mainField\":\"name\",\"defaultSortBy\":\"name\",\"defaultSortOrder\":\"ASC\"},\"metadatas\":{\"id\":{\"edit\":{},\"list\":{\"label\":\"id\",\"searchable\":true,\"sortable\":true}},\"name\":{\"edit\":{\"label\":\"name\",\"description\":\"\",\"placeholder\":\"\",\"visible\":true,\"editable\":true},\"list\":{\"label\":\"name\",\"searchable\":true,\"sortable\":true}},\"pathId\":{\"edit\":{\"label\":\"pathId\",\"description\":\"\",\"placeholder\":\"\",\"visible\":true,\"editable\":true},\"list\":{\"label\":\"pathId\",\"searchable\":true,\"sortable\":true}},\"parent\":{\"edit\":{\"label\":\"parent\",\"description\":\"\",\"placeholder\":\"\",\"visible\":true,\"editable\":true,\"mainField\":\"name\"},\"list\":{\"label\":\"parent\",\"searchable\":true,\"sortable\":true}},\"children\":{\"edit\":{\"label\":\"children\",\"description\":\"\",\"placeholder\":\"\",\"visible\":true,\"editable\":true,\"mainField\":\"name\"},\"list\":{\"label\":\"children\",\"searchable\":false,\"sortable\":false}},\"files\":{\"edit\":{\"label\":\"files\",\"description\":\"\",\"placeholder\":\"\",\"visible\":true,\"editable\":true,\"mainField\":\"name\"},\"list\":{\"label\":\"files\",\"searchable\":false,\"sortable\":false}},\"path\":{\"edit\":{\"label\":\"path\",\"description\":\"\",\"placeholder\":\"\",\"visible\":true,\"editable\":true},\"list\":{\"label\":\"path\",\"searchable\":true,\"sortable\":true}},\"createdAt\":{\"edit\":{\"label\":\"createdAt\",\"description\":\"\",\"placeholder\":\"\",\"visible\":false,\"editable\":true},\"list\":{\"label\":\"createdAt\",\"searchable\":true,\"sortable\":true}},\"updatedAt\":{\"edit\":{\"label\":\"updatedAt\",\"description\":\"\",\"placeholder\":\"\",\"visible\":false,\"editable\":true},\"list\":{\"label\":\"updatedAt\",\"searchable\":true,\"sortable\":true}},\"createdBy\":{\"edit\":{\"label\":\"createdBy\",\"description\":\"\",\"placeholder\":\"\",\"visible\":false,\"editable\":true,\"mainField\":\"firstname\"},\"list\":{\"label\":\"createdBy\",\"searchable\":true,\"sortable\":true}},\"updatedBy\":{\"edit\":{\"label\":\"updatedBy\",\"description\":\"\",\"placeholder\":\"\",\"visible\":false,\"editable\":true,\"mainField\":\"firstname\"},\"list\":{\"label\":\"updatedBy\",\"searchable\":true,\"sortable\":true}}},\"layouts\":{\"list\":[\"id\",\"name\",\"pathId\",\"parent\"],\"edit\":[[{\"name\":\"name\",\"size\":6},{\"name\":\"pathId\",\"size\":4}],[{\"name\":\"parent\",\"size\":6},{\"name\":\"children\",\"size\":6}],[{\"name\":\"files\",\"size\":6},{\"name\":\"path\",\"size\":6}]]},\"uid\":\"plugin::upload.folder\"}', 'object', NULL, NULL),
(4, 'plugin_content_manager_configuration_content_types::plugin::i18n.locale', '{\"settings\":{\"bulkable\":true,\"filterable\":true,\"searchable\":true,\"pageSize\":10,\"mainField\":\"name\",\"defaultSortBy\":\"name\",\"defaultSortOrder\":\"ASC\"},\"metadatas\":{\"id\":{\"edit\":{},\"list\":{\"label\":\"id\",\"searchable\":true,\"sortable\":true}},\"name\":{\"edit\":{\"label\":\"name\",\"description\":\"\",\"placeholder\":\"\",\"visible\":true,\"editable\":true},\"list\":{\"label\":\"name\",\"searchable\":true,\"sortable\":true}},\"code\":{\"edit\":{\"label\":\"code\",\"description\":\"\",\"placeholder\":\"\",\"visible\":true,\"editable\":true},\"list\":{\"label\":\"code\",\"searchable\":true,\"sortable\":true}},\"createdAt\":{\"edit\":{\"label\":\"createdAt\",\"description\":\"\",\"placeholder\":\"\",\"visible\":false,\"editable\":true},\"list\":{\"label\":\"createdAt\",\"searchable\":true,\"sortable\":true}},\"updatedAt\":{\"edit\":{\"label\":\"updatedAt\",\"description\":\"\",\"placeholder\":\"\",\"visible\":false,\"editable\":true},\"list\":{\"label\":\"updatedAt\",\"searchable\":true,\"sortable\":true}},\"createdBy\":{\"edit\":{\"label\":\"createdBy\",\"description\":\"\",\"placeholder\":\"\",\"visible\":false,\"editable\":true,\"mainField\":\"firstname\"},\"list\":{\"label\":\"createdBy\",\"searchable\":true,\"sortable\":true}},\"updatedBy\":{\"edit\":{\"label\":\"updatedBy\",\"description\":\"\",\"placeholder\":\"\",\"visible\":false,\"editable\":true,\"mainField\":\"firstname\"},\"list\":{\"label\":\"updatedBy\",\"searchable\":true,\"sortable\":true}}},\"layouts\":{\"list\":[\"id\",\"name\",\"code\",\"createdAt\"],\"edit\":[[{\"name\":\"name\",\"size\":6},{\"name\":\"code\",\"size\":6}]]},\"uid\":\"plugin::i18n.locale\"}', 'object', NULL, NULL),
(5, 'plugin_content_manager_configuration_content_types::plugin::content-releases.release', '{\"settings\":{\"bulkable\":true,\"filterable\":true,\"searchable\":true,\"pageSize\":10,\"mainField\":\"name\",\"defaultSortBy\":\"name\",\"defaultSortOrder\":\"ASC\"},\"metadatas\":{\"id\":{\"edit\":{},\"list\":{\"label\":\"id\",\"searchable\":true,\"sortable\":true}},\"name\":{\"edit\":{\"label\":\"name\",\"description\":\"\",\"placeholder\":\"\",\"visible\":true,\"editable\":true},\"list\":{\"label\":\"name\",\"searchable\":true,\"sortable\":true}},\"releasedAt\":{\"edit\":{\"label\":\"releasedAt\",\"description\":\"\",\"placeholder\":\"\",\"visible\":true,\"editable\":true},\"list\":{\"label\":\"releasedAt\",\"searchable\":true,\"sortable\":true}},\"scheduledAt\":{\"edit\":{\"label\":\"scheduledAt\",\"description\":\"\",\"placeholder\":\"\",\"visible\":true,\"editable\":true},\"list\":{\"label\":\"scheduledAt\",\"searchable\":true,\"sortable\":true}},\"timezone\":{\"edit\":{\"label\":\"timezone\",\"description\":\"\",\"placeholder\":\"\",\"visible\":true,\"editable\":true},\"list\":{\"label\":\"timezone\",\"searchable\":true,\"sortable\":true}},\"status\":{\"edit\":{\"label\":\"status\",\"description\":\"\",\"placeholder\":\"\",\"visible\":true,\"editable\":true},\"list\":{\"label\":\"status\",\"searchable\":true,\"sortable\":true}},\"actions\":{\"edit\":{\"label\":\"actions\",\"description\":\"\",\"placeholder\":\"\",\"visible\":true,\"editable\":true,\"mainField\":\"contentType\"},\"list\":{\"label\":\"actions\",\"searchable\":false,\"sortable\":false}},\"createdAt\":{\"edit\":{\"label\":\"createdAt\",\"description\":\"\",\"placeholder\":\"\",\"visible\":false,\"editable\":true},\"list\":{\"label\":\"createdAt\",\"searchable\":true,\"sortable\":true}},\"updatedAt\":{\"edit\":{\"label\":\"updatedAt\",\"description\":\"\",\"placeholder\":\"\",\"visible\":false,\"editable\":true},\"list\":{\"label\":\"updatedAt\",\"searchable\":true,\"sortable\":true}},\"createdBy\":{\"edit\":{\"label\":\"createdBy\",\"description\":\"\",\"placeholder\":\"\",\"visible\":false,\"editable\":true,\"mainField\":\"firstname\"},\"list\":{\"label\":\"createdBy\",\"searchable\":true,\"sortable\":true}},\"updatedBy\":{\"edit\":{\"label\":\"updatedBy\",\"description\":\"\",\"placeholder\":\"\",\"visible\":false,\"editable\":true,\"mainField\":\"firstname\"},\"list\":{\"label\":\"updatedBy\",\"searchable\":true,\"sortable\":true}}},\"layouts\":{\"list\":[\"id\",\"name\",\"releasedAt\",\"scheduledAt\"],\"edit\":[[{\"name\":\"name\",\"size\":6},{\"name\":\"releasedAt\",\"size\":6}],[{\"name\":\"scheduledAt\",\"size\":6},{\"name\":\"timezone\",\"size\":6}],[{\"name\":\"status\",\"size\":6},{\"name\":\"actions\",\"size\":6}]]},\"uid\":\"plugin::content-releases.release\"}', 'object', NULL, NULL),
(6, 'plugin_content_manager_configuration_content_types::plugin::content-releases.release-action', '{\"settings\":{\"bulkable\":true,\"filterable\":true,\"searchable\":true,\"pageSize\":10,\"mainField\":\"contentType\",\"defaultSortBy\":\"contentType\",\"defaultSortOrder\":\"ASC\"},\"metadatas\":{\"id\":{\"edit\":{},\"list\":{\"label\":\"id\",\"searchable\":true,\"sortable\":true}},\"type\":{\"edit\":{\"label\":\"type\",\"description\":\"\",\"placeholder\":\"\",\"visible\":true,\"editable\":true},\"list\":{\"label\":\"type\",\"searchable\":true,\"sortable\":true}},\"contentType\":{\"edit\":{\"label\":\"contentType\",\"description\":\"\",\"placeholder\":\"\",\"visible\":true,\"editable\":true},\"list\":{\"label\":\"contentType\",\"searchable\":true,\"sortable\":true}},\"entryDocumentId\":{\"edit\":{\"label\":\"entryDocumentId\",\"description\":\"\",\"placeholder\":\"\",\"visible\":true,\"editable\":true},\"list\":{\"label\":\"entryDocumentId\",\"searchable\":true,\"sortable\":true}},\"release\":{\"edit\":{\"label\":\"release\",\"description\":\"\",\"placeholder\":\"\",\"visible\":true,\"editable\":true,\"mainField\":\"name\"},\"list\":{\"label\":\"release\",\"searchable\":true,\"sortable\":true}},\"isEntryValid\":{\"edit\":{\"label\":\"isEntryValid\",\"description\":\"\",\"placeholder\":\"\",\"visible\":true,\"editable\":true},\"list\":{\"label\":\"isEntryValid\",\"searchable\":true,\"sortable\":true}},\"createdAt\":{\"edit\":{\"label\":\"createdAt\",\"description\":\"\",\"placeholder\":\"\",\"visible\":false,\"editable\":true},\"list\":{\"label\":\"createdAt\",\"searchable\":true,\"sortable\":true}},\"updatedAt\":{\"edit\":{\"label\":\"updatedAt\",\"description\":\"\",\"placeholder\":\"\",\"visible\":false,\"editable\":true},\"list\":{\"label\":\"updatedAt\",\"searchable\":true,\"sortable\":true}},\"createdBy\":{\"edit\":{\"label\":\"createdBy\",\"description\":\"\",\"placeholder\":\"\",\"visible\":false,\"editable\":true,\"mainField\":\"firstname\"},\"list\":{\"label\":\"createdBy\",\"searchable\":true,\"sortable\":true}},\"updatedBy\":{\"edit\":{\"label\":\"updatedBy\",\"description\":\"\",\"placeholder\":\"\",\"visible\":false,\"editable\":true,\"mainField\":\"firstname\"},\"list\":{\"label\":\"updatedBy\",\"searchable\":true,\"sortable\":true}}},\"layouts\":{\"list\":[\"id\",\"type\",\"contentType\",\"entryDocumentId\"],\"edit\":[[{\"name\":\"type\",\"size\":6},{\"name\":\"contentType\",\"size\":6}],[{\"name\":\"entryDocumentId\",\"size\":6},{\"name\":\"release\",\"size\":6}],[{\"name\":\"isEntryValid\",\"size\":4}]]},\"uid\":\"plugin::content-releases.release-action\"}', 'object', NULL, NULL),
(7, 'plugin_content_manager_configuration_content_types::plugin::review-workflows.workflow', '{\"settings\":{\"bulkable\":true,\"filterable\":true,\"searchable\":true,\"pageSize\":10,\"mainField\":\"name\",\"defaultSortBy\":\"name\",\"defaultSortOrder\":\"ASC\"},\"metadatas\":{\"id\":{\"edit\":{},\"list\":{\"label\":\"id\",\"searchable\":true,\"sortable\":true}},\"name\":{\"edit\":{\"label\":\"name\",\"description\":\"\",\"placeholder\":\"\",\"visible\":true,\"editable\":true},\"list\":{\"label\":\"name\",\"searchable\":true,\"sortable\":true}},\"stages\":{\"edit\":{\"label\":\"stages\",\"description\":\"\",\"placeholder\":\"\",\"visible\":true,\"editable\":true,\"mainField\":\"name\"},\"list\":{\"label\":\"stages\",\"searchable\":false,\"sortable\":false}},\"stageRequiredToPublish\":{\"edit\":{\"label\":\"stageRequiredToPublish\",\"description\":\"\",\"placeholder\":\"\",\"visible\":true,\"editable\":true,\"mainField\":\"name\"},\"list\":{\"label\":\"stageRequiredToPublish\",\"searchable\":true,\"sortable\":true}},\"contentTypes\":{\"edit\":{\"label\":\"contentTypes\",\"description\":\"\",\"placeholder\":\"\",\"visible\":true,\"editable\":true},\"list\":{\"label\":\"contentTypes\",\"searchable\":false,\"sortable\":false}},\"createdAt\":{\"edit\":{\"label\":\"createdAt\",\"description\":\"\",\"placeholder\":\"\",\"visible\":false,\"editable\":true},\"list\":{\"label\":\"createdAt\",\"searchable\":true,\"sortable\":true}},\"updatedAt\":{\"edit\":{\"label\":\"updatedAt\",\"description\":\"\",\"placeholder\":\"\",\"visible\":false,\"editable\":true},\"list\":{\"label\":\"updatedAt\",\"searchable\":true,\"sortable\":true}},\"createdBy\":{\"edit\":{\"label\":\"createdBy\",\"description\":\"\",\"placeholder\":\"\",\"visible\":false,\"editable\":true,\"mainField\":\"firstname\"},\"list\":{\"label\":\"createdBy\",\"searchable\":true,\"sortable\":true}},\"updatedBy\":{\"edit\":{\"label\":\"updatedBy\",\"description\":\"\",\"placeholder\":\"\",\"visible\":false,\"editable\":true,\"mainField\":\"firstname\"},\"list\":{\"label\":\"updatedBy\",\"searchable\":true,\"sortable\":true}}},\"layouts\":{\"list\":[\"id\",\"name\",\"stages\",\"stageRequiredToPublish\"],\"edit\":[[{\"name\":\"name\",\"size\":6},{\"name\":\"stages\",\"size\":6}],[{\"name\":\"stageRequiredToPublish\",\"size\":6}],[{\"name\":\"contentTypes\",\"size\":12}]]},\"uid\":\"plugin::review-workflows.workflow\"}', 'object', NULL, NULL),
(8, 'plugin_content_manager_configuration_content_types::plugin::review-workflows.workflow-stage', '{\"settings\":{\"bulkable\":true,\"filterable\":true,\"searchable\":true,\"pageSize\":10,\"mainField\":\"name\",\"defaultSortBy\":\"name\",\"defaultSortOrder\":\"ASC\"},\"metadatas\":{\"id\":{\"edit\":{},\"list\":{\"label\":\"id\",\"searchable\":true,\"sortable\":true}},\"name\":{\"edit\":{\"label\":\"name\",\"description\":\"\",\"placeholder\":\"\",\"visible\":true,\"editable\":true},\"list\":{\"label\":\"name\",\"searchable\":true,\"sortable\":true}},\"color\":{\"edit\":{\"label\":\"color\",\"description\":\"\",\"placeholder\":\"\",\"visible\":true,\"editable\":true},\"list\":{\"label\":\"color\",\"searchable\":true,\"sortable\":true}},\"workflow\":{\"edit\":{\"label\":\"workflow\",\"description\":\"\",\"placeholder\":\"\",\"visible\":true,\"editable\":true,\"mainField\":\"name\"},\"list\":{\"label\":\"workflow\",\"searchable\":true,\"sortable\":true}},\"permissions\":{\"edit\":{\"label\":\"permissions\",\"description\":\"\",\"placeholder\":\"\",\"visible\":true,\"editable\":true,\"mainField\":\"action\"},\"list\":{\"label\":\"permissions\",\"searchable\":false,\"sortable\":false}},\"createdAt\":{\"edit\":{\"label\":\"createdAt\",\"description\":\"\",\"placeholder\":\"\",\"visible\":false,\"editable\":true},\"list\":{\"label\":\"createdAt\",\"searchable\":true,\"sortable\":true}},\"updatedAt\":{\"edit\":{\"label\":\"updatedAt\",\"description\":\"\",\"placeholder\":\"\",\"visible\":false,\"editable\":true},\"list\":{\"label\":\"updatedAt\",\"searchable\":true,\"sortable\":true}},\"createdBy\":{\"edit\":{\"label\":\"createdBy\",\"description\":\"\",\"placeholder\":\"\",\"visible\":false,\"editable\":true,\"mainField\":\"firstname\"},\"list\":{\"label\":\"createdBy\",\"searchable\":true,\"sortable\":true}},\"updatedBy\":{\"edit\":{\"label\":\"updatedBy\",\"description\":\"\",\"placeholder\":\"\",\"visible\":false,\"editable\":true,\"mainField\":\"firstname\"},\"list\":{\"label\":\"updatedBy\",\"searchable\":true,\"sortable\":true}}},\"layouts\":{\"list\":[\"id\",\"name\",\"color\",\"workflow\"],\"edit\":[[{\"name\":\"name\",\"size\":6},{\"name\":\"color\",\"size\":6}],[{\"name\":\"workflow\",\"size\":6},{\"name\":\"permissions\",\"size\":6}]]},\"uid\":\"plugin::review-workflows.workflow-stage\"}', 'object', NULL, NULL),
(9, 'plugin_content_manager_configuration_content_types::plugin::users-permissions.permission', '{\"settings\":{\"bulkable\":true,\"filterable\":true,\"searchable\":true,\"pageSize\":10,\"mainField\":\"action\",\"defaultSortBy\":\"action\",\"defaultSortOrder\":\"ASC\"},\"metadatas\":{\"id\":{\"edit\":{},\"list\":{\"label\":\"id\",\"searchable\":true,\"sortable\":true}},\"action\":{\"edit\":{\"label\":\"action\",\"description\":\"\",\"placeholder\":\"\",\"visible\":true,\"editable\":true},\"list\":{\"label\":\"action\",\"searchable\":true,\"sortable\":true}},\"role\":{\"edit\":{\"label\":\"role\",\"description\":\"\",\"placeholder\":\"\",\"visible\":true,\"editable\":true,\"mainField\":\"name\"},\"list\":{\"label\":\"role\",\"searchable\":true,\"sortable\":true}},\"createdAt\":{\"edit\":{\"label\":\"createdAt\",\"description\":\"\",\"placeholder\":\"\",\"visible\":false,\"editable\":true},\"list\":{\"label\":\"createdAt\",\"searchable\":true,\"sortable\":true}},\"updatedAt\":{\"edit\":{\"label\":\"updatedAt\",\"description\":\"\",\"placeholder\":\"\",\"visible\":false,\"editable\":true},\"list\":{\"label\":\"updatedAt\",\"searchable\":true,\"sortable\":true}},\"createdBy\":{\"edit\":{\"label\":\"createdBy\",\"description\":\"\",\"placeholder\":\"\",\"visible\":false,\"editable\":true,\"mainField\":\"firstname\"},\"list\":{\"label\":\"createdBy\",\"searchable\":true,\"sortable\":true}},\"updatedBy\":{\"edit\":{\"label\":\"updatedBy\",\"description\":\"\",\"placeholder\":\"\",\"visible\":false,\"editable\":true,\"mainField\":\"firstname\"},\"list\":{\"label\":\"updatedBy\",\"searchable\":true,\"sortable\":true}}},\"layouts\":{\"list\":[\"id\",\"action\",\"role\",\"createdAt\"],\"edit\":[[{\"name\":\"action\",\"size\":6},{\"name\":\"role\",\"size\":6}]]},\"uid\":\"plugin::users-permissions.permission\"}', 'object', NULL, NULL),
(10, 'plugin_content_manager_configuration_content_types::plugin::users-permissions.role', '{\"settings\":{\"bulkable\":true,\"filterable\":true,\"searchable\":true,\"pageSize\":10,\"mainField\":\"name\",\"defaultSortBy\":\"name\",\"defaultSortOrder\":\"ASC\"},\"metadatas\":{\"id\":{\"edit\":{},\"list\":{\"label\":\"id\",\"searchable\":true,\"sortable\":true}},\"name\":{\"edit\":{\"label\":\"name\",\"description\":\"\",\"placeholder\":\"\",\"visible\":true,\"editable\":true},\"list\":{\"label\":\"name\",\"searchable\":true,\"sortable\":true}},\"description\":{\"edit\":{\"label\":\"description\",\"description\":\"\",\"placeholder\":\"\",\"visible\":true,\"editable\":true},\"list\":{\"label\":\"description\",\"searchable\":true,\"sortable\":true}},\"type\":{\"edit\":{\"label\":\"type\",\"description\":\"\",\"placeholder\":\"\",\"visible\":true,\"editable\":true},\"list\":{\"label\":\"type\",\"searchable\":true,\"sortable\":true}},\"permissions\":{\"edit\":{\"label\":\"permissions\",\"description\":\"\",\"placeholder\":\"\",\"visible\":true,\"editable\":true,\"mainField\":\"action\"},\"list\":{\"label\":\"permissions\",\"searchable\":false,\"sortable\":false}},\"users\":{\"edit\":{\"label\":\"users\",\"description\":\"\",\"placeholder\":\"\",\"visible\":true,\"editable\":true,\"mainField\":\"username\"},\"list\":{\"label\":\"users\",\"searchable\":false,\"sortable\":false}},\"createdAt\":{\"edit\":{\"label\":\"createdAt\",\"description\":\"\",\"placeholder\":\"\",\"visible\":false,\"editable\":true},\"list\":{\"label\":\"createdAt\",\"searchable\":true,\"sortable\":true}},\"updatedAt\":{\"edit\":{\"label\":\"updatedAt\",\"description\":\"\",\"placeholder\":\"\",\"visible\":false,\"editable\":true},\"list\":{\"label\":\"updatedAt\",\"searchable\":true,\"sortable\":true}},\"createdBy\":{\"edit\":{\"label\":\"createdBy\",\"description\":\"\",\"placeholder\":\"\",\"visible\":false,\"editable\":true,\"mainField\":\"firstname\"},\"list\":{\"label\":\"createdBy\",\"searchable\":true,\"sortable\":true}},\"updatedBy\":{\"edit\":{\"label\":\"updatedBy\",\"description\":\"\",\"placeholder\":\"\",\"visible\":false,\"editable\":true,\"mainField\":\"firstname\"},\"list\":{\"label\":\"updatedBy\",\"searchable\":true,\"sortable\":true}}},\"layouts\":{\"list\":[\"id\",\"name\",\"description\",\"type\"],\"edit\":[[{\"name\":\"name\",\"size\":6},{\"name\":\"description\",\"size\":6}],[{\"name\":\"type\",\"size\":6},{\"name\":\"permissions\",\"size\":6}],[{\"name\":\"users\",\"size\":6}]]},\"uid\":\"plugin::users-permissions.role\"}', 'object', NULL, NULL),
(11, 'plugin_content_manager_configuration_content_types::plugin::users-permissions.user', '{\"settings\":{\"bulkable\":true,\"filterable\":true,\"searchable\":true,\"pageSize\":10,\"mainField\":\"username\",\"defaultSortBy\":\"username\",\"defaultSortOrder\":\"ASC\"},\"metadatas\":{\"id\":{\"edit\":{},\"list\":{\"label\":\"id\",\"searchable\":true,\"sortable\":true}},\"username\":{\"edit\":{\"label\":\"username\",\"description\":\"\",\"placeholder\":\"\",\"visible\":true,\"editable\":true},\"list\":{\"label\":\"username\",\"searchable\":true,\"sortable\":true}},\"email\":{\"edit\":{\"label\":\"email\",\"description\":\"\",\"placeholder\":\"\",\"visible\":true,\"editable\":true},\"list\":{\"label\":\"email\",\"searchable\":true,\"sortable\":true}},\"provider\":{\"edit\":{\"label\":\"provider\",\"description\":\"\",\"placeholder\":\"\",\"visible\":false,\"editable\":true},\"list\":{\"label\":\"provider\",\"searchable\":true,\"sortable\":true}},\"password\":{\"edit\":{\"label\":\"password\",\"description\":\"\",\"placeholder\":\"\",\"visible\":true,\"editable\":true},\"list\":{\"label\":\"password\",\"searchable\":true,\"sortable\":true}},\"resetPasswordToken\":{\"edit\":{\"label\":\"resetPasswordToken\",\"description\":\"\",\"placeholder\":\"\",\"visible\":false,\"editable\":true},\"list\":{\"label\":\"resetPasswordToken\",\"searchable\":true,\"sortable\":true}},\"confirmationToken\":{\"edit\":{\"label\":\"confirmationToken\",\"description\":\"\",\"placeholder\":\"\",\"visible\":false,\"editable\":true},\"list\":{\"label\":\"confirmationToken\",\"searchable\":true,\"sortable\":true}},\"confirmed\":{\"edit\":{\"label\":\"confirmed\",\"description\":\"\",\"placeholder\":\"\",\"visible\":true,\"editable\":true},\"list\":{\"label\":\"confirmed\",\"searchable\":true,\"sortable\":true}},\"blocked\":{\"edit\":{\"label\":\"blocked\",\"description\":\"\",\"placeholder\":\"\",\"visible\":true,\"editable\":true},\"list\":{\"label\":\"blocked\",\"searchable\":true,\"sortable\":true}},\"role\":{\"edit\":{\"label\":\"role\",\"description\":\"\",\"placeholder\":\"\",\"visible\":true,\"editable\":true,\"mainField\":\"name\"},\"list\":{\"label\":\"role\",\"searchable\":true,\"sortable\":true}},\"createdAt\":{\"edit\":{\"label\":\"createdAt\",\"description\":\"\",\"placeholder\":\"\",\"visible\":false,\"editable\":true},\"list\":{\"label\":\"createdAt\",\"searchable\":true,\"sortable\":true}},\"updatedAt\":{\"edit\":{\"label\":\"updatedAt\",\"description\":\"\",\"placeholder\":\"\",\"visible\":false,\"editable\":true},\"list\":{\"label\":\"updatedAt\",\"searchable\":true,\"sortable\":true}},\"createdBy\":{\"edit\":{\"label\":\"createdBy\",\"description\":\"\",\"placeholder\":\"\",\"visible\":false,\"editable\":true,\"mainField\":\"firstname\"},\"list\":{\"label\":\"createdBy\",\"searchable\":true,\"sortable\":true}},\"updatedBy\":{\"edit\":{\"label\":\"updatedBy\",\"description\":\"\",\"placeholder\":\"\",\"visible\":false,\"editable\":true,\"mainField\":\"firstname\"},\"list\":{\"label\":\"updatedBy\",\"searchable\":true,\"sortable\":true}}},\"layouts\":{\"list\":[\"id\",\"username\",\"email\",\"confirmed\"],\"edit\":[[{\"name\":\"username\",\"size\":6},{\"name\":\"email\",\"size\":6}],[{\"name\":\"password\",\"size\":6},{\"name\":\"confirmed\",\"size\":4}],[{\"name\":\"blocked\",\"size\":4},{\"name\":\"role\",\"size\":6}]]},\"uid\":\"plugin::users-permissions.user\"}', 'object', NULL, NULL),
(12, 'plugin_content_manager_configuration_content_types::admin::permission', '{\"settings\":{\"bulkable\":true,\"filterable\":true,\"searchable\":true,\"pageSize\":10,\"mainField\":\"action\",\"defaultSortBy\":\"action\",\"defaultSortOrder\":\"ASC\"},\"metadatas\":{\"id\":{\"edit\":{},\"list\":{\"label\":\"id\",\"searchable\":true,\"sortable\":true}},\"action\":{\"edit\":{\"label\":\"action\",\"description\":\"\",\"placeholder\":\"\",\"visible\":true,\"editable\":true},\"list\":{\"label\":\"action\",\"searchable\":true,\"sortable\":true}},\"actionParameters\":{\"edit\":{\"label\":\"actionParameters\",\"description\":\"\",\"placeholder\":\"\",\"visible\":true,\"editable\":true},\"list\":{\"label\":\"actionParameters\",\"searchable\":false,\"sortable\":false}},\"subject\":{\"edit\":{\"label\":\"subject\",\"description\":\"\",\"placeholder\":\"\",\"visible\":true,\"editable\":true},\"list\":{\"label\":\"subject\",\"searchable\":true,\"sortable\":true}},\"properties\":{\"edit\":{\"label\":\"properties\",\"description\":\"\",\"placeholder\":\"\",\"visible\":true,\"editable\":true},\"list\":{\"label\":\"properties\",\"searchable\":false,\"sortable\":false}},\"conditions\":{\"edit\":{\"label\":\"conditions\",\"description\":\"\",\"placeholder\":\"\",\"visible\":true,\"editable\":true},\"list\":{\"label\":\"conditions\",\"searchable\":false,\"sortable\":false}},\"role\":{\"edit\":{\"label\":\"role\",\"description\":\"\",\"placeholder\":\"\",\"visible\":true,\"editable\":true,\"mainField\":\"name\"},\"list\":{\"label\":\"role\",\"searchable\":true,\"sortable\":true}},\"createdAt\":{\"edit\":{\"label\":\"createdAt\",\"description\":\"\",\"placeholder\":\"\",\"visible\":false,\"editable\":true},\"list\":{\"label\":\"createdAt\",\"searchable\":true,\"sortable\":true}},\"updatedAt\":{\"edit\":{\"label\":\"updatedAt\",\"description\":\"\",\"placeholder\":\"\",\"visible\":false,\"editable\":true},\"list\":{\"label\":\"updatedAt\",\"searchable\":true,\"sortable\":true}},\"createdBy\":{\"edit\":{\"label\":\"createdBy\",\"description\":\"\",\"placeholder\":\"\",\"visible\":false,\"editable\":true,\"mainField\":\"firstname\"},\"list\":{\"label\":\"createdBy\",\"searchable\":true,\"sortable\":true}},\"updatedBy\":{\"edit\":{\"label\":\"updatedBy\",\"description\":\"\",\"placeholder\":\"\",\"visible\":false,\"editable\":true,\"mainField\":\"firstname\"},\"list\":{\"label\":\"updatedBy\",\"searchable\":true,\"sortable\":true}}},\"layouts\":{\"list\":[\"id\",\"action\",\"subject\",\"role\"],\"edit\":[[{\"name\":\"action\",\"size\":6}],[{\"name\":\"actionParameters\",\"size\":12}],[{\"name\":\"subject\",\"size\":6}],[{\"name\":\"properties\",\"size\":12}],[{\"name\":\"conditions\",\"size\":12}],[{\"name\":\"role\",\"size\":6}]]},\"uid\":\"admin::permission\"}', 'object', NULL, NULL),
(13, 'plugin_content_manager_configuration_content_types::admin::role', '{\"settings\":{\"bulkable\":true,\"filterable\":true,\"searchable\":true,\"pageSize\":10,\"mainField\":\"name\",\"defaultSortBy\":\"name\",\"defaultSortOrder\":\"ASC\"},\"metadatas\":{\"id\":{\"edit\":{},\"list\":{\"label\":\"id\",\"searchable\":true,\"sortable\":true}},\"name\":{\"edit\":{\"label\":\"name\",\"description\":\"\",\"placeholder\":\"\",\"visible\":true,\"editable\":true},\"list\":{\"label\":\"name\",\"searchable\":true,\"sortable\":true}},\"code\":{\"edit\":{\"label\":\"code\",\"description\":\"\",\"placeholder\":\"\",\"visible\":true,\"editable\":true},\"list\":{\"label\":\"code\",\"searchable\":true,\"sortable\":true}},\"description\":{\"edit\":{\"label\":\"description\",\"description\":\"\",\"placeholder\":\"\",\"visible\":true,\"editable\":true},\"list\":{\"label\":\"description\",\"searchable\":true,\"sortable\":true}},\"users\":{\"edit\":{\"label\":\"users\",\"description\":\"\",\"placeholder\":\"\",\"visible\":true,\"editable\":true,\"mainField\":\"firstname\"},\"list\":{\"label\":\"users\",\"searchable\":false,\"sortable\":false}},\"permissions\":{\"edit\":{\"label\":\"permissions\",\"description\":\"\",\"placeholder\":\"\",\"visible\":true,\"editable\":true,\"mainField\":\"action\"},\"list\":{\"label\":\"permissions\",\"searchable\":false,\"sortable\":false}},\"createdAt\":{\"edit\":{\"label\":\"createdAt\",\"description\":\"\",\"placeholder\":\"\",\"visible\":false,\"editable\":true},\"list\":{\"label\":\"createdAt\",\"searchable\":true,\"sortable\":true}},\"updatedAt\":{\"edit\":{\"label\":\"updatedAt\",\"description\":\"\",\"placeholder\":\"\",\"visible\":false,\"editable\":true},\"list\":{\"label\":\"updatedAt\",\"searchable\":true,\"sortable\":true}},\"createdBy\":{\"edit\":{\"label\":\"createdBy\",\"description\":\"\",\"placeholder\":\"\",\"visible\":false,\"editable\":true,\"mainField\":\"firstname\"},\"list\":{\"label\":\"createdBy\",\"searchable\":true,\"sortable\":true}},\"updatedBy\":{\"edit\":{\"label\":\"updatedBy\",\"description\":\"\",\"placeholder\":\"\",\"visible\":false,\"editable\":true,\"mainField\":\"firstname\"},\"list\":{\"label\":\"updatedBy\",\"searchable\":true,\"sortable\":true}}},\"layouts\":{\"list\":[\"id\",\"name\",\"code\",\"description\"],\"edit\":[[{\"name\":\"name\",\"size\":6},{\"name\":\"code\",\"size\":6}],[{\"name\":\"description\",\"size\":6},{\"name\":\"users\",\"size\":6}],[{\"name\":\"permissions\",\"size\":6}]]},\"uid\":\"admin::role\"}', 'object', NULL, NULL),
(14, 'plugin_content_manager_configuration_content_types::admin::api-token', '{\"settings\":{\"bulkable\":true,\"filterable\":true,\"searchable\":true,\"pageSize\":10,\"mainField\":\"name\",\"defaultSortBy\":\"name\",\"defaultSortOrder\":\"ASC\"},\"metadatas\":{\"id\":{\"edit\":{},\"list\":{\"label\":\"id\",\"searchable\":true,\"sortable\":true}},\"name\":{\"edit\":{\"label\":\"name\",\"description\":\"\",\"placeholder\":\"\",\"visible\":true,\"editable\":true},\"list\":{\"label\":\"name\",\"searchable\":true,\"sortable\":true}},\"description\":{\"edit\":{\"label\":\"description\",\"description\":\"\",\"placeholder\":\"\",\"visible\":true,\"editable\":true},\"list\":{\"label\":\"description\",\"searchable\":true,\"sortable\":true}},\"type\":{\"edit\":{\"label\":\"type\",\"description\":\"\",\"placeholder\":\"\",\"visible\":true,\"editable\":true},\"list\":{\"label\":\"type\",\"searchable\":true,\"sortable\":true}},\"accessKey\":{\"edit\":{\"label\":\"accessKey\",\"description\":\"\",\"placeholder\":\"\",\"visible\":true,\"editable\":true},\"list\":{\"label\":\"accessKey\",\"searchable\":true,\"sortable\":true}},\"encryptedKey\":{\"edit\":{\"label\":\"encryptedKey\",\"description\":\"\",\"placeholder\":\"\",\"visible\":true,\"editable\":true},\"list\":{\"label\":\"encryptedKey\",\"searchable\":true,\"sortable\":true}},\"lastUsedAt\":{\"edit\":{\"label\":\"lastUsedAt\",\"description\":\"\",\"placeholder\":\"\",\"visible\":true,\"editable\":true},\"list\":{\"label\":\"lastUsedAt\",\"searchable\":true,\"sortable\":true}},\"permissions\":{\"edit\":{\"label\":\"permissions\",\"description\":\"\",\"placeholder\":\"\",\"visible\":true,\"editable\":true,\"mainField\":\"action\"},\"list\":{\"label\":\"permissions\",\"searchable\":false,\"sortable\":false}},\"expiresAt\":{\"edit\":{\"label\":\"expiresAt\",\"description\":\"\",\"placeholder\":\"\",\"visible\":true,\"editable\":true},\"list\":{\"label\":\"expiresAt\",\"searchable\":true,\"sortable\":true}},\"lifespan\":{\"edit\":{\"label\":\"lifespan\",\"description\":\"\",\"placeholder\":\"\",\"visible\":true,\"editable\":true},\"list\":{\"label\":\"lifespan\",\"searchable\":true,\"sortable\":true}},\"createdAt\":{\"edit\":{\"label\":\"createdAt\",\"description\":\"\",\"placeholder\":\"\",\"visible\":false,\"editable\":true},\"list\":{\"label\":\"createdAt\",\"searchable\":true,\"sortable\":true}},\"updatedAt\":{\"edit\":{\"label\":\"updatedAt\",\"description\":\"\",\"placeholder\":\"\",\"visible\":false,\"editable\":true},\"list\":{\"label\":\"updatedAt\",\"searchable\":true,\"sortable\":true}},\"createdBy\":{\"edit\":{\"label\":\"createdBy\",\"description\":\"\",\"placeholder\":\"\",\"visible\":false,\"editable\":true,\"mainField\":\"firstname\"},\"list\":{\"label\":\"createdBy\",\"searchable\":true,\"sortable\":true}},\"updatedBy\":{\"edit\":{\"label\":\"updatedBy\",\"description\":\"\",\"placeholder\":\"\",\"visible\":false,\"editable\":true,\"mainField\":\"firstname\"},\"list\":{\"label\":\"updatedBy\",\"searchable\":true,\"sortable\":true}}},\"layouts\":{\"list\":[\"id\",\"name\",\"description\",\"type\"],\"edit\":[[{\"name\":\"name\",\"size\":6},{\"name\":\"description\",\"size\":6}],[{\"name\":\"type\",\"size\":6},{\"name\":\"accessKey\",\"size\":6}],[{\"name\":\"encryptedKey\",\"size\":6},{\"name\":\"lastUsedAt\",\"size\":6}],[{\"name\":\"permissions\",\"size\":6},{\"name\":\"expiresAt\",\"size\":6}],[{\"name\":\"lifespan\",\"size\":4}]]},\"uid\":\"admin::api-token\"}', 'object', NULL, NULL),
(15, 'plugin_content_manager_configuration_content_types::admin::api-token-permission', '{\"settings\":{\"bulkable\":true,\"filterable\":true,\"searchable\":true,\"pageSize\":10,\"mainField\":\"action\",\"defaultSortBy\":\"action\",\"defaultSortOrder\":\"ASC\"},\"metadatas\":{\"id\":{\"edit\":{},\"list\":{\"label\":\"id\",\"searchable\":true,\"sortable\":true}},\"action\":{\"edit\":{\"label\":\"action\",\"description\":\"\",\"placeholder\":\"\",\"visible\":true,\"editable\":true},\"list\":{\"label\":\"action\",\"searchable\":true,\"sortable\":true}},\"token\":{\"edit\":{\"label\":\"token\",\"description\":\"\",\"placeholder\":\"\",\"visible\":true,\"editable\":true,\"mainField\":\"name\"},\"list\":{\"label\":\"token\",\"searchable\":true,\"sortable\":true}},\"createdAt\":{\"edit\":{\"label\":\"createdAt\",\"description\":\"\",\"placeholder\":\"\",\"visible\":false,\"editable\":true},\"list\":{\"label\":\"createdAt\",\"searchable\":true,\"sortable\":true}},\"updatedAt\":{\"edit\":{\"label\":\"updatedAt\",\"description\":\"\",\"placeholder\":\"\",\"visible\":false,\"editable\":true},\"list\":{\"label\":\"updatedAt\",\"searchable\":true,\"sortable\":true}},\"createdBy\":{\"edit\":{\"label\":\"createdBy\",\"description\":\"\",\"placeholder\":\"\",\"visible\":false,\"editable\":true,\"mainField\":\"firstname\"},\"list\":{\"label\":\"createdBy\",\"searchable\":true,\"sortable\":true}},\"updatedBy\":{\"edit\":{\"label\":\"updatedBy\",\"description\":\"\",\"placeholder\":\"\",\"visible\":false,\"editable\":true,\"mainField\":\"firstname\"},\"list\":{\"label\":\"updatedBy\",\"searchable\":true,\"sortable\":true}}},\"layouts\":{\"list\":[\"id\",\"action\",\"token\",\"createdAt\"],\"edit\":[[{\"name\":\"action\",\"size\":6},{\"name\":\"token\",\"size\":6}]]},\"uid\":\"admin::api-token-permission\"}', 'object', NULL, NULL),
(16, 'plugin_content_manager_configuration_content_types::admin::transfer-token', '{\"settings\":{\"bulkable\":true,\"filterable\":true,\"searchable\":true,\"pageSize\":10,\"mainField\":\"name\",\"defaultSortBy\":\"name\",\"defaultSortOrder\":\"ASC\"},\"metadatas\":{\"id\":{\"edit\":{},\"list\":{\"label\":\"id\",\"searchable\":true,\"sortable\":true}},\"name\":{\"edit\":{\"label\":\"name\",\"description\":\"\",\"placeholder\":\"\",\"visible\":true,\"editable\":true},\"list\":{\"label\":\"name\",\"searchable\":true,\"sortable\":true}},\"description\":{\"edit\":{\"label\":\"description\",\"description\":\"\",\"placeholder\":\"\",\"visible\":true,\"editable\":true},\"list\":{\"label\":\"description\",\"searchable\":true,\"sortable\":true}},\"accessKey\":{\"edit\":{\"label\":\"accessKey\",\"description\":\"\",\"placeholder\":\"\",\"visible\":true,\"editable\":true},\"list\":{\"label\":\"accessKey\",\"searchable\":true,\"sortable\":true}},\"lastUsedAt\":{\"edit\":{\"label\":\"lastUsedAt\",\"description\":\"\",\"placeholder\":\"\",\"visible\":true,\"editable\":true},\"list\":{\"label\":\"lastUsedAt\",\"searchable\":true,\"sortable\":true}},\"permissions\":{\"edit\":{\"label\":\"permissions\",\"description\":\"\",\"placeholder\":\"\",\"visible\":true,\"editable\":true,\"mainField\":\"action\"},\"list\":{\"label\":\"permissions\",\"searchable\":false,\"sortable\":false}},\"expiresAt\":{\"edit\":{\"label\":\"expiresAt\",\"description\":\"\",\"placeholder\":\"\",\"visible\":true,\"editable\":true},\"list\":{\"label\":\"expiresAt\",\"searchable\":true,\"sortable\":true}},\"lifespan\":{\"edit\":{\"label\":\"lifespan\",\"description\":\"\",\"placeholder\":\"\",\"visible\":true,\"editable\":true},\"list\":{\"label\":\"lifespan\",\"searchable\":true,\"sortable\":true}},\"createdAt\":{\"edit\":{\"label\":\"createdAt\",\"description\":\"\",\"placeholder\":\"\",\"visible\":false,\"editable\":true},\"list\":{\"label\":\"createdAt\",\"searchable\":true,\"sortable\":true}},\"updatedAt\":{\"edit\":{\"label\":\"updatedAt\",\"description\":\"\",\"placeholder\":\"\",\"visible\":false,\"editable\":true},\"list\":{\"label\":\"updatedAt\",\"searchable\":true,\"sortable\":true}},\"createdBy\":{\"edit\":{\"label\":\"createdBy\",\"description\":\"\",\"placeholder\":\"\",\"visible\":false,\"editable\":true,\"mainField\":\"firstname\"},\"list\":{\"label\":\"createdBy\",\"searchable\":true,\"sortable\":true}},\"updatedBy\":{\"edit\":{\"label\":\"updatedBy\",\"description\":\"\",\"placeholder\":\"\",\"visible\":false,\"editable\":true,\"mainField\":\"firstname\"},\"list\":{\"label\":\"updatedBy\",\"searchable\":true,\"sortable\":true}}},\"layouts\":{\"list\":[\"id\",\"name\",\"description\",\"accessKey\"],\"edit\":[[{\"name\":\"name\",\"size\":6},{\"name\":\"description\",\"size\":6}],[{\"name\":\"accessKey\",\"size\":6},{\"name\":\"lastUsedAt\",\"size\":6}],[{\"name\":\"permissions\",\"size\":6},{\"name\":\"expiresAt\",\"size\":6}],[{\"name\":\"lifespan\",\"size\":4}]]},\"uid\":\"admin::transfer-token\"}', 'object', NULL, NULL),
(17, 'plugin_content_manager_configuration_content_types::admin::transfer-token-permission', '{\"settings\":{\"bulkable\":true,\"filterable\":true,\"searchable\":true,\"pageSize\":10,\"mainField\":\"action\",\"defaultSortBy\":\"action\",\"defaultSortOrder\":\"ASC\"},\"metadatas\":{\"id\":{\"edit\":{},\"list\":{\"label\":\"id\",\"searchable\":true,\"sortable\":true}},\"action\":{\"edit\":{\"label\":\"action\",\"description\":\"\",\"placeholder\":\"\",\"visible\":true,\"editable\":true},\"list\":{\"label\":\"action\",\"searchable\":true,\"sortable\":true}},\"token\":{\"edit\":{\"label\":\"token\",\"description\":\"\",\"placeholder\":\"\",\"visible\":true,\"editable\":true,\"mainField\":\"name\"},\"list\":{\"label\":\"token\",\"searchable\":true,\"sortable\":true}},\"createdAt\":{\"edit\":{\"label\":\"createdAt\",\"description\":\"\",\"placeholder\":\"\",\"visible\":false,\"editable\":true},\"list\":{\"label\":\"createdAt\",\"searchable\":true,\"sortable\":true}},\"updatedAt\":{\"edit\":{\"label\":\"updatedAt\",\"description\":\"\",\"placeholder\":\"\",\"visible\":false,\"editable\":true},\"list\":{\"label\":\"updatedAt\",\"searchable\":true,\"sortable\":true}},\"createdBy\":{\"edit\":{\"label\":\"createdBy\",\"description\":\"\",\"placeholder\":\"\",\"visible\":false,\"editable\":true,\"mainField\":\"firstname\"},\"list\":{\"label\":\"createdBy\",\"searchable\":true,\"sortable\":true}},\"updatedBy\":{\"edit\":{\"label\":\"updatedBy\",\"description\":\"\",\"placeholder\":\"\",\"visible\":false,\"editable\":true,\"mainField\":\"firstname\"},\"list\":{\"label\":\"updatedBy\",\"searchable\":true,\"sortable\":true}}},\"layouts\":{\"list\":[\"id\",\"action\",\"token\",\"createdAt\"],\"edit\":[[{\"name\":\"action\",\"size\":6},{\"name\":\"token\",\"size\":6}]]},\"uid\":\"admin::transfer-token-permission\"}', 'object', NULL, NULL),
(18, 'plugin_content_manager_configuration_content_types::admin::user', '{\"settings\":{\"bulkable\":true,\"filterable\":true,\"searchable\":true,\"pageSize\":10,\"mainField\":\"firstname\",\"defaultSortBy\":\"firstname\",\"defaultSortOrder\":\"ASC\"},\"metadatas\":{\"id\":{\"edit\":{},\"list\":{\"label\":\"id\",\"searchable\":true,\"sortable\":true}},\"firstname\":{\"edit\":{\"label\":\"firstname\",\"description\":\"\",\"placeholder\":\"\",\"visible\":true,\"editable\":true},\"list\":{\"label\":\"firstname\",\"searchable\":true,\"sortable\":true}},\"lastname\":{\"edit\":{\"label\":\"lastname\",\"description\":\"\",\"placeholder\":\"\",\"visible\":true,\"editable\":true},\"list\":{\"label\":\"lastname\",\"searchable\":true,\"sortable\":true}},\"username\":{\"edit\":{\"label\":\"username\",\"description\":\"\",\"placeholder\":\"\",\"visible\":true,\"editable\":true},\"list\":{\"label\":\"username\",\"searchable\":true,\"sortable\":true}},\"email\":{\"edit\":{\"label\":\"email\",\"description\":\"\",\"placeholder\":\"\",\"visible\":true,\"editable\":true},\"list\":{\"label\":\"email\",\"searchable\":true,\"sortable\":true}},\"password\":{\"edit\":{\"label\":\"password\",\"description\":\"\",\"placeholder\":\"\",\"visible\":true,\"editable\":true},\"list\":{\"label\":\"password\",\"searchable\":true,\"sortable\":true}},\"resetPasswordToken\":{\"edit\":{\"label\":\"resetPasswordToken\",\"description\":\"\",\"placeholder\":\"\",\"visible\":false,\"editable\":true},\"list\":{\"label\":\"resetPasswordToken\",\"searchable\":true,\"sortable\":true}},\"registrationToken\":{\"edit\":{\"label\":\"registrationToken\",\"description\":\"\",\"placeholder\":\"\",\"visible\":false,\"editable\":true},\"list\":{\"label\":\"registrationToken\",\"searchable\":true,\"sortable\":true}},\"isActive\":{\"edit\":{\"label\":\"isActive\",\"description\":\"\",\"placeholder\":\"\",\"visible\":true,\"editable\":true},\"list\":{\"label\":\"isActive\",\"searchable\":true,\"sortable\":true}},\"roles\":{\"edit\":{\"label\":\"roles\",\"description\":\"\",\"placeholder\":\"\",\"visible\":true,\"editable\":true,\"mainField\":\"name\"},\"list\":{\"label\":\"roles\",\"searchable\":false,\"sortable\":false}},\"blocked\":{\"edit\":{\"label\":\"blocked\",\"description\":\"\",\"placeholder\":\"\",\"visible\":true,\"editable\":true},\"list\":{\"label\":\"blocked\",\"searchable\":true,\"sortable\":true}},\"preferedLanguage\":{\"edit\":{\"label\":\"preferedLanguage\",\"description\":\"\",\"placeholder\":\"\",\"visible\":true,\"editable\":true},\"list\":{\"label\":\"preferedLanguage\",\"searchable\":true,\"sortable\":true}},\"createdAt\":{\"edit\":{\"label\":\"createdAt\",\"description\":\"\",\"placeholder\":\"\",\"visible\":false,\"editable\":true},\"list\":{\"label\":\"createdAt\",\"searchable\":true,\"sortable\":true}},\"updatedAt\":{\"edit\":{\"label\":\"updatedAt\",\"description\":\"\",\"placeholder\":\"\",\"visible\":false,\"editable\":true},\"list\":{\"label\":\"updatedAt\",\"searchable\":true,\"sortable\":true}},\"createdBy\":{\"edit\":{\"label\":\"createdBy\",\"description\":\"\",\"placeholder\":\"\",\"visible\":false,\"editable\":true,\"mainField\":\"firstname\"},\"list\":{\"label\":\"createdBy\",\"searchable\":true,\"sortable\":true}},\"updatedBy\":{\"edit\":{\"label\":\"updatedBy\",\"description\":\"\",\"placeholder\":\"\",\"visible\":false,\"editable\":true,\"mainField\":\"firstname\"},\"list\":{\"label\":\"updatedBy\",\"searchable\":true,\"sortable\":true}}},\"layouts\":{\"list\":[\"id\",\"firstname\",\"lastname\",\"username\"],\"edit\":[[{\"name\":\"firstname\",\"size\":6},{\"name\":\"lastname\",\"size\":6}],[{\"name\":\"username\",\"size\":6},{\"name\":\"email\",\"size\":6}],[{\"name\":\"password\",\"size\":6},{\"name\":\"isActive\",\"size\":4}],[{\"name\":\"roles\",\"size\":6},{\"name\":\"blocked\",\"size\":4}],[{\"name\":\"preferedLanguage\",\"size\":6}]]},\"uid\":\"admin::user\"}', 'object', NULL, NULL),
(19, 'plugin_upload_settings', '{\"sizeOptimization\":true,\"responsiveDimensions\":true,\"autoOrientation\":false}', 'object', NULL, NULL),
(20, 'plugin_upload_view_configuration', '{\"pageSize\":10,\"sort\":\"createdAt:DESC\"}', 'object', NULL, NULL),
(21, 'plugin_upload_metrics', '{\"weeklySchedule\":\"14 0 8 * * 1\",\"lastWeeklyUpdate\":1750035614133}', 'object', NULL, NULL),
(22, 'plugin_i18n_default_locale', '\"en\"', 'string', NULL, NULL);
INSERT INTO `strapi_core_store_settings` (`id`, `key`, `value`, `type`, `environment`, `tag`) VALUES
(23, 'plugin_users-permissions_grant', '{\"email\":{\"icon\":\"envelope\",\"enabled\":true},\"discord\":{\"icon\":\"discord\",\"enabled\":false,\"key\":\"\",\"secret\":\"\",\"callbackUrl\":\"api/auth/discord/callback\",\"scope\":[\"identify\",\"email\"]},\"facebook\":{\"icon\":\"facebook-square\",\"enabled\":false,\"key\":\"\",\"secret\":\"\",\"callbackUrl\":\"api/auth/facebook/callback\",\"scope\":[\"email\"]},\"google\":{\"icon\":\"google\",\"enabled\":false,\"key\":\"\",\"secret\":\"\",\"callbackUrl\":\"api/auth/google/callback\",\"scope\":[\"email\"]},\"github\":{\"icon\":\"github\",\"enabled\":false,\"key\":\"\",\"secret\":\"\",\"callbackUrl\":\"api/auth/github/callback\",\"scope\":[\"user\",\"user:email\"]},\"microsoft\":{\"icon\":\"windows\",\"enabled\":false,\"key\":\"\",\"secret\":\"\",\"callbackUrl\":\"api/auth/microsoft/callback\",\"scope\":[\"user.read\"]},\"twitter\":{\"icon\":\"twitter\",\"enabled\":false,\"key\":\"\",\"secret\":\"\",\"callbackUrl\":\"api/auth/twitter/callback\"},\"instagram\":{\"icon\":\"instagram\",\"enabled\":false,\"key\":\"\",\"secret\":\"\",\"callbackUrl\":\"api/auth/instagram/callback\",\"scope\":[\"user_profile\"]},\"vk\":{\"icon\":\"vk\",\"enabled\":false,\"key\":\"\",\"secret\":\"\",\"callbackUrl\":\"api/auth/vk/callback\",\"scope\":[\"email\"]},\"twitch\":{\"icon\":\"twitch\",\"enabled\":false,\"key\":\"\",\"secret\":\"\",\"callbackUrl\":\"api/auth/twitch/callback\",\"scope\":[\"user:read:email\"]},\"linkedin\":{\"icon\":\"linkedin\",\"enabled\":false,\"key\":\"\",\"secret\":\"\",\"callbackUrl\":\"api/auth/linkedin/callback\",\"scope\":[\"r_liteprofile\",\"r_emailaddress\"]},\"cognito\":{\"icon\":\"aws\",\"enabled\":false,\"key\":\"\",\"secret\":\"\",\"subdomain\":\"my.subdomain.com\",\"callback\":\"api/auth/cognito/callback\",\"scope\":[\"email\",\"openid\",\"profile\"]},\"reddit\":{\"icon\":\"reddit\",\"enabled\":false,\"key\":\"\",\"secret\":\"\",\"callback\":\"api/auth/reddit/callback\",\"scope\":[\"identity\"]},\"auth0\":{\"icon\":\"\",\"enabled\":false,\"key\":\"\",\"secret\":\"\",\"subdomain\":\"my-tenant.eu\",\"callback\":\"api/auth/auth0/callback\",\"scope\":[\"openid\",\"email\",\"profile\"]},\"cas\":{\"icon\":\"book\",\"enabled\":false,\"key\":\"\",\"secret\":\"\",\"callback\":\"api/auth/cas/callback\",\"scope\":[\"openid email\"],\"subdomain\":\"my.subdomain.com/cas\"},\"patreon\":{\"icon\":\"\",\"enabled\":false,\"key\":\"\",\"secret\":\"\",\"callback\":\"api/auth/patreon/callback\",\"scope\":[\"identity\",\"identity[email]\"]},\"keycloak\":{\"icon\":\"\",\"enabled\":false,\"key\":\"\",\"secret\":\"\",\"subdomain\":\"myKeycloakProvider.com/realms/myrealm\",\"callback\":\"api/auth/keycloak/callback\",\"scope\":[\"openid\",\"email\",\"profile\"]}}', 'object', NULL, NULL),
(24, 'plugin_users-permissions_email', '{\"reset_password\":{\"display\":\"Email.template.reset_password\",\"icon\":\"sync\",\"options\":{\"from\":{\"name\":\"Administration Panel\",\"email\":\"no-reply@strapi.io\"},\"response_email\":\"\",\"object\":\"Reset password\",\"message\":\"<p>We heard that you lost your password. Sorry about that!</p>\\n\\n<p>But dont worry! You can use the following link to reset your password:</p>\\n<p><%= URL %>?code=<%= TOKEN %></p>\\n\\n<p>Thanks.</p>\"}},\"email_confirmation\":{\"display\":\"Email.template.email_confirmation\",\"icon\":\"check-square\",\"options\":{\"from\":{\"name\":\"Administration Panel\",\"email\":\"no-reply@strapi.io\"},\"response_email\":\"\",\"object\":\"Account confirmation\",\"message\":\"<p>Thank you for registering!</p>\\n\\n<p>You have to confirm your email address. Please click on the link below.</p>\\n\\n<p><%= URL %>?confirmation=<%= CODE %></p>\\n\\n<p>Thanks.</p>\"}}}', 'object', NULL, NULL),
(25, 'plugin_users-permissions_advanced', '{\"unique_email\":true,\"allow_register\":true,\"email_confirmation\":false,\"email_reset_password\":null,\"email_confirmation_redirection\":null,\"default_role\":\"authenticated\"}', 'object', NULL, NULL),
(26, 'core_admin_auth', '{\"providers\":{\"autoRegister\":false,\"defaultRole\":null,\"ssoLockedRoles\":null}}', 'object', NULL, NULL),
(27, 'plugin_content_manager_configuration_content_types::api::layanan.layanan', '{\"settings\":{\"bulkable\":true,\"filterable\":true,\"searchable\":true,\"pageSize\":10,\"mainField\":\"nama\",\"defaultSortBy\":\"nama\",\"defaultSortOrder\":\"ASC\"},\"metadatas\":{\"id\":{\"edit\":{},\"list\":{\"label\":\"id\",\"searchable\":true,\"sortable\":true}},\"nama\":{\"edit\":{\"label\":\"nama\",\"description\":\"\",\"placeholder\":\"\",\"visible\":true,\"editable\":true},\"list\":{\"label\":\"nama\",\"searchable\":true,\"sortable\":true}},\"deskripsi\":{\"edit\":{\"label\":\"deskripsi\",\"description\":\"\",\"placeholder\":\"\",\"visible\":true,\"editable\":true},\"list\":{\"label\":\"deskripsi\",\"searchable\":true,\"sortable\":true}},\"satuan\":{\"edit\":{\"label\":\"satuan\",\"description\":\"\",\"placeholder\":\"\",\"visible\":true,\"editable\":true},\"list\":{\"label\":\"satuan\",\"searchable\":true,\"sortable\":true}},\"harga\":{\"edit\":{\"label\":\"harga\",\"description\":\"\",\"placeholder\":\"\",\"visible\":true,\"editable\":true},\"list\":{\"label\":\"harga\",\"searchable\":true,\"sortable\":true}},\"estimasi_waktu\":{\"edit\":{\"label\":\"estimasi_waktu\",\"description\":\"\",\"placeholder\":\"\",\"visible\":true,\"editable\":true},\"list\":{\"label\":\"estimasi_waktu\",\"searchable\":true,\"sortable\":true}},\"image\":{\"edit\":{\"label\":\"image\",\"description\":\"\",\"placeholder\":\"\",\"visible\":true,\"editable\":true},\"list\":{\"label\":\"image\",\"searchable\":false,\"sortable\":false}},\"kategori_layanan\":{\"edit\":{\"label\":\"kategori_layanan\",\"description\":\"\",\"placeholder\":\"\",\"visible\":true,\"editable\":true,\"mainField\":\"nama_kategori\"},\"list\":{\"label\":\"kategori_layanan\",\"searchable\":true,\"sortable\":true}},\"detail_transaksis\":{\"edit\":{\"label\":\"detail_transaksis\",\"description\":\"\",\"placeholder\":\"\",\"visible\":true,\"editable\":true,\"mainField\":\"id\"},\"list\":{\"label\":\"detail_transaksis\",\"searchable\":false,\"sortable\":false}},\"createdAt\":{\"edit\":{\"label\":\"createdAt\",\"description\":\"\",\"placeholder\":\"\",\"visible\":false,\"editable\":true},\"list\":{\"label\":\"createdAt\",\"searchable\":true,\"sortable\":true}},\"updatedAt\":{\"edit\":{\"label\":\"updatedAt\",\"description\":\"\",\"placeholder\":\"\",\"visible\":false,\"editable\":true},\"list\":{\"label\":\"updatedAt\",\"searchable\":true,\"sortable\":true}},\"createdBy\":{\"edit\":{\"label\":\"createdBy\",\"description\":\"\",\"placeholder\":\"\",\"visible\":false,\"editable\":true,\"mainField\":\"firstname\"},\"list\":{\"label\":\"createdBy\",\"searchable\":true,\"sortable\":true}},\"updatedBy\":{\"edit\":{\"label\":\"updatedBy\",\"description\":\"\",\"placeholder\":\"\",\"visible\":false,\"editable\":true,\"mainField\":\"firstname\"},\"list\":{\"label\":\"updatedBy\",\"searchable\":true,\"sortable\":true}}},\"layouts\":{\"edit\":[[{\"name\":\"nama\",\"size\":6},{\"name\":\"kategori_layanan\",\"size\":6}],[{\"name\":\"deskripsi\",\"size\":6}],[{\"name\":\"satuan\",\"size\":6}],[{\"name\":\"estimasi_waktu\",\"size\":6}],[{\"name\":\"image\",\"size\":6}],[{\"name\":\"harga\",\"size\":4},{\"name\":\"detail_transaksis\",\"size\":6}]],\"list\":[\"id\",\"nama\",\"kategori_layanan\",\"satuan\",\"deskripsi\"]},\"uid\":\"api::layanan.layanan\"}', 'object', NULL, NULL),
(28, 'plugin_content_manager_configuration_content_types::api::kategori-layanan.kategori-layanan', '{\"settings\":{\"bulkable\":true,\"filterable\":true,\"searchable\":true,\"pageSize\":10,\"mainField\":\"nama_kategori\",\"defaultSortBy\":\"nama_kategori\",\"defaultSortOrder\":\"ASC\"},\"metadatas\":{\"id\":{\"edit\":{},\"list\":{\"label\":\"id\",\"searchable\":true,\"sortable\":true}},\"nama_kategori\":{\"edit\":{\"label\":\"nama_kategori\",\"description\":\"\",\"placeholder\":\"\",\"visible\":true,\"editable\":true},\"list\":{\"label\":\"nama_kategori\",\"searchable\":true,\"sortable\":true}},\"deskripsi\":{\"edit\":{\"label\":\"deskripsi\",\"description\":\"\",\"placeholder\":\"\",\"visible\":true,\"editable\":true},\"list\":{\"label\":\"deskripsi\",\"searchable\":true,\"sortable\":true}},\"layanans\":{\"edit\":{\"label\":\"layanans\",\"description\":\"\",\"placeholder\":\"\",\"visible\":true,\"editable\":true,\"mainField\":\"nama\"},\"list\":{\"label\":\"layanans\",\"searchable\":false,\"sortable\":false}},\"createdAt\":{\"edit\":{\"label\":\"createdAt\",\"description\":\"\",\"placeholder\":\"\",\"visible\":false,\"editable\":true},\"list\":{\"label\":\"createdAt\",\"searchable\":true,\"sortable\":true}},\"updatedAt\":{\"edit\":{\"label\":\"updatedAt\",\"description\":\"\",\"placeholder\":\"\",\"visible\":false,\"editable\":true},\"list\":{\"label\":\"updatedAt\",\"searchable\":true,\"sortable\":true}},\"createdBy\":{\"edit\":{\"label\":\"createdBy\",\"description\":\"\",\"placeholder\":\"\",\"visible\":false,\"editable\":true,\"mainField\":\"firstname\"},\"list\":{\"label\":\"createdBy\",\"searchable\":true,\"sortable\":true}},\"updatedBy\":{\"edit\":{\"label\":\"updatedBy\",\"description\":\"\",\"placeholder\":\"\",\"visible\":false,\"editable\":true,\"mainField\":\"firstname\"},\"list\":{\"label\":\"updatedBy\",\"searchable\":true,\"sortable\":true}}},\"layouts\":{\"list\":[\"id\",\"nama_kategori\",\"deskripsi\",\"createdAt\"],\"edit\":[[{\"name\":\"nama_kategori\",\"size\":6},{\"name\":\"deskripsi\",\"size\":6}],[{\"name\":\"layanans\",\"size\":6}]]},\"uid\":\"api::kategori-layanan.kategori-layanan\"}', 'object', NULL, NULL),
(29, 'plugin_content_manager_configuration_content_types::api::transaksi.transaksi', '{\"settings\":{\"bulkable\":true,\"filterable\":true,\"searchable\":true,\"pageSize\":10,\"mainField\":\"id\",\"defaultSortBy\":\"updatedAt\",\"defaultSortOrder\":\"DESC\"},\"metadatas\":{\"id\":{\"edit\":{},\"list\":{\"label\":\"id\",\"searchable\":true,\"sortable\":true}},\"tanggal_pesan\":{\"edit\":{\"label\":\"tanggal_pesan\",\"description\":\"\",\"placeholder\":\"\",\"visible\":true,\"editable\":true},\"list\":{\"label\":\"tanggal_pesan\",\"searchable\":true,\"sortable\":true}},\"tanggal_selesai\":{\"edit\":{\"label\":\"tanggal_selesai\",\"description\":\"\",\"placeholder\":\"\",\"visible\":true,\"editable\":true},\"list\":{\"label\":\"tanggal_selesai\",\"searchable\":true,\"sortable\":true}},\"status_pembayaran\":{\"edit\":{\"label\":\"status_pembayaran\",\"description\":\"\",\"placeholder\":\"\",\"visible\":true,\"editable\":true},\"list\":{\"label\":\"status_pembayaran\",\"searchable\":true,\"sortable\":true}},\"status_pengerjaan\":{\"edit\":{\"label\":\"status_pengerjaan\",\"description\":\"\",\"placeholder\":\"\",\"visible\":true,\"editable\":true},\"list\":{\"label\":\"status_pengerjaan\",\"searchable\":true,\"sortable\":true}},\"total_harga\":{\"edit\":{\"label\":\"total_harga\",\"description\":\"\",\"placeholder\":\"\",\"visible\":true,\"editable\":true},\"list\":{\"label\":\"total_harga\",\"searchable\":true,\"sortable\":true}},\"catatan\":{\"edit\":{\"label\":\"catatan\",\"description\":\"\",\"placeholder\":\"\",\"visible\":true,\"editable\":true},\"list\":{\"label\":\"catatan\",\"searchable\":true,\"sortable\":true}},\"pelanggan\":{\"edit\":{\"label\":\"pelanggan\",\"description\":\"\",\"placeholder\":\"\",\"visible\":true,\"editable\":true,\"mainField\":\"nama\"},\"list\":{\"label\":\"pelanggan\",\"searchable\":true,\"sortable\":true}},\"detail_transaksis\":{\"edit\":{\"label\":\"detail_transaksis\",\"description\":\"\",\"placeholder\":\"\",\"visible\":true,\"editable\":true,\"mainField\":\"id\"},\"list\":{\"label\":\"detail_transaksis\",\"searchable\":false,\"sortable\":false}},\"createdAt\":{\"edit\":{\"label\":\"createdAt\",\"description\":\"\",\"placeholder\":\"\",\"visible\":false,\"editable\":true},\"list\":{\"label\":\"createdAt\",\"searchable\":true,\"sortable\":true}},\"updatedAt\":{\"edit\":{\"label\":\"updatedAt\",\"description\":\"\",\"placeholder\":\"\",\"visible\":false,\"editable\":true},\"list\":{\"label\":\"updatedAt\",\"searchable\":true,\"sortable\":true}},\"createdBy\":{\"edit\":{\"label\":\"createdBy\",\"description\":\"\",\"placeholder\":\"\",\"visible\":false,\"editable\":true,\"mainField\":\"firstname\"},\"list\":{\"label\":\"createdBy\",\"searchable\":true,\"sortable\":true}},\"updatedBy\":{\"edit\":{\"label\":\"updatedBy\",\"description\":\"\",\"placeholder\":\"\",\"visible\":false,\"editable\":true,\"mainField\":\"firstname\"},\"list\":{\"label\":\"updatedBy\",\"searchable\":true,\"sortable\":true}}},\"layouts\":{\"edit\":[[{\"name\":\"pelanggan\",\"size\":6},{\"name\":\"detail_transaksis\",\"size\":6}],[{\"name\":\"tanggal_pesan\",\"size\":4},{\"name\":\"tanggal_selesai\",\"size\":4}],[{\"name\":\"status_pembayaran\",\"size\":6},{\"name\":\"status_pengerjaan\",\"size\":6}],[{\"name\":\"total_harga\",\"size\":4},{\"name\":\"catatan\",\"size\":6}]],\"list\":[\"id\",\"pelanggan\",\"status_pembayaran\",\"tanggal_pesan\",\"tanggal_selesai\",\"updatedAt\"]},\"uid\":\"api::transaksi.transaksi\"}', 'object', NULL, NULL),
(30, 'plugin_content_manager_configuration_content_types::api::pelanggan.pelanggan', '{\"settings\":{\"bulkable\":true,\"filterable\":true,\"searchable\":true,\"pageSize\":10,\"mainField\":\"nama\",\"defaultSortBy\":\"nama\",\"defaultSortOrder\":\"ASC\"},\"metadatas\":{\"id\":{\"edit\":{},\"list\":{\"label\":\"id\",\"searchable\":true,\"sortable\":true}},\"nama\":{\"edit\":{\"label\":\"nama\",\"description\":\"\",\"placeholder\":\"\",\"visible\":true,\"editable\":true},\"list\":{\"label\":\"nama\",\"searchable\":true,\"sortable\":true}},\"nomor_telepon\":{\"edit\":{\"label\":\"nomor_telepon\",\"description\":\"\",\"placeholder\":\"\",\"visible\":true,\"editable\":true},\"list\":{\"label\":\"nomor_telepon\",\"searchable\":true,\"sortable\":true}},\"alamat\":{\"edit\":{\"label\":\"alamat\",\"description\":\"\",\"placeholder\":\"\",\"visible\":true,\"editable\":true},\"list\":{\"label\":\"alamat\",\"searchable\":true,\"sortable\":true}},\"email\":{\"edit\":{\"label\":\"email\",\"description\":\"\",\"placeholder\":\"\",\"visible\":true,\"editable\":true},\"list\":{\"label\":\"email\",\"searchable\":true,\"sortable\":true}},\"tanggal_register\":{\"edit\":{\"label\":\"tanggal_register\",\"description\":\"\",\"placeholder\":\"\",\"visible\":true,\"editable\":true},\"list\":{\"label\":\"tanggal_register\",\"searchable\":true,\"sortable\":true}},\"status_member\":{\"edit\":{\"label\":\"status_member\",\"description\":\"\",\"placeholder\":\"\",\"visible\":true,\"editable\":true},\"list\":{\"label\":\"status_member\",\"searchable\":true,\"sortable\":true}},\"transaksis\":{\"edit\":{\"label\":\"transaksis\",\"description\":\"\",\"placeholder\":\"\",\"visible\":true,\"editable\":true,\"mainField\":\"status_pembayaran\"},\"list\":{\"label\":\"transaksis\",\"searchable\":false,\"sortable\":false}},\"password\":{\"edit\":{\"label\":\"password\",\"description\":\"\",\"placeholder\":\"\",\"visible\":true,\"editable\":true},\"list\":{\"label\":\"password\",\"searchable\":true,\"sortable\":true}},\"createdAt\":{\"edit\":{\"label\":\"createdAt\",\"description\":\"\",\"placeholder\":\"\",\"visible\":false,\"editable\":true},\"list\":{\"label\":\"createdAt\",\"searchable\":true,\"sortable\":true}},\"updatedAt\":{\"edit\":{\"label\":\"updatedAt\",\"description\":\"\",\"placeholder\":\"\",\"visible\":false,\"editable\":true},\"list\":{\"label\":\"updatedAt\",\"searchable\":true,\"sortable\":true}},\"createdBy\":{\"edit\":{\"label\":\"createdBy\",\"description\":\"\",\"placeholder\":\"\",\"visible\":false,\"editable\":true,\"mainField\":\"firstname\"},\"list\":{\"label\":\"createdBy\",\"searchable\":true,\"sortable\":true}},\"updatedBy\":{\"edit\":{\"label\":\"updatedBy\",\"description\":\"\",\"placeholder\":\"\",\"visible\":false,\"editable\":true,\"mainField\":\"firstname\"},\"list\":{\"label\":\"updatedBy\",\"searchable\":true,\"sortable\":true}}},\"layouts\":{\"list\":[\"id\",\"nama\",\"nomor_telepon\",\"alamat\"],\"edit\":[[{\"name\":\"nama\",\"size\":6},{\"name\":\"nomor_telepon\",\"size\":6}],[{\"name\":\"alamat\",\"size\":6},{\"name\":\"email\",\"size\":6}],[{\"name\":\"tanggal_register\",\"size\":4},{\"name\":\"status_member\",\"size\":4}],[{\"name\":\"transaksis\",\"size\":6},{\"name\":\"password\",\"size\":6}]]},\"uid\":\"api::pelanggan.pelanggan\"}', 'object', NULL, NULL),
(32, 'plugin_content_manager_configuration_components::transaksi.detail-transaksi', '{\"settings\":{\"bulkable\":true,\"filterable\":true,\"searchable\":true,\"pageSize\":10,\"mainField\":\"id\",\"defaultSortBy\":\"id\",\"defaultSortOrder\":\"ASC\"},\"metadatas\":{\"id\":{\"edit\":{},\"list\":{\"label\":\"id\",\"searchable\":false,\"sortable\":false}},\"jumlah\":{\"edit\":{\"label\":\"jumlah\",\"description\":\"\",\"placeholder\":\"\",\"visible\":true,\"editable\":true},\"list\":{\"label\":\"jumlah\",\"searchable\":true,\"sortable\":true}},\"subtotal\":{\"edit\":{\"label\":\"subtotal\",\"description\":\"\",\"placeholder\":\"\",\"visible\":true,\"editable\":true},\"list\":{\"label\":\"subtotal\",\"searchable\":true,\"sortable\":true}},\"layanan\":{\"edit\":{\"label\":\"layanan\",\"description\":\"\",\"placeholder\":\"\",\"visible\":true,\"editable\":true,\"mainField\":\"nama\"},\"list\":{\"label\":\"layanan\",\"searchable\":true,\"sortable\":true}}},\"layouts\":{\"list\":[\"id\",\"jumlah\",\"subtotal\",\"layanan\"],\"edit\":[[{\"name\":\"jumlah\",\"size\":4},{\"name\":\"subtotal\",\"size\":4}],[{\"name\":\"layanan\",\"size\":6}]]},\"uid\":\"transaksi.detail-transaksi\",\"isComponent\":true}', 'object', NULL, NULL),
(33, 'plugin_content_manager_configuration_content_types::api::detail-transaksi.detail-transaksi', '{\"settings\":{\"bulkable\":true,\"filterable\":true,\"searchable\":true,\"pageSize\":10,\"mainField\":\"subtotal\",\"defaultSortBy\":\"id\",\"defaultSortOrder\":\"ASC\"},\"metadatas\":{\"id\":{\"edit\":{},\"list\":{\"label\":\"id\",\"searchable\":true,\"sortable\":true}},\"layanan\":{\"edit\":{\"label\":\"layanan\",\"description\":\"\",\"placeholder\":\"\",\"visible\":true,\"editable\":true,\"mainField\":\"nama\"},\"list\":{\"label\":\"layanan\",\"searchable\":true,\"sortable\":true}},\"jumlah\":{\"edit\":{\"label\":\"jumlah\",\"description\":\"\",\"placeholder\":\"\",\"visible\":true,\"editable\":true},\"list\":{\"label\":\"jumlah\",\"searchable\":true,\"sortable\":true}},\"subtotal\":{\"edit\":{\"label\":\"subtotal\",\"description\":\"\",\"placeholder\":\"\",\"visible\":true,\"editable\":true},\"list\":{\"label\":\"subtotal\",\"searchable\":true,\"sortable\":true}},\"transaksi\":{\"edit\":{\"label\":\"transaksi\",\"description\":\"\",\"placeholder\":\"\",\"visible\":true,\"editable\":true,\"mainField\":\"status_pembayaran\"},\"list\":{\"label\":\"transaksi\",\"searchable\":true,\"sortable\":true}},\"createdAt\":{\"edit\":{\"label\":\"createdAt\",\"description\":\"\",\"placeholder\":\"\",\"visible\":false,\"editable\":true},\"list\":{\"label\":\"createdAt\",\"searchable\":true,\"sortable\":true}},\"updatedAt\":{\"edit\":{\"label\":\"updatedAt\",\"description\":\"\",\"placeholder\":\"\",\"visible\":false,\"editable\":true},\"list\":{\"label\":\"updatedAt\",\"searchable\":true,\"sortable\":true}},\"createdBy\":{\"edit\":{\"label\":\"createdBy\",\"description\":\"\",\"placeholder\":\"\",\"visible\":false,\"editable\":true,\"mainField\":\"firstname\"},\"list\":{\"label\":\"createdBy\",\"searchable\":true,\"sortable\":true}},\"updatedBy\":{\"edit\":{\"label\":\"updatedBy\",\"description\":\"\",\"placeholder\":\"\",\"visible\":false,\"editable\":true,\"mainField\":\"firstname\"},\"list\":{\"label\":\"updatedBy\",\"searchable\":true,\"sortable\":true}}},\"layouts\":{\"edit\":[[{\"name\":\"layanan\",\"size\":6},{\"name\":\"jumlah\",\"size\":4}],[{\"name\":\"subtotal\",\"size\":4},{\"name\":\"transaksi\",\"size\":6}]],\"list\":[\"id\",\"layanan\",\"jumlah\",\"subtotal\"]},\"uid\":\"api::detail-transaksi.detail-transaksi\"}', 'object', NULL, NULL),
(34, 'plugin_content_manager_configuration_content_types::api::omset.omset', '{\"settings\":{\"bulkable\":true,\"filterable\":true,\"searchable\":true,\"pageSize\":10,\"mainField\":\"id\",\"defaultSortBy\":\"id\",\"defaultSortOrder\":\"ASC\"},\"metadatas\":{\"id\":{\"edit\":{},\"list\":{\"label\":\"id\",\"searchable\":true,\"sortable\":true}},\"total_omset\":{\"edit\":{\"label\":\"total_omset\",\"description\":\"\",\"placeholder\":\"\",\"visible\":true,\"editable\":true},\"list\":{\"label\":\"total_omset\",\"searchable\":true,\"sortable\":true}},\"createdAt\":{\"edit\":{\"label\":\"createdAt\",\"description\":\"\",\"placeholder\":\"\",\"visible\":false,\"editable\":true},\"list\":{\"label\":\"createdAt\",\"searchable\":true,\"sortable\":true}},\"updatedAt\":{\"edit\":{\"label\":\"updatedAt\",\"description\":\"\",\"placeholder\":\"\",\"visible\":false,\"editable\":true},\"list\":{\"label\":\"updatedAt\",\"searchable\":true,\"sortable\":true}},\"createdBy\":{\"edit\":{\"label\":\"createdBy\",\"description\":\"\",\"placeholder\":\"\",\"visible\":false,\"editable\":true,\"mainField\":\"firstname\"},\"list\":{\"label\":\"createdBy\",\"searchable\":true,\"sortable\":true}},\"updatedBy\":{\"edit\":{\"label\":\"updatedBy\",\"description\":\"\",\"placeholder\":\"\",\"visible\":false,\"editable\":true,\"mainField\":\"firstname\"},\"list\":{\"label\":\"updatedBy\",\"searchable\":true,\"sortable\":true}}},\"layouts\":{\"list\":[\"id\",\"total_omset\",\"createdAt\",\"updatedAt\"],\"edit\":[[{\"name\":\"total_omset\",\"size\":4}]]},\"uid\":\"api::omset.omset\"}', 'object', NULL, NULL),
(35, 'plugin_content_manager_configuration_content_types::api::promo.promo', '{\"settings\":{\"bulkable\":true,\"filterable\":true,\"searchable\":true,\"pageSize\":10,\"mainField\":\"title\",\"defaultSortBy\":\"title\",\"defaultSortOrder\":\"ASC\"},\"metadatas\":{\"id\":{\"edit\":{},\"list\":{\"label\":\"id\",\"searchable\":true,\"sortable\":true}},\"title\":{\"edit\":{\"label\":\"title\",\"description\":\"\",\"placeholder\":\"\",\"visible\":true,\"editable\":true},\"list\":{\"label\":\"title\",\"searchable\":true,\"sortable\":true}},\"description\":{\"edit\":{\"label\":\"description\",\"description\":\"\",\"placeholder\":\"\",\"visible\":true,\"editable\":true},\"list\":{\"label\":\"description\",\"searchable\":true,\"sortable\":true}},\"createdAt\":{\"edit\":{\"label\":\"createdAt\",\"description\":\"\",\"placeholder\":\"\",\"visible\":false,\"editable\":true},\"list\":{\"label\":\"createdAt\",\"searchable\":true,\"sortable\":true}},\"updatedAt\":{\"edit\":{\"label\":\"updatedAt\",\"description\":\"\",\"placeholder\":\"\",\"visible\":false,\"editable\":true},\"list\":{\"label\":\"updatedAt\",\"searchable\":true,\"sortable\":true}},\"createdBy\":{\"edit\":{\"label\":\"createdBy\",\"description\":\"\",\"placeholder\":\"\",\"visible\":false,\"editable\":true,\"mainField\":\"firstname\"},\"list\":{\"label\":\"createdBy\",\"searchable\":true,\"sortable\":true}},\"updatedBy\":{\"edit\":{\"label\":\"updatedBy\",\"description\":\"\",\"placeholder\":\"\",\"visible\":false,\"editable\":true,\"mainField\":\"firstname\"},\"list\":{\"label\":\"updatedBy\",\"searchable\":true,\"sortable\":true}}},\"layouts\":{\"list\":[\"id\",\"title\",\"description\",\"createdAt\"],\"edit\":[[{\"name\":\"title\",\"size\":6},{\"name\":\"description\",\"size\":6}]]},\"uid\":\"api::promo.promo\"}', 'object', NULL, NULL);

-- --------------------------------------------------------

--
-- Struktur dari tabel `strapi_database_schema`
--

CREATE TABLE `strapi_database_schema` (
  `id` int(10) UNSIGNED NOT NULL,
  `schema` longtext CHARACTER SET utf8mb4 COLLATE utf8mb4_bin DEFAULT NULL CHECK (json_valid(`schema`)),
  `time` datetime DEFAULT NULL,
  `hash` varchar(255) DEFAULT NULL
) ENGINE=InnoDB DEFAULT CHARSET=utf8mb4 COLLATE=utf8mb4_general_ci;

--
-- Dumping data untuk tabel `strapi_database_schema`
--

INSERT INTO `strapi_database_schema` (`id`, `schema`, `time`, `hash`) VALUES
(22, '{\"tables\":[{\"name\":\"files\",\"indexes\":[{\"name\":\"upload_files_folder_path_index\",\"columns\":[\"folder_path\"],\"type\":null},{\"name\":\"upload_files_created_at_index\",\"columns\":[\"created_at\"],\"type\":null},{\"name\":\"upload_files_updated_at_index\",\"columns\":[\"updated_at\"],\"type\":null},{\"name\":\"upload_files_name_index\",\"columns\":[\"name\"],\"type\":null},{\"name\":\"upload_files_size_index\",\"columns\":[\"size\"],\"type\":null},{\"name\":\"upload_files_ext_index\",\"columns\":[\"ext\"],\"type\":null},{\"name\":\"files_documents_idx\",\"columns\":[\"document_id\",\"locale\",\"published_at\"]},{\"name\":\"files_created_by_id_fk\",\"columns\":[\"created_by_id\"]},{\"name\":\"files_updated_by_id_fk\",\"columns\":[\"updated_by_id\"]}],\"foreignKeys\":[{\"name\":\"files_created_by_id_fk\",\"columns\":[\"created_by_id\"],\"referencedTable\":\"admin_users\",\"referencedColumns\":[\"id\"],\"onDelete\":\"SET NULL\"},{\"name\":\"files_updated_by_id_fk\",\"columns\":[\"updated_by_id\"],\"referencedTable\":\"admin_users\",\"referencedColumns\":[\"id\"],\"onDelete\":\"SET NULL\"}],\"columns\":[{\"name\":\"id\",\"type\":\"increments\",\"args\":[{\"primary\":true,\"primaryKey\":true}],\"defaultTo\":null,\"notNullable\":true,\"unsigned\":false},{\"name\":\"document_id\",\"type\":\"string\",\"args\":[],\"defaultTo\":null,\"notNullable\":false,\"unsigned\":false},{\"name\":\"name\",\"type\":\"string\",\"args\":[],\"defaultTo\":null,\"notNullable\":false,\"unsigned\":false},{\"name\":\"alternative_text\",\"type\":\"string\",\"args\":[],\"defaultTo\":null,\"notNullable\":false,\"unsigned\":false},{\"name\":\"caption\",\"type\":\"string\",\"args\":[],\"defaultTo\":null,\"notNullable\":false,\"unsigned\":false},{\"name\":\"width\",\"type\":\"integer\",\"args\":[],\"defaultTo\":null,\"notNullable\":false,\"unsigned\":false},{\"name\":\"height\",\"type\":\"integer\",\"args\":[],\"defaultTo\":null,\"notNullable\":false,\"unsigned\":false},{\"name\":\"formats\",\"type\":\"jsonb\",\"args\":[],\"defaultTo\":null,\"notNullable\":false,\"unsigned\":false},{\"name\":\"hash\",\"type\":\"string\",\"args\":[],\"defaultTo\":null,\"notNullable\":false,\"unsigned\":false},{\"name\":\"ext\",\"type\":\"string\",\"args\":[],\"defaultTo\":null,\"notNullable\":false,\"unsigned\":false},{\"name\":\"mime\",\"type\":\"string\",\"args\":[],\"defaultTo\":null,\"notNullable\":false,\"unsigned\":false},{\"name\":\"size\",\"type\":\"decimal\",\"args\":[10,2],\"defaultTo\":null,\"notNullable\":false,\"unsigned\":false},{\"name\":\"url\",\"type\":\"string\",\"args\":[],\"defaultTo\":null,\"notNullable\":false,\"unsigned\":false},{\"name\":\"preview_url\",\"type\":\"string\",\"args\":[],\"defaultTo\":null,\"notNullable\":false,\"unsigned\":false},{\"name\":\"provider\",\"type\":\"string\",\"args\":[],\"defaultTo\":null,\"notNullable\":false,\"unsigned\":false},{\"name\":\"provider_metadata\",\"type\":\"jsonb\",\"args\":[],\"defaultTo\":null,\"notNullable\":false,\"unsigned\":false},{\"name\":\"folder_path\",\"type\":\"string\",\"args\":[],\"defaultTo\":null,\"notNullable\":false,\"unsigned\":false},{\"name\":\"created_at\",\"type\":\"datetime\",\"args\":[{\"useTz\":false,\"precision\":6}],\"defaultTo\":null,\"notNullable\":false,\"unsigned\":false},{\"name\":\"updated_at\",\"type\":\"datetime\",\"args\":[{\"useTz\":false,\"precision\":6}],\"defaultTo\":null,\"notNullable\":false,\"unsigned\":false},{\"name\":\"published_at\",\"type\":\"datetime\",\"args\":[{\"useTz\":false,\"precision\":6}],\"defaultTo\":null,\"notNullable\":false,\"unsigned\":false},{\"name\":\"created_by_id\",\"type\":\"integer\",\"args\":[],\"defaultTo\":null,\"notNullable\":false,\"unsigned\":true},{\"name\":\"updated_by_id\",\"type\":\"integer\",\"args\":[],\"defaultTo\":null,\"notNullable\":false,\"unsigned\":true},{\"name\":\"locale\",\"type\":\"string\",\"args\":[],\"defaultTo\":null,\"notNullable\":false,\"unsigned\":false}]},{\"name\":\"upload_folders\",\"indexes\":[{\"name\":\"upload_folders_path_id_index\",\"columns\":[\"path_id\"],\"type\":\"unique\"},{\"name\":\"upload_folders_path_index\",\"columns\":[\"path\"],\"type\":\"unique\"},{\"name\":\"upload_folders_documents_idx\",\"columns\":[\"document_id\",\"locale\",\"published_at\"]},{\"name\":\"upload_folders_created_by_id_fk\",\"columns\":[\"created_by_id\"]},{\"name\":\"upload_folders_updated_by_id_fk\",\"columns\":[\"updated_by_id\"]}],\"foreignKeys\":[{\"name\":\"upload_folders_created_by_id_fk\",\"columns\":[\"created_by_id\"],\"referencedTable\":\"admin_users\",\"referencedColumns\":[\"id\"],\"onDelete\":\"SET NULL\"},{\"name\":\"upload_folders_updated_by_id_fk\",\"columns\":[\"updated_by_id\"],\"referencedTable\":\"admin_users\",\"referencedColumns\":[\"id\"],\"onDelete\":\"SET NULL\"}],\"columns\":[{\"name\":\"id\",\"type\":\"increments\",\"args\":[{\"primary\":true,\"primaryKey\":true}],\"defaultTo\":null,\"notNullable\":true,\"unsigned\":false},{\"name\":\"document_id\",\"type\":\"string\",\"args\":[],\"defaultTo\":null,\"notNullable\":false,\"unsigned\":false},{\"name\":\"name\",\"type\":\"string\",\"args\":[],\"defaultTo\":null,\"notNullable\":false,\"unsigned\":false},{\"name\":\"path_id\",\"type\":\"integer\",\"args\":[],\"defaultTo\":null,\"notNullable\":false,\"unsigned\":false},{\"name\":\"path\",\"type\":\"string\",\"args\":[],\"defaultTo\":null,\"notNullable\":false,\"unsigned\":false},{\"name\":\"created_at\",\"type\":\"datetime\",\"args\":[{\"useTz\":false,\"precision\":6}],\"defaultTo\":null,\"notNullable\":false,\"unsigned\":false},{\"name\":\"updated_at\",\"type\":\"datetime\",\"args\":[{\"useTz\":false,\"precision\":6}],\"defaultTo\":null,\"notNullable\":false,\"unsigned\":false},{\"name\":\"published_at\",\"type\":\"datetime\",\"args\":[{\"useTz\":false,\"precision\":6}],\"defaultTo\":null,\"notNullable\":false,\"unsigned\":false},{\"name\":\"created_by_id\",\"type\":\"integer\",\"args\":[],\"defaultTo\":null,\"notNullable\":false,\"unsigned\":true},{\"name\":\"updated_by_id\",\"type\":\"integer\",\"args\":[],\"defaultTo\":null,\"notNullable\":false,\"unsigned\":true},{\"name\":\"locale\",\"type\":\"string\",\"args\":[],\"defaultTo\":null,\"notNullable\":false,\"unsigned\":false}]},{\"name\":\"i18n_locale\",\"indexes\":[{\"name\":\"i18n_locale_documents_idx\",\"columns\":[\"document_id\",\"locale\",\"published_at\"]},{\"name\":\"i18n_locale_created_by_id_fk\",\"columns\":[\"created_by_id\"]},{\"name\":\"i18n_locale_updated_by_id_fk\",\"columns\":[\"updated_by_id\"]}],\"foreignKeys\":[{\"name\":\"i18n_locale_created_by_id_fk\",\"columns\":[\"created_by_id\"],\"referencedTable\":\"admin_users\",\"referencedColumns\":[\"id\"],\"onDelete\":\"SET NULL\"},{\"name\":\"i18n_locale_updated_by_id_fk\",\"columns\":[\"updated_by_id\"],\"referencedTable\":\"admin_users\",\"referencedColumns\":[\"id\"],\"onDelete\":\"SET NULL\"}],\"columns\":[{\"name\":\"id\",\"type\":\"increments\",\"args\":[{\"primary\":true,\"primaryKey\":true}],\"defaultTo\":null,\"notNullable\":true,\"unsigned\":false},{\"name\":\"document_id\",\"type\":\"string\",\"args\":[],\"defaultTo\":null,\"notNullable\":false,\"unsigned\":false},{\"name\":\"name\",\"type\":\"string\",\"args\":[],\"defaultTo\":null,\"notNullable\":false,\"unsigned\":false},{\"name\":\"code\",\"type\":\"string\",\"args\":[],\"defaultTo\":null,\"notNullable\":false,\"unsigned\":false},{\"name\":\"created_at\",\"type\":\"datetime\",\"args\":[{\"useTz\":false,\"precision\":6}],\"defaultTo\":null,\"notNullable\":false,\"unsigned\":false},{\"name\":\"updated_at\",\"type\":\"datetime\",\"args\":[{\"useTz\":false,\"precision\":6}],\"defaultTo\":null,\"notNullable\":false,\"unsigned\":false},{\"name\":\"published_at\",\"type\":\"datetime\",\"args\":[{\"useTz\":false,\"precision\":6}],\"defaultTo\":null,\"notNullable\":false,\"unsigned\":false},{\"name\":\"created_by_id\",\"type\":\"integer\",\"args\":[],\"defaultTo\":null,\"notNullable\":false,\"unsigned\":true},{\"name\":\"updated_by_id\",\"type\":\"integer\",\"args\":[],\"defaultTo\":null,\"notNullable\":false,\"unsigned\":true},{\"name\":\"locale\",\"type\":\"string\",\"args\":[],\"defaultTo\":null,\"notNullable\":false,\"unsigned\":false}]},{\"name\":\"strapi_releases\",\"indexes\":[{\"name\":\"strapi_releases_documents_idx\",\"columns\":[\"document_id\",\"locale\",\"published_at\"]},{\"name\":\"strapi_releases_created_by_id_fk\",\"columns\":[\"created_by_id\"]},{\"name\":\"strapi_releases_updated_by_id_fk\",\"columns\":[\"updated_by_id\"]}],\"foreignKeys\":[{\"name\":\"strapi_releases_created_by_id_fk\",\"columns\":[\"created_by_id\"],\"referencedTable\":\"admin_users\",\"referencedColumns\":[\"id\"],\"onDelete\":\"SET NULL\"},{\"name\":\"strapi_releases_updated_by_id_fk\",\"columns\":[\"updated_by_id\"],\"referencedTable\":\"admin_users\",\"referencedColumns\":[\"id\"],\"onDelete\":\"SET NULL\"}],\"columns\":[{\"name\":\"id\",\"type\":\"increments\",\"args\":[{\"primary\":true,\"primaryKey\":true}],\"defaultTo\":null,\"notNullable\":true,\"unsigned\":false},{\"name\":\"document_id\",\"type\":\"string\",\"args\":[],\"defaultTo\":null,\"notNullable\":false,\"unsigned\":false},{\"name\":\"name\",\"type\":\"string\",\"args\":[],\"defaultTo\":null,\"notNullable\":false,\"unsigned\":false},{\"name\":\"released_at\",\"type\":\"datetime\",\"args\":[{\"useTz\":false,\"precision\":6}],\"defaultTo\":null,\"notNullable\":false,\"unsigned\":false},{\"name\":\"scheduled_at\",\"type\":\"datetime\",\"args\":[{\"useTz\":false,\"precision\":6}],\"defaultTo\":null,\"notNullable\":false,\"unsigned\":false},{\"name\":\"timezone\",\"type\":\"string\",\"args\":[],\"defaultTo\":null,\"notNullable\":false,\"unsigned\":false},{\"name\":\"status\",\"type\":\"string\",\"args\":[],\"defaultTo\":null,\"notNullable\":false,\"unsigned\":false},{\"name\":\"created_at\",\"type\":\"datetime\",\"args\":[{\"useTz\":false,\"precision\":6}],\"defaultTo\":null,\"notNullable\":false,\"unsigned\":false},{\"name\":\"updated_at\",\"type\":\"datetime\",\"args\":[{\"useTz\":false,\"precision\":6}],\"defaultTo\":null,\"notNullable\":false,\"unsigned\":false},{\"name\":\"published_at\",\"type\":\"datetime\",\"args\":[{\"useTz\":false,\"precision\":6}],\"defaultTo\":null,\"notNullable\":false,\"unsigned\":false},{\"name\":\"created_by_id\",\"type\":\"integer\",\"args\":[],\"defaultTo\":null,\"notNullable\":false,\"unsigned\":true},{\"name\":\"updated_by_id\",\"type\":\"integer\",\"args\":[],\"defaultTo\":null,\"notNullable\":false,\"unsigned\":true},{\"name\":\"locale\",\"type\":\"string\",\"args\":[],\"defaultTo\":null,\"notNullable\":false,\"unsigned\":false}]},{\"name\":\"strapi_release_actions\",\"indexes\":[{\"name\":\"strapi_release_actions_documents_idx\",\"columns\":[\"document_id\",\"locale\",\"published_at\"]},{\"name\":\"strapi_release_actions_created_by_id_fk\",\"columns\":[\"created_by_id\"]},{\"name\":\"strapi_release_actions_updated_by_id_fk\",\"columns\":[\"updated_by_id\"]}],\"foreignKeys\":[{\"name\":\"strapi_release_actions_created_by_id_fk\",\"columns\":[\"created_by_id\"],\"referencedTable\":\"admin_users\",\"referencedColumns\":[\"id\"],\"onDelete\":\"SET NULL\"},{\"name\":\"strapi_release_actions_updated_by_id_fk\",\"columns\":[\"updated_by_id\"],\"referencedTable\":\"admin_users\",\"referencedColumns\":[\"id\"],\"onDelete\":\"SET NULL\"}],\"columns\":[{\"name\":\"id\",\"type\":\"increments\",\"args\":[{\"primary\":true,\"primaryKey\":true}],\"defaultTo\":null,\"notNullable\":true,\"unsigned\":false},{\"name\":\"document_id\",\"type\":\"string\",\"args\":[],\"defaultTo\":null,\"notNullable\":false,\"unsigned\":false},{\"name\":\"type\",\"type\":\"string\",\"args\":[],\"defaultTo\":null,\"notNullable\":false,\"unsigned\":false},{\"name\":\"content_type\",\"type\":\"string\",\"args\":[],\"defaultTo\":null,\"notNullable\":false,\"unsigned\":false},{\"name\":\"entry_document_id\",\"type\":\"string\",\"args\":[],\"defaultTo\":null,\"notNullable\":false,\"unsigned\":false},{\"name\":\"locale\",\"type\":\"string\",\"args\":[],\"defaultTo\":null,\"notNullable\":false,\"unsigned\":false},{\"name\":\"is_entry_valid\",\"type\":\"boolean\",\"args\":[],\"defaultTo\":null,\"notNullable\":false,\"unsigned\":false},{\"name\":\"created_at\",\"type\":\"datetime\",\"args\":[{\"useTz\":false,\"precision\":6}],\"defaultTo\":null,\"notNullable\":false,\"unsigned\":false},{\"name\":\"updated_at\",\"type\":\"datetime\",\"args\":[{\"useTz\":false,\"precision\":6}],\"defaultTo\":null,\"notNullable\":false,\"unsigned\":false},{\"name\":\"published_at\",\"type\":\"datetime\",\"args\":[{\"useTz\":false,\"precision\":6}],\"defaultTo\":null,\"notNullable\":false,\"unsigned\":false},{\"name\":\"created_by_id\",\"type\":\"integer\",\"args\":[],\"defaultTo\":null,\"notNullable\":false,\"unsigned\":true},{\"name\":\"updated_by_id\",\"type\":\"integer\",\"args\":[],\"defaultTo\":null,\"notNullable\":false,\"unsigned\":true}]},{\"name\":\"strapi_workflows\",\"indexes\":[{\"name\":\"strapi_workflows_documents_idx\",\"columns\":[\"document_id\",\"locale\",\"published_at\"]},{\"name\":\"strapi_workflows_created_by_id_fk\",\"columns\":[\"created_by_id\"]},{\"name\":\"strapi_workflows_updated_by_id_fk\",\"columns\":[\"updated_by_id\"]}],\"foreignKeys\":[{\"name\":\"strapi_workflows_created_by_id_fk\",\"columns\":[\"created_by_id\"],\"referencedTable\":\"admin_users\",\"referencedColumns\":[\"id\"],\"onDelete\":\"SET NULL\"},{\"name\":\"strapi_workflows_updated_by_id_fk\",\"columns\":[\"updated_by_id\"],\"referencedTable\":\"admin_users\",\"referencedColumns\":[\"id\"],\"onDelete\":\"SET NULL\"}],\"columns\":[{\"name\":\"id\",\"type\":\"increments\",\"args\":[{\"primary\":true,\"primaryKey\":true}],\"defaultTo\":null,\"notNullable\":true,\"unsigned\":false},{\"name\":\"document_id\",\"type\":\"string\",\"args\":[],\"defaultTo\":null,\"notNullable\":false,\"unsigned\":false},{\"name\":\"name\",\"type\":\"string\",\"args\":[],\"defaultTo\":null,\"notNullable\":false,\"unsigned\":false},{\"name\":\"content_types\",\"type\":\"jsonb\",\"args\":[],\"defaultTo\":null,\"notNullable\":false,\"unsigned\":false},{\"name\":\"created_at\",\"type\":\"datetime\",\"args\":[{\"useTz\":false,\"precision\":6}],\"defaultTo\":null,\"notNullable\":false,\"unsigned\":false},{\"name\":\"updated_at\",\"type\":\"datetime\",\"args\":[{\"useTz\":false,\"precision\":6}],\"defaultTo\":null,\"notNullable\":false,\"unsigned\":false},{\"name\":\"published_at\",\"type\":\"datetime\",\"args\":[{\"useTz\":false,\"precision\":6}],\"defaultTo\":null,\"notNullable\":false,\"unsigned\":false},{\"name\":\"created_by_id\",\"type\":\"integer\",\"args\":[],\"defaultTo\":null,\"notNullable\":false,\"unsigned\":true},{\"name\":\"updated_by_id\",\"type\":\"integer\",\"args\":[],\"defaultTo\":null,\"notNullable\":false,\"unsigned\":true},{\"name\":\"locale\",\"type\":\"string\",\"args\":[],\"defaultTo\":null,\"notNullable\":false,\"unsigned\":false}]},{\"name\":\"strapi_workflows_stages\",\"indexes\":[{\"name\":\"strapi_workflows_stages_documents_idx\",\"columns\":[\"document_id\",\"locale\",\"published_at\"]},{\"name\":\"strapi_workflows_stages_created_by_id_fk\",\"columns\":[\"created_by_id\"]},{\"name\":\"strapi_workflows_stages_updated_by_id_fk\",\"columns\":[\"updated_by_id\"]}],\"foreignKeys\":[{\"name\":\"strapi_workflows_stages_created_by_id_fk\",\"columns\":[\"created_by_id\"],\"referencedTable\":\"admin_users\",\"referencedColumns\":[\"id\"],\"onDelete\":\"SET NULL\"},{\"name\":\"strapi_workflows_stages_updated_by_id_fk\",\"columns\":[\"updated_by_id\"],\"referencedTable\":\"admin_users\",\"referencedColumns\":[\"id\"],\"onDelete\":\"SET NULL\"}],\"columns\":[{\"name\":\"id\",\"type\":\"increments\",\"args\":[{\"primary\":true,\"primaryKey\":true}],\"defaultTo\":null,\"notNullable\":true,\"unsigned\":false},{\"name\":\"document_id\",\"type\":\"string\",\"args\":[],\"defaultTo\":null,\"notNullable\":false,\"unsigned\":false},{\"name\":\"name\",\"type\":\"string\",\"args\":[],\"defaultTo\":null,\"notNullable\":false,\"unsigned\":false},{\"name\":\"color\",\"type\":\"string\",\"args\":[],\"defaultTo\":null,\"notNullable\":false,\"unsigned\":false},{\"name\":\"created_at\",\"type\":\"datetime\",\"args\":[{\"useTz\":false,\"precision\":6}],\"defaultTo\":null,\"notNullable\":false,\"unsigned\":false},{\"name\":\"updated_at\",\"type\":\"datetime\",\"args\":[{\"useTz\":false,\"precision\":6}],\"defaultTo\":null,\"notNullable\":false,\"unsigned\":false},{\"name\":\"published_at\",\"type\":\"datetime\",\"args\":[{\"useTz\":false,\"precision\":6}],\"defaultTo\":null,\"notNullable\":false,\"unsigned\":false},{\"name\":\"created_by_id\",\"type\":\"integer\",\"args\":[],\"defaultTo\":null,\"notNullable\":false,\"unsigned\":true},{\"name\":\"updated_by_id\",\"type\":\"integer\",\"args\":[],\"defaultTo\":null,\"notNullable\":false,\"unsigned\":true},{\"name\":\"locale\",\"type\":\"string\",\"args\":[],\"defaultTo\":null,\"notNullable\":false,\"unsigned\":false}]},{\"name\":\"up_permissions\",\"indexes\":[{\"name\":\"up_permissions_documents_idx\",\"columns\":[\"document_id\",\"locale\",\"published_at\"]},{\"name\":\"up_permissions_created_by_id_fk\",\"columns\":[\"created_by_id\"]},{\"name\":\"up_permissions_updated_by_id_fk\",\"columns\":[\"updated_by_id\"]}],\"foreignKeys\":[{\"name\":\"up_permissions_created_by_id_fk\",\"columns\":[\"created_by_id\"],\"referencedTable\":\"admin_users\",\"referencedColumns\":[\"id\"],\"onDelete\":\"SET NULL\"},{\"name\":\"up_permissions_updated_by_id_fk\",\"columns\":[\"updated_by_id\"],\"referencedTable\":\"admin_users\",\"referencedColumns\":[\"id\"],\"onDelete\":\"SET NULL\"}],\"columns\":[{\"name\":\"id\",\"type\":\"increments\",\"args\":[{\"primary\":true,\"primaryKey\":true}],\"defaultTo\":null,\"notNullable\":true,\"unsigned\":false},{\"name\":\"document_id\",\"type\":\"string\",\"args\":[],\"defaultTo\":null,\"notNullable\":false,\"unsigned\":false},{\"name\":\"action\",\"type\":\"string\",\"args\":[],\"defaultTo\":null,\"notNullable\":false,\"unsigned\":false},{\"name\":\"created_at\",\"type\":\"datetime\",\"args\":[{\"useTz\":false,\"precision\":6}],\"defaultTo\":null,\"notNullable\":false,\"unsigned\":false},{\"name\":\"updated_at\",\"type\":\"datetime\",\"args\":[{\"useTz\":false,\"precision\":6}],\"defaultTo\":null,\"notNullable\":false,\"unsigned\":false},{\"name\":\"published_at\",\"type\":\"datetime\",\"args\":[{\"useTz\":false,\"precision\":6}],\"defaultTo\":null,\"notNullable\":false,\"unsigned\":false},{\"name\":\"created_by_id\",\"type\":\"integer\",\"args\":[],\"defaultTo\":null,\"notNullable\":false,\"unsigned\":true},{\"name\":\"updated_by_id\",\"type\":\"integer\",\"args\":[],\"defaultTo\":null,\"notNullable\":false,\"unsigned\":true},{\"name\":\"locale\",\"type\":\"string\",\"args\":[],\"defaultTo\":null,\"notNullable\":false,\"unsigned\":false}]},{\"name\":\"up_roles\",\"indexes\":[{\"name\":\"up_roles_documents_idx\",\"columns\":[\"document_id\",\"locale\",\"published_at\"]},{\"name\":\"up_roles_created_by_id_fk\",\"columns\":[\"created_by_id\"]},{\"name\":\"up_roles_updated_by_id_fk\",\"columns\":[\"updated_by_id\"]}],\"foreignKeys\":[{\"name\":\"up_roles_created_by_id_fk\",\"columns\":[\"created_by_id\"],\"referencedTable\":\"admin_users\",\"referencedColumns\":[\"id\"],\"onDelete\":\"SET NULL\"},{\"name\":\"up_roles_updated_by_id_fk\",\"columns\":[\"updated_by_id\"],\"referencedTable\":\"admin_users\",\"referencedColumns\":[\"id\"],\"onDelete\":\"SET NULL\"}],\"columns\":[{\"name\":\"id\",\"type\":\"increments\",\"args\":[{\"primary\":true,\"primaryKey\":true}],\"defaultTo\":null,\"notNullable\":true,\"unsigned\":false},{\"name\":\"document_id\",\"type\":\"string\",\"args\":[],\"defaultTo\":null,\"notNullable\":false,\"unsigned\":false},{\"name\":\"name\",\"type\":\"string\",\"args\":[],\"defaultTo\":null,\"notNullable\":false,\"unsigned\":false},{\"name\":\"description\",\"type\":\"string\",\"args\":[],\"defaultTo\":null,\"notNullable\":false,\"unsigned\":false},{\"name\":\"type\",\"type\":\"string\",\"args\":[],\"defaultTo\":null,\"notNullable\":false,\"unsigned\":false},{\"name\":\"created_at\",\"type\":\"datetime\",\"args\":[{\"useTz\":false,\"precision\":6}],\"defaultTo\":null,\"notNullable\":false,\"unsigned\":false},{\"name\":\"updated_at\",\"type\":\"datetime\",\"args\":[{\"useTz\":false,\"precision\":6}],\"defaultTo\":null,\"notNullable\":false,\"unsigned\":false},{\"name\":\"published_at\",\"type\":\"datetime\",\"args\":[{\"useTz\":false,\"precision\":6}],\"defaultTo\":null,\"notNullable\":false,\"unsigned\":false},{\"name\":\"created_by_id\",\"type\":\"integer\",\"args\":[],\"defaultTo\":null,\"notNullable\":false,\"unsigned\":true},{\"name\":\"updated_by_id\",\"type\":\"integer\",\"args\":[],\"defaultTo\":null,\"notNullable\":false,\"unsigned\":true},{\"name\":\"locale\",\"type\":\"string\",\"args\":[],\"defaultTo\":null,\"notNullable\":false,\"unsigned\":false}]},{\"name\":\"up_users\",\"indexes\":[{\"name\":\"up_users_documents_idx\",\"columns\":[\"document_id\",\"locale\",\"published_at\"]},{\"name\":\"up_users_created_by_id_fk\",\"columns\":[\"created_by_id\"]},{\"name\":\"up_users_updated_by_id_fk\",\"columns\":[\"updated_by_id\"]}],\"foreignKeys\":[{\"name\":\"up_users_created_by_id_fk\",\"columns\":[\"created_by_id\"],\"referencedTable\":\"admin_users\",\"referencedColumns\":[\"id\"],\"onDelete\":\"SET NULL\"},{\"name\":\"up_users_updated_by_id_fk\",\"columns\":[\"updated_by_id\"],\"referencedTable\":\"admin_users\",\"referencedColumns\":[\"id\"],\"onDelete\":\"SET NULL\"}],\"columns\":[{\"name\":\"id\",\"type\":\"increments\",\"args\":[{\"primary\":true,\"primaryKey\":true}],\"defaultTo\":null,\"notNullable\":true,\"unsigned\":false},{\"name\":\"document_id\",\"type\":\"string\",\"args\":[],\"defaultTo\":null,\"notNullable\":false,\"unsigned\":false},{\"name\":\"username\",\"type\":\"string\",\"args\":[],\"defaultTo\":null,\"notNullable\":false,\"unsigned\":false},{\"name\":\"email\",\"type\":\"string\",\"args\":[],\"defaultTo\":null,\"notNullable\":false,\"unsigned\":false},{\"name\":\"provider\",\"type\":\"string\",\"args\":[],\"defaultTo\":null,\"notNullable\":false,\"unsigned\":false},{\"name\":\"password\",\"type\":\"string\",\"args\":[],\"defaultTo\":null,\"notNullable\":false,\"unsigned\":false},{\"name\":\"reset_password_token\",\"type\":\"string\",\"args\":[],\"defaultTo\":null,\"notNullable\":false,\"unsigned\":false},{\"name\":\"confirmation_token\",\"type\":\"string\",\"args\":[],\"defaultTo\":null,\"notNullable\":false,\"unsigned\":false},{\"name\":\"confirmed\",\"type\":\"boolean\",\"args\":[],\"defaultTo\":null,\"notNullable\":false,\"unsigned\":false},{\"name\":\"blocked\",\"type\":\"boolean\",\"args\":[],\"defaultTo\":null,\"notNullable\":false,\"unsigned\":false},{\"name\":\"created_at\",\"type\":\"datetime\",\"args\":[{\"useTz\":false,\"precision\":6}],\"defaultTo\":null,\"notNullable\":false,\"unsigned\":false},{\"name\":\"updated_at\",\"type\":\"datetime\",\"args\":[{\"useTz\":false,\"precision\":6}],\"defaultTo\":null,\"notNullable\":false,\"unsigned\":false},{\"name\":\"published_at\",\"type\":\"datetime\",\"args\":[{\"useTz\":false,\"precision\":6}],\"defaultTo\":null,\"notNullable\":false,\"unsigned\":false},{\"name\":\"created_by_id\",\"type\":\"integer\",\"args\":[],\"defaultTo\":null,\"notNullable\":false,\"unsigned\":true},{\"name\":\"updated_by_id\",\"type\":\"integer\",\"args\":[],\"defaultTo\":null,\"notNullable\":false,\"unsigned\":true},{\"name\":\"locale\",\"type\":\"string\",\"args\":[],\"defaultTo\":null,\"notNullable\":false,\"unsigned\":false}]},{\"name\":\"detail_transaksis\",\"indexes\":[{\"name\":\"detail_transaksis_documents_idx\",\"columns\":[\"document_id\",\"locale\",\"published_at\"]},{\"name\":\"detail_transaksis_created_by_id_fk\",\"columns\":[\"created_by_id\"]},{\"name\":\"detail_transaksis_updated_by_id_fk\",\"columns\":[\"updated_by_id\"]}],\"foreignKeys\":[{\"name\":\"detail_transaksis_created_by_id_fk\",\"columns\":[\"created_by_id\"],\"referencedTable\":\"admin_users\",\"referencedColumns\":[\"id\"],\"onDelete\":\"SET NULL\"},{\"name\":\"detail_transaksis_updated_by_id_fk\",\"columns\":[\"updated_by_id\"],\"referencedTable\":\"admin_users\",\"referencedColumns\":[\"id\"],\"onDelete\":\"SET NULL\"}],\"columns\":[{\"name\":\"id\",\"type\":\"increments\",\"args\":[{\"primary\":true,\"primaryKey\":true}],\"defaultTo\":null,\"notNullable\":true,\"unsigned\":false},{\"name\":\"document_id\",\"type\":\"string\",\"args\":[],\"defaultTo\":null,\"notNullable\":false,\"unsigned\":false},{\"name\":\"jumlah\",\"type\":\"integer\",\"args\":[],\"defaultTo\":null,\"notNullable\":false,\"unsigned\":false},{\"name\":\"subtotal\",\"type\":\"integer\",\"args\":[],\"defaultTo\":null,\"notNullable\":false,\"unsigned\":false},{\"name\":\"created_at\",\"type\":\"datetime\",\"args\":[{\"useTz\":false,\"precision\":6}],\"defaultTo\":null,\"notNullable\":false,\"unsigned\":false},{\"name\":\"updated_at\",\"type\":\"datetime\",\"args\":[{\"useTz\":false,\"precision\":6}],\"defaultTo\":null,\"notNullable\":false,\"unsigned\":false},{\"name\":\"published_at\",\"type\":\"datetime\",\"args\":[{\"useTz\":false,\"precision\":6}],\"defaultTo\":null,\"notNullable\":false,\"unsigned\":false},{\"name\":\"created_by_id\",\"type\":\"integer\",\"args\":[],\"defaultTo\":null,\"notNullable\":false,\"unsigned\":true},{\"name\":\"updated_by_id\",\"type\":\"integer\",\"args\":[],\"defaultTo\":null,\"notNullable\":false,\"unsigned\":true},{\"name\":\"locale\",\"type\":\"string\",\"args\":[],\"defaultTo\":null,\"notNullable\":false,\"unsigned\":false}]},{\"name\":\"kategori_layanans\",\"indexes\":[{\"name\":\"kategori_layanans_documents_idx\",\"columns\":[\"document_id\",\"locale\",\"published_at\"]},{\"name\":\"kategori_layanans_created_by_id_fk\",\"columns\":[\"created_by_id\"]},{\"name\":\"kategori_layanans_updated_by_id_fk\",\"columns\":[\"updated_by_id\"]}],\"foreignKeys\":[{\"name\":\"kategori_layanans_created_by_id_fk\",\"columns\":[\"created_by_id\"],\"referencedTable\":\"admin_users\",\"referencedColumns\":[\"id\"],\"onDelete\":\"SET NULL\"},{\"name\":\"kategori_layanans_updated_by_id_fk\",\"columns\":[\"updated_by_id\"],\"referencedTable\":\"admin_users\",\"referencedColumns\":[\"id\"],\"onDelete\":\"SET NULL\"}],\"columns\":[{\"name\":\"id\",\"type\":\"increments\",\"args\":[{\"primary\":true,\"primaryKey\":true}],\"defaultTo\":null,\"notNullable\":true,\"unsigned\":false},{\"name\":\"document_id\",\"type\":\"string\",\"args\":[],\"defaultTo\":null,\"notNullable\":false,\"unsigned\":false},{\"name\":\"nama_kategori\",\"type\":\"string\",\"args\":[],\"defaultTo\":null,\"notNullable\":false,\"unsigned\":false},{\"name\":\"deskripsi\",\"type\":\"text\",\"args\":[\"longtext\"],\"defaultTo\":null,\"notNullable\":false,\"unsigned\":false},{\"name\":\"created_at\",\"type\":\"datetime\",\"args\":[{\"useTz\":false,\"precision\":6}],\"defaultTo\":null,\"notNullable\":false,\"unsigned\":false},{\"name\":\"updated_at\",\"type\":\"datetime\",\"args\":[{\"useTz\":false,\"precision\":6}],\"defaultTo\":null,\"notNullable\":false,\"unsigned\":false},{\"name\":\"published_at\",\"type\":\"datetime\",\"args\":[{\"useTz\":false,\"precision\":6}],\"defaultTo\":null,\"notNullable\":false,\"unsigned\":false},{\"name\":\"created_by_id\",\"type\":\"integer\",\"args\":[],\"defaultTo\":null,\"notNullable\":false,\"unsigned\":true},{\"name\":\"updated_by_id\",\"type\":\"integer\",\"args\":[],\"defaultTo\":null,\"notNullable\":false,\"unsigned\":true},{\"name\":\"locale\",\"type\":\"string\",\"args\":[],\"defaultTo\":null,\"notNullable\":false,\"unsigned\":false}]},{\"name\":\"layanans\",\"indexes\":[{\"name\":\"layanans_documents_idx\",\"columns\":[\"document_id\",\"locale\",\"published_at\"]},{\"name\":\"layanans_created_by_id_fk\",\"columns\":[\"created_by_id\"]},{\"name\":\"layanans_updated_by_id_fk\",\"columns\":[\"updated_by_id\"]}],\"foreignKeys\":[{\"name\":\"layanans_created_by_id_fk\",\"columns\":[\"created_by_id\"],\"referencedTable\":\"admin_users\",\"referencedColumns\":[\"id\"],\"onDelete\":\"SET NULL\"},{\"name\":\"layanans_updated_by_id_fk\",\"columns\":[\"updated_by_id\"],\"referencedTable\":\"admin_users\",\"referencedColumns\":[\"id\"],\"onDelete\":\"SET NULL\"}],\"columns\":[{\"name\":\"id\",\"type\":\"increments\",\"args\":[{\"primary\":true,\"primaryKey\":true}],\"defaultTo\":null,\"notNullable\":true,\"unsigned\":false},{\"name\":\"document_id\",\"type\":\"string\",\"args\":[],\"defaultTo\":null,\"notNullable\":false,\"unsigned\":false},{\"name\":\"nama\",\"type\":\"string\",\"args\":[],\"defaultTo\":null,\"notNullable\":false,\"unsigned\":false},{\"name\":\"deskripsi\",\"type\":\"text\",\"args\":[\"longtext\"],\"defaultTo\":null,\"notNullable\":false,\"unsigned\":false},{\"name\":\"satuan\",\"type\":\"string\",\"args\":[],\"defaultTo\":null,\"notNullable\":false,\"unsigned\":false},{\"name\":\"harga\",\"type\":\"integer\",\"args\":[],\"defaultTo\":null,\"notNullable\":false,\"unsigned\":false},{\"name\":\"estimasi_waktu\",\"type\":\"string\",\"args\":[],\"defaultTo\":null,\"notNullable\":false,\"unsigned\":false},{\"name\":\"created_at\",\"type\":\"datetime\",\"args\":[{\"useTz\":false,\"precision\":6}],\"defaultTo\":null,\"notNullable\":false,\"unsigned\":false},{\"name\":\"updated_at\",\"type\":\"datetime\",\"args\":[{\"useTz\":false,\"precision\":6}],\"defaultTo\":null,\"notNullable\":false,\"unsigned\":false},{\"name\":\"published_at\",\"type\":\"datetime\",\"args\":[{\"useTz\":false,\"precision\":6}],\"defaultTo\":null,\"notNullable\":false,\"unsigned\":false},{\"name\":\"created_by_id\",\"type\":\"integer\",\"args\":[],\"defaultTo\":null,\"notNullable\":false,\"unsigned\":true},{\"name\":\"updated_by_id\",\"type\":\"integer\",\"args\":[],\"defaultTo\":null,\"notNullable\":false,\"unsigned\":true},{\"name\":\"locale\",\"type\":\"string\",\"args\":[],\"defaultTo\":null,\"notNullable\":false,\"unsigned\":false}]},{\"name\":\"omsets\",\"indexes\":[{\"name\":\"omsets_documents_idx\",\"columns\":[\"document_id\",\"locale\",\"published_at\"]},{\"name\":\"omsets_created_by_id_fk\",\"columns\":[\"created_by_id\"]},{\"name\":\"omsets_updated_by_id_fk\",\"columns\":[\"updated_by_id\"]}],\"foreignKeys\":[{\"name\":\"omsets_created_by_id_fk\",\"columns\":[\"created_by_id\"],\"referencedTable\":\"admin_users\",\"referencedColumns\":[\"id\"],\"onDelete\":\"SET NULL\"},{\"name\":\"omsets_updated_by_id_fk\",\"columns\":[\"updated_by_id\"],\"referencedTable\":\"admin_users\",\"referencedColumns\":[\"id\"],\"onDelete\":\"SET NULL\"}],\"columns\":[{\"name\":\"id\",\"type\":\"increments\",\"args\":[{\"primary\":true,\"primaryKey\":true}],\"defaultTo\":null,\"notNullable\":true,\"unsigned\":false},{\"name\":\"document_id\",\"type\":\"string\",\"args\":[],\"defaultTo\":null,\"notNullable\":false,\"unsigned\":false},{\"name\":\"total_omset\",\"type\":\"integer\",\"args\":[],\"defaultTo\":null,\"notNullable\":false,\"unsigned\":false},{\"name\":\"created_at\",\"type\":\"datetime\",\"args\":[{\"useTz\":false,\"precision\":6}],\"defaultTo\":null,\"notNullable\":false,\"unsigned\":false},{\"name\":\"updated_at\",\"type\":\"datetime\",\"args\":[{\"useTz\":false,\"precision\":6}],\"defaultTo\":null,\"notNullable\":false,\"unsigned\":false},{\"name\":\"published_at\",\"type\":\"datetime\",\"args\":[{\"useTz\":false,\"precision\":6}],\"defaultTo\":null,\"notNullable\":false,\"unsigned\":false},{\"name\":\"created_by_id\",\"type\":\"integer\",\"args\":[],\"defaultTo\":null,\"notNullable\":false,\"unsigned\":true},{\"name\":\"updated_by_id\",\"type\":\"integer\",\"args\":[],\"defaultTo\":null,\"notNullable\":false,\"unsigned\":true},{\"name\":\"locale\",\"type\":\"string\",\"args\":[],\"defaultTo\":null,\"notNullable\":false,\"unsigned\":false}]},{\"name\":\"pelanggans\",\"indexes\":[{\"name\":\"pelanggans_documents_idx\",\"columns\":[\"document_id\",\"locale\",\"published_at\"]},{\"name\":\"pelanggans_created_by_id_fk\",\"columns\":[\"created_by_id\"]},{\"name\":\"pelanggans_updated_by_id_fk\",\"columns\":[\"updated_by_id\"]}],\"foreignKeys\":[{\"name\":\"pelanggans_created_by_id_fk\",\"columns\":[\"created_by_id\"],\"referencedTable\":\"admin_users\",\"referencedColumns\":[\"id\"],\"onDelete\":\"SET NULL\"},{\"name\":\"pelanggans_updated_by_id_fk\",\"columns\":[\"updated_by_id\"],\"referencedTable\":\"admin_users\",\"referencedColumns\":[\"id\"],\"onDelete\":\"SET NULL\"}],\"columns\":[{\"name\":\"id\",\"type\":\"increments\",\"args\":[{\"primary\":true,\"primaryKey\":true}],\"defaultTo\":null,\"notNullable\":true,\"unsigned\":false},{\"name\":\"document_id\",\"type\":\"string\",\"args\":[],\"defaultTo\":null,\"notNullable\":false,\"unsigned\":false},{\"name\":\"nama\",\"type\":\"string\",\"args\":[],\"defaultTo\":null,\"notNullable\":false,\"unsigned\":false},{\"name\":\"nomor_telepon\",\"type\":\"string\",\"args\":[],\"defaultTo\":null,\"notNullable\":false,\"unsigned\":false},{\"name\":\"alamat\",\"type\":\"string\",\"args\":[],\"defaultTo\":null,\"notNullable\":false,\"unsigned\":false},{\"name\":\"email\",\"type\":\"string\",\"args\":[],\"defaultTo\":null,\"notNullable\":false,\"unsigned\":false},{\"name\":\"tanggal_register\",\"type\":\"date\",\"args\":[],\"defaultTo\":null,\"notNullable\":false,\"unsigned\":false},{\"name\":\"status_member\",\"type\":\"boolean\",\"args\":[],\"defaultTo\":null,\"notNullable\":false,\"unsigned\":false},{\"name\":\"password\",\"type\":\"string\",\"args\":[],\"defaultTo\":null,\"notNullable\":false,\"unsigned\":false},{\"name\":\"created_at\",\"type\":\"datetime\",\"args\":[{\"useTz\":false,\"precision\":6}],\"defaultTo\":null,\"notNullable\":false,\"unsigned\":false},{\"name\":\"updated_at\",\"type\":\"datetime\",\"args\":[{\"useTz\":false,\"precision\":6}],\"defaultTo\":null,\"notNullable\":false,\"unsigned\":false},{\"name\":\"published_at\",\"type\":\"datetime\",\"args\":[{\"useTz\":false,\"precision\":6}],\"defaultTo\":null,\"notNullable\":false,\"unsigned\":false},{\"name\":\"created_by_id\",\"type\":\"integer\",\"args\":[],\"defaultTo\":null,\"notNullable\":false,\"unsigned\":true},{\"name\":\"updated_by_id\",\"type\":\"integer\",\"args\":[],\"defaultTo\":null,\"notNullable\":false,\"unsigned\":true},{\"name\":\"locale\",\"type\":\"string\",\"args\":[],\"defaultTo\":null,\"notNullable\":false,\"unsigned\":false}]},{\"name\":\"promos\",\"indexes\":[{\"name\":\"promos_documents_idx\",\"columns\":[\"document_id\",\"locale\",\"published_at\"]},{\"name\":\"promos_created_by_id_fk\",\"columns\":[\"created_by_id\"]},{\"name\":\"promos_updated_by_id_fk\",\"columns\":[\"updated_by_id\"]}],\"foreignKeys\":[{\"name\":\"promos_created_by_id_fk\",\"columns\":[\"created_by_id\"],\"referencedTable\":\"admin_users\",\"referencedColumns\":[\"id\"],\"onDelete\":\"SET NULL\"},{\"name\":\"promos_updated_by_id_fk\",\"columns\":[\"updated_by_id\"],\"referencedTable\":\"admin_users\",\"referencedColumns\":[\"id\"],\"onDelete\":\"SET NULL\"}],\"columns\":[{\"name\":\"id\",\"type\":\"increments\",\"args\":[{\"primary\":true,\"primaryKey\":true}],\"defaultTo\":null,\"notNullable\":true,\"unsigned\":false},{\"name\":\"document_id\",\"type\":\"string\",\"args\":[],\"defaultTo\":null,\"notNullable\":false,\"unsigned\":false},{\"name\":\"title\",\"type\":\"string\",\"args\":[],\"defaultTo\":null,\"notNullable\":false,\"unsigned\":false},{\"name\":\"description\",\"type\":\"text\",\"args\":[\"longtext\"],\"defaultTo\":null,\"notNullable\":false,\"unsigned\":false},{\"name\":\"created_at\",\"type\":\"datetime\",\"args\":[{\"useTz\":false,\"precision\":6}],\"defaultTo\":null,\"notNullable\":false,\"unsigned\":false},{\"name\":\"updated_at\",\"type\":\"datetime\",\"args\":[{\"useTz\":false,\"precision\":6}],\"defaultTo\":null,\"notNullable\":false,\"unsigned\":false},{\"name\":\"published_at\",\"type\":\"datetime\",\"args\":[{\"useTz\":false,\"precision\":6}],\"defaultTo\":null,\"notNullable\":false,\"unsigned\":false},{\"name\":\"created_by_id\",\"type\":\"integer\",\"args\":[],\"defaultTo\":null,\"notNullable\":false,\"unsigned\":true},{\"name\":\"updated_by_id\",\"type\":\"integer\",\"args\":[],\"defaultTo\":null,\"notNullable\":false,\"unsigned\":true},{\"name\":\"locale\",\"type\":\"string\",\"args\":[],\"defaultTo\":null,\"notNullable\":false,\"unsigned\":false}]},{\"name\":\"transaksis\",\"indexes\":[{\"name\":\"transaksis_documents_idx\",\"columns\":[\"document_id\",\"locale\",\"published_at\"]},{\"name\":\"transaksis_created_by_id_fk\",\"columns\":[\"created_by_id\"]},{\"name\":\"transaksis_updated_by_id_fk\",\"columns\":[\"updated_by_id\"]}],\"foreignKeys\":[{\"name\":\"transaksis_created_by_id_fk\",\"columns\":[\"created_by_id\"],\"referencedTable\":\"admin_users\",\"referencedColumns\":[\"id\"],\"onDelete\":\"SET NULL\"},{\"name\":\"transaksis_updated_by_id_fk\",\"columns\":[\"updated_by_id\"],\"referencedTable\":\"admin_users\",\"referencedColumns\":[\"id\"],\"onDelete\":\"SET NULL\"}],\"columns\":[{\"name\":\"id\",\"type\":\"increments\",\"args\":[{\"primary\":true,\"primaryKey\":true}],\"defaultTo\":null,\"notNullable\":true,\"unsigned\":false},{\"name\":\"document_id\",\"type\":\"string\",\"args\":[],\"defaultTo\":null,\"notNullable\":false,\"unsigned\":false},{\"name\":\"tanggal_pesan\",\"type\":\"date\",\"args\":[],\"defaultTo\":null,\"notNullable\":false,\"unsigned\":false},{\"name\":\"tanggal_selesai\",\"type\":\"date\",\"args\":[],\"defaultTo\":null,\"notNullable\":false,\"unsigned\":false},{\"name\":\"total_harga\",\"type\":\"integer\",\"args\":[],\"defaultTo\":null,\"notNullable\":false,\"unsigned\":false},{\"name\":\"catatan\",\"type\":\"string\",\"args\":[],\"defaultTo\":null,\"notNullable\":false,\"unsigned\":false},{\"name\":\"status_pembayaran\",\"type\":\"string\",\"args\":[],\"defaultTo\":null,\"notNullable\":false,\"unsigned\":false},{\"name\":\"status_pengerjaan\",\"type\":\"string\",\"args\":[],\"defaultTo\":null,\"notNullable\":false,\"unsigned\":false},{\"name\":\"created_at\",\"type\":\"datetime\",\"args\":[{\"useTz\":false,\"precision\":6}],\"defaultTo\":null,\"notNullable\":false,\"unsigned\":false},{\"name\":\"updated_at\",\"type\":\"datetime\",\"args\":[{\"useTz\":false,\"precision\":6}],\"defaultTo\":null,\"notNullable\":false,\"unsigned\":false},{\"name\":\"published_at\",\"type\":\"datetime\",\"args\":[{\"useTz\":false,\"precision\":6}],\"defaultTo\":null,\"notNullable\":false,\"unsigned\":false},{\"name\":\"created_by_id\",\"type\":\"integer\",\"args\":[],\"defaultTo\":null,\"notNullable\":false,\"unsigned\":true},{\"name\":\"updated_by_id\",\"type\":\"integer\",\"args\":[],\"defaultTo\":null,\"notNullable\":false,\"unsigned\":true},{\"name\":\"locale\",\"type\":\"string\",\"args\":[],\"defaultTo\":null,\"notNullable\":false,\"unsigned\":false}]},{\"name\":\"admin_permissions\",\"indexes\":[{\"name\":\"admin_permissions_documents_idx\",\"columns\":[\"document_id\",\"locale\",\"published_at\"]},{\"name\":\"admin_permissions_created_by_id_fk\",\"columns\":[\"created_by_id\"]},{\"name\":\"admin_permissions_updated_by_id_fk\",\"columns\":[\"updated_by_id\"]}],\"foreignKeys\":[{\"name\":\"admin_permissions_created_by_id_fk\",\"columns\":[\"created_by_id\"],\"referencedTable\":\"admin_users\",\"referencedColumns\":[\"id\"],\"onDelete\":\"SET NULL\"},{\"name\":\"admin_permissions_updated_by_id_fk\",\"columns\":[\"updated_by_id\"],\"referencedTable\":\"admin_users\",\"referencedColumns\":[\"id\"],\"onDelete\":\"SET NULL\"}],\"columns\":[{\"name\":\"id\",\"type\":\"increments\",\"args\":[{\"primary\":true,\"primaryKey\":true}],\"defaultTo\":null,\"notNullable\":true,\"unsigned\":false},{\"name\":\"document_id\",\"type\":\"string\",\"args\":[],\"defaultTo\":null,\"notNullable\":false,\"unsigned\":false},{\"name\":\"action\",\"type\":\"string\",\"args\":[],\"defaultTo\":null,\"notNullable\":false,\"unsigned\":false},{\"name\":\"action_parameters\",\"type\":\"jsonb\",\"args\":[],\"defaultTo\":null,\"notNullable\":false,\"unsigned\":false},{\"name\":\"subject\",\"type\":\"string\",\"args\":[],\"defaultTo\":null,\"notNullable\":false,\"unsigned\":false},{\"name\":\"properties\",\"type\":\"jsonb\",\"args\":[],\"defaultTo\":null,\"notNullable\":false,\"unsigned\":false},{\"name\":\"conditions\",\"type\":\"jsonb\",\"args\":[],\"defaultTo\":null,\"notNullable\":false,\"unsigned\":false},{\"name\":\"created_at\",\"type\":\"datetime\",\"args\":[{\"useTz\":false,\"precision\":6}],\"defaultTo\":null,\"notNullable\":false,\"unsigned\":false},{\"name\":\"updated_at\",\"type\":\"datetime\",\"args\":[{\"useTz\":false,\"precision\":6}],\"defaultTo\":null,\"notNullable\":false,\"unsigned\":false},{\"name\":\"published_at\",\"type\":\"datetime\",\"args\":[{\"useTz\":false,\"precision\":6}],\"defaultTo\":null,\"notNullable\":false,\"unsigned\":false},{\"name\":\"created_by_id\",\"type\":\"integer\",\"args\":[],\"defaultTo\":null,\"notNullable\":false,\"unsigned\":true},{\"name\":\"updated_by_id\",\"type\":\"integer\",\"args\":[],\"defaultTo\":null,\"notNullable\":false,\"unsigned\":true},{\"name\":\"locale\",\"type\":\"string\",\"args\":[],\"defaultTo\":null,\"notNullable\":false,\"unsigned\":false}]},{\"name\":\"admin_users\",\"indexes\":[{\"name\":\"admin_users_documents_idx\",\"columns\":[\"document_id\",\"locale\",\"published_at\"]},{\"name\":\"admin_users_created_by_id_fk\",\"columns\":[\"created_by_id\"]},{\"name\":\"admin_users_updated_by_id_fk\",\"columns\":[\"updated_by_id\"]}],\"foreignKeys\":[{\"name\":\"admin_users_created_by_id_fk\",\"columns\":[\"created_by_id\"],\"referencedTable\":\"admin_users\",\"referencedColumns\":[\"id\"],\"onDelete\":\"SET NULL\"},{\"name\":\"admin_users_updated_by_id_fk\",\"columns\":[\"updated_by_id\"],\"referencedTable\":\"admin_users\",\"referencedColumns\":[\"id\"],\"onDelete\":\"SET NULL\"}],\"columns\":[{\"name\":\"id\",\"type\":\"increments\",\"args\":[{\"primary\":true,\"primaryKey\":true}],\"defaultTo\":null,\"notNullable\":true,\"unsigned\":false},{\"name\":\"document_id\",\"type\":\"string\",\"args\":[],\"defaultTo\":null,\"notNullable\":false,\"unsigned\":false},{\"name\":\"firstname\",\"type\":\"string\",\"args\":[],\"defaultTo\":null,\"notNullable\":false,\"unsigned\":false},{\"name\":\"lastname\",\"type\":\"string\",\"args\":[],\"defaultTo\":null,\"notNullable\":false,\"unsigned\":false},{\"name\":\"username\",\"type\":\"string\",\"args\":[],\"defaultTo\":null,\"notNullable\":false,\"unsigned\":false},{\"name\":\"email\",\"type\":\"string\",\"args\":[],\"defaultTo\":null,\"notNullable\":false,\"unsigned\":false},{\"name\":\"password\",\"type\":\"string\",\"args\":[],\"defaultTo\":null,\"notNullable\":false,\"unsigned\":false},{\"name\":\"reset_password_token\",\"type\":\"string\",\"args\":[],\"defaultTo\":null,\"notNullable\":false,\"unsigned\":false},{\"name\":\"registration_token\",\"type\":\"string\",\"args\":[],\"defaultTo\":null,\"notNullable\":false,\"unsigned\":false},{\"name\":\"is_active\",\"type\":\"boolean\",\"args\":[],\"defaultTo\":null,\"notNullable\":false,\"unsigned\":false},{\"name\":\"blocked\",\"type\":\"boolean\",\"args\":[],\"defaultTo\":null,\"notNullable\":false,\"unsigned\":false},{\"name\":\"prefered_language\",\"type\":\"string\",\"args\":[],\"defaultTo\":null,\"notNullable\":false,\"unsigned\":false},{\"name\":\"created_at\",\"type\":\"datetime\",\"args\":[{\"useTz\":false,\"precision\":6}],\"defaultTo\":null,\"notNullable\":false,\"unsigned\":false},{\"name\":\"updated_at\",\"type\":\"datetime\",\"args\":[{\"useTz\":false,\"precision\":6}],\"defaultTo\":null,\"notNullable\":false,\"unsigned\":false},{\"name\":\"published_at\",\"type\":\"datetime\",\"args\":[{\"useTz\":false,\"precision\":6}],\"defaultTo\":null,\"notNullable\":false,\"unsigned\":false},{\"name\":\"created_by_id\",\"type\":\"integer\",\"args\":[],\"defaultTo\":null,\"notNullable\":false,\"unsigned\":true},{\"name\":\"updated_by_id\",\"type\":\"integer\",\"args\":[],\"defaultTo\":null,\"notNullable\":false,\"unsigned\":true},{\"name\":\"locale\",\"type\":\"string\",\"args\":[],\"defaultTo\":null,\"notNullable\":false,\"unsigned\":false}]},{\"name\":\"admin_roles\",\"indexes\":[{\"name\":\"admin_roles_documents_idx\",\"columns\":[\"document_id\",\"locale\",\"published_at\"]},{\"name\":\"admin_roles_created_by_id_fk\",\"columns\":[\"created_by_id\"]},{\"name\":\"admin_roles_updated_by_id_fk\",\"columns\":[\"updated_by_id\"]}],\"foreignKeys\":[{\"name\":\"admin_roles_created_by_id_fk\",\"columns\":[\"created_by_id\"],\"referencedTable\":\"admin_users\",\"referencedColumns\":[\"id\"],\"onDelete\":\"SET NULL\"},{\"name\":\"admin_roles_updated_by_id_fk\",\"columns\":[\"updated_by_id\"],\"referencedTable\":\"admin_users\",\"referencedColumns\":[\"id\"],\"onDelete\":\"SET NULL\"}],\"columns\":[{\"name\":\"id\",\"type\":\"increments\",\"args\":[{\"primary\":true,\"primaryKey\":true}],\"defaultTo\":null,\"notNullable\":true,\"unsigned\":false},{\"name\":\"document_id\",\"type\":\"string\",\"args\":[],\"defaultTo\":null,\"notNullable\":false,\"unsigned\":false},{\"name\":\"name\",\"type\":\"string\",\"args\":[],\"defaultTo\":null,\"notNullable\":false,\"unsigned\":false},{\"name\":\"code\",\"type\":\"string\",\"args\":[],\"defaultTo\":null,\"notNullable\":false,\"unsigned\":false},{\"name\":\"description\",\"type\":\"string\",\"args\":[],\"defaultTo\":null,\"notNullable\":false,\"unsigned\":false},{\"name\":\"created_at\",\"type\":\"datetime\",\"args\":[{\"useTz\":false,\"precision\":6}],\"defaultTo\":null,\"notNullable\":false,\"unsigned\":false},{\"name\":\"updated_at\",\"type\":\"datetime\",\"args\":[{\"useTz\":false,\"precision\":6}],\"defaultTo\":null,\"notNullable\":false,\"unsigned\":false},{\"name\":\"published_at\",\"type\":\"datetime\",\"args\":[{\"useTz\":false,\"precision\":6}],\"defaultTo\":null,\"notNullable\":false,\"unsigned\":false},{\"name\":\"created_by_id\",\"type\":\"integer\",\"args\":[],\"defaultTo\":null,\"notNullable\":false,\"unsigned\":true},{\"name\":\"updated_by_id\",\"type\":\"integer\",\"args\":[],\"defaultTo\":null,\"notNullable\":false,\"unsigned\":true},{\"name\":\"locale\",\"type\":\"string\",\"args\":[],\"defaultTo\":null,\"notNullable\":false,\"unsigned\":false}]},{\"name\":\"strapi_api_tokens\",\"indexes\":[{\"name\":\"strapi_api_tokens_documents_idx\",\"columns\":[\"document_id\",\"locale\",\"published_at\"]},{\"name\":\"strapi_api_tokens_created_by_id_fk\",\"columns\":[\"created_by_id\"]},{\"name\":\"strapi_api_tokens_updated_by_id_fk\",\"columns\":[\"updated_by_id\"]}],\"foreignKeys\":[{\"name\":\"strapi_api_tokens_created_by_id_fk\",\"columns\":[\"created_by_id\"],\"referencedTable\":\"admin_users\",\"referencedColumns\":[\"id\"],\"onDelete\":\"SET NULL\"},{\"name\":\"strapi_api_tokens_updated_by_id_fk\",\"columns\":[\"updated_by_id\"],\"referencedTable\":\"admin_users\",\"referencedColumns\":[\"id\"],\"onDelete\":\"SET NULL\"}],\"columns\":[{\"name\":\"id\",\"type\":\"increments\",\"args\":[{\"primary\":true,\"primaryKey\":true}],\"defaultTo\":null,\"notNullable\":true,\"unsigned\":false},{\"name\":\"document_id\",\"type\":\"string\",\"args\":[],\"defaultTo\":null,\"notNullable\":false,\"unsigned\":false},{\"name\":\"name\",\"type\":\"string\",\"args\":[],\"defaultTo\":null,\"notNullable\":false,\"unsigned\":false},{\"name\":\"description\",\"type\":\"string\",\"args\":[],\"defaultTo\":null,\"notNullable\":false,\"unsigned\":false},{\"name\":\"type\",\"type\":\"string\",\"args\":[],\"defaultTo\":null,\"notNullable\":false,\"unsigned\":false},{\"name\":\"access_key\",\"type\":\"string\",\"args\":[],\"defaultTo\":null,\"notNullable\":false,\"unsigned\":false},{\"name\":\"encrypted_key\",\"type\":\"text\",\"args\":[\"longtext\"],\"defaultTo\":null,\"notNullable\":false,\"unsigned\":false},{\"name\":\"last_used_at\",\"type\":\"datetime\",\"args\":[{\"useTz\":false,\"precision\":6}],\"defaultTo\":null,\"notNullable\":false,\"unsigned\":false},{\"name\":\"expires_at\",\"type\":\"datetime\",\"args\":[{\"useTz\":false,\"precision\":6}],\"defaultTo\":null,\"notNullable\":false,\"unsigned\":false},{\"name\":\"lifespan\",\"type\":\"bigInteger\",\"args\":[],\"defaultTo\":null,\"notNullable\":false,\"unsigned\":false},{\"name\":\"created_at\",\"type\":\"datetime\",\"args\":[{\"useTz\":false,\"precision\":6}],\"defaultTo\":null,\"notNullable\":false,\"unsigned\":false},{\"name\":\"updated_at\",\"type\":\"datetime\",\"args\":[{\"useTz\":false,\"precision\":6}],\"defaultTo\":null,\"notNullable\":false,\"unsigned\":false},{\"name\":\"published_at\",\"type\":\"datetime\",\"args\":[{\"useTz\":false,\"precision\":6}],\"defaultTo\":null,\"notNullable\":false,\"unsigned\":false},{\"name\":\"created_by_id\",\"type\":\"integer\",\"args\":[],\"defaultTo\":null,\"notNullable\":false,\"unsigned\":true},{\"name\":\"updated_by_id\",\"type\":\"integer\",\"args\":[],\"defaultTo\":null,\"notNullable\":false,\"unsigned\":true},{\"name\":\"locale\",\"type\":\"string\",\"args\":[],\"defaultTo\":null,\"notNullable\":false,\"unsigned\":false}]},{\"name\":\"strapi_api_token_permissions\",\"indexes\":[{\"name\":\"strapi_api_token_permissions_documents_idx\",\"columns\":[\"document_id\",\"locale\",\"published_at\"]},{\"name\":\"strapi_api_token_permissions_created_by_id_fk\",\"columns\":[\"created_by_id\"]},{\"name\":\"strapi_api_token_permissions_updated_by_id_fk\",\"columns\":[\"updated_by_id\"]}],\"foreignKeys\":[{\"name\":\"strapi_api_token_permissions_created_by_id_fk\",\"columns\":[\"created_by_id\"],\"referencedTable\":\"admin_users\",\"referencedColumns\":[\"id\"],\"onDelete\":\"SET NULL\"},{\"name\":\"strapi_api_token_permissions_updated_by_id_fk\",\"columns\":[\"updated_by_id\"],\"referencedTable\":\"admin_users\",\"referencedColumns\":[\"id\"],\"onDelete\":\"SET NULL\"}],\"columns\":[{\"name\":\"id\",\"type\":\"increments\",\"args\":[{\"primary\":true,\"primaryKey\":true}],\"defaultTo\":null,\"notNullable\":true,\"unsigned\":false},{\"name\":\"document_id\",\"type\":\"string\",\"args\":[],\"defaultTo\":null,\"notNullable\":false,\"unsigned\":false},{\"name\":\"action\",\"type\":\"string\",\"args\":[],\"defaultTo\":null,\"notNullable\":false,\"unsigned\":false},{\"name\":\"created_at\",\"type\":\"datetime\",\"args\":[{\"useTz\":false,\"precision\":6}],\"defaultTo\":null,\"notNullable\":false,\"unsigned\":false},{\"name\":\"updated_at\",\"type\":\"datetime\",\"args\":[{\"useTz\":false,\"precision\":6}],\"defaultTo\":null,\"notNullable\":false,\"unsigned\":false},{\"name\":\"published_at\",\"type\":\"datetime\",\"args\":[{\"useTz\":false,\"precision\":6}],\"defaultTo\":null,\"notNullable\":false,\"unsigned\":false},{\"name\":\"created_by_id\",\"type\":\"integer\",\"args\":[],\"defaultTo\":null,\"notNullable\":false,\"unsigned\":true},{\"name\":\"updated_by_id\",\"type\":\"integer\",\"args\":[],\"defaultTo\":null,\"notNullable\":false,\"unsigned\":true},{\"name\":\"locale\",\"type\":\"string\",\"args\":[],\"defaultTo\":null,\"notNullable\":false,\"unsigned\":false}]},{\"name\":\"strapi_transfer_tokens\",\"indexes\":[{\"name\":\"strapi_transfer_tokens_documents_idx\",\"columns\":[\"document_id\",\"locale\",\"published_at\"]},{\"name\":\"strapi_transfer_tokens_created_by_id_fk\",\"columns\":[\"created_by_id\"]},{\"name\":\"strapi_transfer_tokens_updated_by_id_fk\",\"columns\":[\"updated_by_id\"]}],\"foreignKeys\":[{\"name\":\"strapi_transfer_tokens_created_by_id_fk\",\"columns\":[\"created_by_id\"],\"referencedTable\":\"admin_users\",\"referencedColumns\":[\"id\"],\"onDelete\":\"SET NULL\"},{\"name\":\"strapi_transfer_tokens_updated_by_id_fk\",\"columns\":[\"updated_by_id\"],\"referencedTable\":\"admin_users\",\"referencedColumns\":[\"id\"],\"onDelete\":\"SET NULL\"}],\"columns\":[{\"name\":\"id\",\"type\":\"increments\",\"args\":[{\"primary\":true,\"primaryKey\":true}],\"defaultTo\":null,\"notNullable\":true,\"unsigned\":false},{\"name\":\"document_id\",\"type\":\"string\",\"args\":[],\"defaultTo\":null,\"notNullable\":false,\"unsigned\":false},{\"name\":\"name\",\"type\":\"string\",\"args\":[],\"defaultTo\":null,\"notNullable\":false,\"unsigned\":false},{\"name\":\"description\",\"type\":\"string\",\"args\":[],\"defaultTo\":null,\"notNullable\":false,\"unsigned\":false},{\"name\":\"access_key\",\"type\":\"string\",\"args\":[],\"defaultTo\":null,\"notNullable\":false,\"unsigned\":false},{\"name\":\"last_used_at\",\"type\":\"datetime\",\"args\":[{\"useTz\":false,\"precision\":6}],\"defaultTo\":null,\"notNullable\":false,\"unsigned\":false},{\"name\":\"expires_at\",\"type\":\"datetime\",\"args\":[{\"useTz\":false,\"precision\":6}],\"defaultTo\":null,\"notNullable\":false,\"unsigned\":false},{\"name\":\"lifespan\",\"type\":\"bigInteger\",\"args\":[],\"defaultTo\":null,\"notNullable\":false,\"unsigned\":false},{\"name\":\"created_at\",\"type\":\"datetime\",\"args\":[{\"useTz\":false,\"precision\":6}],\"defaultTo\":null,\"notNullable\":false,\"unsigned\":false},{\"name\":\"updated_at\",\"type\":\"datetime\",\"args\":[{\"useTz\":false,\"precision\":6}],\"defaultTo\":null,\"notNullable\":false,\"unsigned\":false},{\"name\":\"published_at\",\"type\":\"datetime\",\"args\":[{\"useTz\":false,\"precision\":6}],\"defaultTo\":null,\"notNullable\":false,\"unsigned\":false},{\"name\":\"created_by_id\",\"type\":\"integer\",\"args\":[],\"defaultTo\":null,\"notNullable\":false,\"unsigned\":true},{\"name\":\"updated_by_id\",\"type\":\"integer\",\"args\":[],\"defaultTo\":null,\"notNullable\":false,\"unsigned\":true},{\"name\":\"locale\",\"type\":\"string\",\"args\":[],\"defaultTo\":null,\"notNullable\":false,\"unsigned\":false}]},{\"name\":\"strapi_transfer_token_permissions\",\"indexes\":[{\"name\":\"strapi_transfer_token_permissions_documents_idx\",\"columns\":[\"document_id\",\"locale\",\"published_at\"]},{\"name\":\"strapi_transfer_token_permissions_created_by_id_fk\",\"columns\":[\"created_by_id\"]},{\"name\":\"strapi_transfer_token_permissions_updated_by_id_fk\",\"columns\":[\"updated_by_id\"]}],\"foreignKeys\":[{\"name\":\"strapi_transfer_token_permissions_created_by_id_fk\",\"columns\":[\"created_by_id\"],\"referencedTable\":\"admin_users\",\"referencedColumns\":[\"id\"],\"onDelete\":\"SET NULL\"},{\"name\":\"strapi_transfer_token_permissions_updated_by_id_fk\",\"columns\":[\"updated_by_id\"],\"referencedTable\":\"admin_users\",\"referencedColumns\":[\"id\"],\"onDelete\":\"SET NULL\"}],\"columns\":[{\"name\":\"id\",\"type\":\"increments\",\"args\":[{\"primary\":true,\"primaryKey\":true}],\"defaultTo\":null,\"notNullable\":true,\"unsigned\":false},{\"name\":\"document_id\",\"type\":\"string\",\"args\":[],\"defaultTo\":null,\"notNullable\":false,\"unsigned\":false},{\"name\":\"action\",\"type\":\"string\",\"args\":[],\"defaultTo\":null,\"notNullable\":false,\"unsigned\":false},{\"name\":\"created_at\",\"type\":\"datetime\",\"args\":[{\"useTz\":false,\"precision\":6}],\"defaultTo\":null,\"notNullable\":false,\"unsigned\":false},{\"name\":\"updated_at\",\"type\":\"datetime\",\"args\":[{\"useTz\":false,\"precision\":6}],\"defaultTo\":null,\"notNullable\":false,\"unsigned\":false},{\"name\":\"published_at\",\"type\":\"datetime\",\"args\":[{\"useTz\":false,\"precision\":6}],\"defaultTo\":null,\"notNullable\":false,\"unsigned\":false},{\"name\":\"created_by_id\",\"type\":\"integer\",\"args\":[],\"defaultTo\":null,\"notNullable\":false,\"unsigned\":true},{\"name\":\"updated_by_id\",\"type\":\"integer\",\"args\":[],\"defaultTo\":null,\"notNullable\":false,\"unsigned\":true},{\"name\":\"locale\",\"type\":\"string\",\"args\":[],\"defaultTo\":null,\"notNullable\":false,\"unsigned\":false}]},{\"name\":\"components_transaksi_detail_transaksis\",\"indexes\":[],\"foreignKeys\":[],\"columns\":[{\"name\":\"id\",\"type\":\"increments\",\"args\":[{\"primary\":true,\"primaryKey\":true}],\"defaultTo\":null,\"notNullable\":true,\"unsigned\":false},{\"name\":\"jumlah\",\"type\":\"integer\",\"args\":[],\"defaultTo\":null,\"notNullable\":false,\"unsigned\":false},{\"name\":\"subtotal\",\"type\":\"integer\",\"args\":[],\"defaultTo\":null,\"notNullable\":false,\"unsigned\":false}]},{\"name\":\"strapi_core_store_settings\",\"indexes\":[],\"foreignKeys\":[],\"columns\":[{\"name\":\"id\",\"type\":\"increments\",\"args\":[{\"primary\":true,\"primaryKey\":true}],\"defaultTo\":null,\"notNullable\":true,\"unsigned\":false},{\"name\":\"key\",\"type\":\"string\",\"args\":[],\"defaultTo\":null,\"notNullable\":false,\"unsigned\":false},{\"name\":\"value\",\"type\":\"text\",\"args\":[\"longtext\"],\"defaultTo\":null,\"notNullable\":false,\"unsigned\":false},{\"name\":\"type\",\"type\":\"string\",\"args\":[],\"defaultTo\":null,\"notNullable\":false,\"unsigned\":false},{\"name\":\"environment\",\"type\":\"string\",\"args\":[],\"defaultTo\":null,\"notNullable\":false,\"unsigned\":false},{\"name\":\"tag\",\"type\":\"string\",\"args\":[],\"defaultTo\":null,\"notNullable\":false,\"unsigned\":false}]},{\"name\":\"strapi_webhooks\",\"indexes\":[],\"foreignKeys\":[],\"columns\":[{\"name\":\"id\",\"type\":\"increments\",\"args\":[{\"primary\":true,\"primaryKey\":true}],\"defaultTo\":null,\"notNullable\":true,\"unsigned\":false},{\"name\":\"name\",\"type\":\"string\",\"args\":[],\"defaultTo\":null,\"notNullable\":false,\"unsigned\":false},{\"name\":\"url\",\"type\":\"text\",\"args\":[\"longtext\"],\"defaultTo\":null,\"notNullable\":false,\"unsigned\":false},{\"name\":\"headers\",\"type\":\"jsonb\",\"args\":[],\"defaultTo\":null,\"notNullable\":false,\"unsigned\":false},{\"name\":\"events\",\"type\":\"jsonb\",\"args\":[],\"defaultTo\":null,\"notNullable\":false,\"unsigned\":false},{\"name\":\"enabled\",\"type\":\"boolean\",\"args\":[],\"defaultTo\":null,\"notNullable\":false,\"unsigned\":false}]},{\"name\":\"strapi_history_versions\",\"indexes\":[{\"name\":\"strapi_history_versions_created_by_id_fk\",\"columns\":[\"created_by_id\"]}],\"foreignKeys\":[{\"name\":\"strapi_history_versions_created_by_id_fk\",\"columns\":[\"created_by_id\"],\"referencedTable\":\"admin_users\",\"referencedColumns\":[\"id\"],\"onDelete\":\"SET NULL\"}],\"columns\":[{\"name\":\"id\",\"type\":\"increments\",\"args\":[{\"primary\":true,\"primaryKey\":true}],\"defaultTo\":null,\"notNullable\":true,\"unsigned\":false},{\"name\":\"content_type\",\"type\":\"string\",\"args\":[],\"defaultTo\":null,\"notNullable\":true,\"unsigned\":false},{\"name\":\"related_document_id\",\"type\":\"string\",\"args\":[],\"defaultTo\":null,\"notNullable\":false,\"unsigned\":false},{\"name\":\"locale\",\"type\":\"string\",\"args\":[],\"defaultTo\":null,\"notNullable\":false,\"unsigned\":false},{\"name\":\"status\",\"type\":\"string\",\"args\":[],\"defaultTo\":null,\"notNullable\":false,\"unsigned\":false},{\"name\":\"data\",\"type\":\"jsonb\",\"args\":[],\"defaultTo\":null,\"notNullable\":false,\"unsigned\":false},{\"name\":\"schema\",\"type\":\"jsonb\",\"args\":[],\"defaultTo\":null,\"notNullable\":false,\"unsigned\":false},{\"name\":\"created_at\",\"type\":\"datetime\",\"args\":[{\"useTz\":false,\"precision\":6}],\"defaultTo\":null,\"notNullable\":false,\"unsigned\":false},{\"name\":\"created_by_id\",\"type\":\"integer\",\"args\":[],\"defaultTo\":null,\"notNullable\":false,\"unsigned\":true}]},{\"name\":\"files_related_mph\",\"indexes\":[{\"name\":\"files_related_mph_fk\",\"columns\":[\"file_id\"]},{\"name\":\"files_related_mph_oidx\",\"columns\":[\"order\"]},{\"name\":\"files_related_mph_idix\",\"columns\":[\"related_id\"]}],\"foreignKeys\":[{\"name\":\"files_related_mph_fk\",\"columns\":[\"file_id\"],\"referencedColumns\":[\"id\"],\"referencedTable\":\"files\",\"onDelete\":\"CASCADE\"}],\"columns\":[{\"name\":\"id\",\"type\":\"increments\",\"args\":[{\"primary\":true,\"primaryKey\":true}],\"defaultTo\":null,\"notNullable\":true,\"unsigned\":false},{\"name\":\"file_id\",\"type\":\"integer\",\"args\":[],\"defaultTo\":null,\"notNullable\":false,\"unsigned\":true},{\"name\":\"related_id\",\"type\":\"integer\",\"args\":[],\"defaultTo\":null,\"notNullable\":false,\"unsigned\":true},{\"name\":\"related_type\",\"type\":\"string\",\"args\":[],\"defaultTo\":null,\"notNullable\":false,\"unsigned\":false},{\"name\":\"field\",\"type\":\"string\",\"args\":[],\"defaultTo\":null,\"notNullable\":false,\"unsigned\":false},{\"name\":\"order\",\"type\":\"double\",\"args\":[],\"defaultTo\":null,\"notNullable\":false,\"unsigned\":true}]},{\"name\":\"files_folder_lnk\",\"indexes\":[{\"name\":\"files_folder_lnk_fk\",\"columns\":[\"file_id\"]},{\"name\":\"files_folder_lnk_ifk\",\"columns\":[\"folder_id\"]},{\"name\":\"files_folder_lnk_uq\",\"columns\":[\"file_id\",\"folder_id\"],\"type\":\"unique\"},{\"name\":\"files_folder_lnk_oifk\",\"columns\":[\"file_ord\"]}],\"foreignKeys\":[{\"name\":\"files_folder_lnk_fk\",\"columns\":[\"file_id\"],\"referencedColumns\":[\"id\"],\"referencedTable\":\"files\",\"onDelete\":\"CASCADE\"},{\"name\":\"files_folder_lnk_ifk\",\"columns\":[\"folder_id\"],\"referencedColumns\":[\"id\"],\"referencedTable\":\"upload_folders\",\"onDelete\":\"CASCADE\"}],\"columns\":[{\"name\":\"id\",\"type\":\"increments\",\"args\":[{\"primary\":true,\"primaryKey\":true}],\"defaultTo\":null,\"notNullable\":true,\"unsigned\":false},{\"name\":\"file_id\",\"type\":\"integer\",\"args\":[],\"defaultTo\":null,\"notNullable\":false,\"unsigned\":true},{\"name\":\"folder_id\",\"type\":\"integer\",\"args\":[],\"defaultTo\":null,\"notNullable\":false,\"unsigned\":true},{\"name\":\"file_ord\",\"type\":\"double\",\"args\":[],\"defaultTo\":null,\"notNullable\":false,\"unsigned\":true}]},{\"name\":\"upload_folders_parent_lnk\",\"indexes\":[{\"name\":\"upload_folders_parent_lnk_fk\",\"columns\":[\"folder_id\"]},{\"name\":\"upload_folders_parent_lnk_ifk\",\"columns\":[\"inv_folder_id\"]},{\"name\":\"upload_folders_parent_lnk_uq\",\"columns\":[\"folder_id\",\"inv_folder_id\"],\"type\":\"unique\"},{\"name\":\"upload_folders_parent_lnk_oifk\",\"columns\":[\"folder_ord\"]}],\"foreignKeys\":[{\"name\":\"upload_folders_parent_lnk_fk\",\"columns\":[\"folder_id\"],\"referencedColumns\":[\"id\"],\"referencedTable\":\"upload_folders\",\"onDelete\":\"CASCADE\"},{\"name\":\"upload_folders_parent_lnk_ifk\",\"columns\":[\"inv_folder_id\"],\"referencedColumns\":[\"id\"],\"referencedTable\":\"upload_folders\",\"onDelete\":\"CASCADE\"}],\"columns\":[{\"name\":\"id\",\"type\":\"increments\",\"args\":[{\"primary\":true,\"primaryKey\":true}],\"defaultTo\":null,\"notNullable\":true,\"unsigned\":false},{\"name\":\"folder_id\",\"type\":\"integer\",\"args\":[],\"defaultTo\":null,\"notNullable\":false,\"unsigned\":true},{\"name\":\"inv_folder_id\",\"type\":\"integer\",\"args\":[],\"defaultTo\":null,\"notNullable\":false,\"unsigned\":true},{\"name\":\"folder_ord\",\"type\":\"double\",\"args\":[],\"defaultTo\":null,\"notNullable\":false,\"unsigned\":true}]},{\"name\":\"strapi_release_actions_release_lnk\",\"indexes\":[{\"name\":\"strapi_release_actions_release_lnk_fk\",\"columns\":[\"release_action_id\"]},{\"name\":\"strapi_release_actions_release_lnk_ifk\",\"columns\":[\"release_id\"]},{\"name\":\"strapi_release_actions_release_lnk_uq\",\"columns\":[\"release_action_id\",\"release_id\"],\"type\":\"unique\"},{\"name\":\"strapi_release_actions_release_lnk_oifk\",\"columns\":[\"release_action_ord\"]}],\"foreignKeys\":[{\"name\":\"strapi_release_actions_release_lnk_fk\",\"columns\":[\"release_action_id\"],\"referencedColumns\":[\"id\"],\"referencedTable\":\"strapi_release_actions\",\"onDelete\":\"CASCADE\"},{\"name\":\"strapi_release_actions_release_lnk_ifk\",\"columns\":[\"release_id\"],\"referencedColumns\":[\"id\"],\"referencedTable\":\"strapi_releases\",\"onDelete\":\"CASCADE\"}],\"columns\":[{\"name\":\"id\",\"type\":\"increments\",\"args\":[{\"primary\":true,\"primaryKey\":true}],\"defaultTo\":null,\"notNullable\":true,\"unsigned\":false},{\"name\":\"release_action_id\",\"type\":\"integer\",\"args\":[],\"defaultTo\":null,\"notNullable\":false,\"unsigned\":true},{\"name\":\"release_id\",\"type\":\"integer\",\"args\":[],\"defaultTo\":null,\"notNullable\":false,\"unsigned\":true},{\"name\":\"release_action_ord\",\"type\":\"double\",\"args\":[],\"defaultTo\":null,\"notNullable\":false,\"unsigned\":true}]},{\"name\":\"strapi_workflows_stage_required_to_publish_lnk\",\"indexes\":[{\"name\":\"strapi_workflows_stage_required_to_publish_lnk_fk\",\"columns\":[\"workflow_id\"]},{\"name\":\"strapi_workflows_stage_required_to_publish_lnk_ifk\",\"columns\":[\"workflow_stage_id\"]},{\"name\":\"strapi_workflows_stage_required_to_publish_lnk_uq\",\"columns\":[\"workflow_id\",\"workflow_stage_id\"],\"type\":\"unique\"}],\"foreignKeys\":[{\"name\":\"strapi_workflows_stage_required_to_publish_lnk_fk\",\"columns\":[\"workflow_id\"],\"referencedColumns\":[\"id\"],\"referencedTable\":\"strapi_workflows\",\"onDelete\":\"CASCADE\"},{\"name\":\"strapi_workflows_stage_required_to_publish_lnk_ifk\",\"columns\":[\"workflow_stage_id\"],\"referencedColumns\":[\"id\"],\"referencedTable\":\"strapi_workflows_stages\",\"onDelete\":\"CASCADE\"}],\"columns\":[{\"name\":\"id\",\"type\":\"increments\",\"args\":[{\"primary\":true,\"primaryKey\":true}],\"defaultTo\":null,\"notNullable\":true,\"unsigned\":false},{\"name\":\"workflow_id\",\"type\":\"integer\",\"args\":[],\"defaultTo\":null,\"notNullable\":false,\"unsigned\":true},{\"name\":\"workflow_stage_id\",\"type\":\"integer\",\"args\":[],\"defaultTo\":null,\"notNullable\":false,\"unsigned\":true}]},{\"name\":\"strapi_workflows_stages_workflow_lnk\",\"indexes\":[{\"name\":\"strapi_workflows_stages_workflow_lnk_fk\",\"columns\":[\"workflow_stage_id\"]},{\"name\":\"strapi_workflows_stages_workflow_lnk_ifk\",\"columns\":[\"workflow_id\"]},{\"name\":\"strapi_workflows_stages_workflow_lnk_uq\",\"columns\":[\"workflow_stage_id\",\"workflow_id\"],\"type\":\"unique\"},{\"name\":\"strapi_workflows_stages_workflow_lnk_oifk\",\"columns\":[\"workflow_stage_ord\"]}],\"foreignKeys\":[{\"name\":\"strapi_workflows_stages_workflow_lnk_fk\",\"columns\":[\"workflow_stage_id\"],\"referencedColumns\":[\"id\"],\"referencedTable\":\"strapi_workflows_stages\",\"onDelete\":\"CASCADE\"},{\"name\":\"strapi_workflows_stages_workflow_lnk_ifk\",\"columns\":[\"workflow_id\"],\"referencedColumns\":[\"id\"],\"referencedTable\":\"strapi_workflows\",\"onDelete\":\"CASCADE\"}],\"columns\":[{\"name\":\"id\",\"type\":\"increments\",\"args\":[{\"primary\":true,\"primaryKey\":true}],\"defaultTo\":null,\"notNullable\":true,\"unsigned\":false},{\"name\":\"workflow_stage_id\",\"type\":\"integer\",\"args\":[],\"defaultTo\":null,\"notNullable\":false,\"unsigned\":true},{\"name\":\"workflow_id\",\"type\":\"integer\",\"args\":[],\"defaultTo\":null,\"notNullable\":false,\"unsigned\":true},{\"name\":\"workflow_stage_ord\",\"type\":\"double\",\"args\":[],\"defaultTo\":null,\"notNullable\":false,\"unsigned\":true}]},{\"name\":\"strapi_workflows_stages_permissions_lnk\",\"indexes\":[{\"name\":\"strapi_workflows_stages_permissions_lnk_fk\",\"columns\":[\"workflow_stage_id\"]},{\"name\":\"strapi_workflows_stages_permissions_lnk_ifk\",\"columns\":[\"permission_id\"]},{\"name\":\"strapi_workflows_stages_permissions_lnk_uq\",\"columns\":[\"workflow_stage_id\",\"permission_id\"],\"type\":\"unique\"},{\"name\":\"strapi_workflows_stages_permissions_lnk_ofk\",\"columns\":[\"permission_ord\"]}],\"foreignKeys\":[{\"name\":\"strapi_workflows_stages_permissions_lnk_fk\",\"columns\":[\"workflow_stage_id\"],\"referencedColumns\":[\"id\"],\"referencedTable\":\"strapi_workflows_stages\",\"onDelete\":\"CASCADE\"},{\"name\":\"strapi_workflows_stages_permissions_lnk_ifk\",\"columns\":[\"permission_id\"],\"referencedColumns\":[\"id\"],\"referencedTable\":\"admin_permissions\",\"onDelete\":\"CASCADE\"}],\"columns\":[{\"name\":\"id\",\"type\":\"increments\",\"args\":[{\"primary\":true,\"primaryKey\":true}],\"defaultTo\":null,\"notNullable\":true,\"unsigned\":false},{\"name\":\"workflow_stage_id\",\"type\":\"integer\",\"args\":[],\"defaultTo\":null,\"notNullable\":false,\"unsigned\":true},{\"name\":\"permission_id\",\"type\":\"integer\",\"args\":[],\"defaultTo\":null,\"notNullable\":false,\"unsigned\":true},{\"name\":\"permission_ord\",\"type\":\"double\",\"args\":[],\"defaultTo\":null,\"notNullable\":false,\"unsigned\":true}]},{\"name\":\"up_permissions_role_lnk\",\"indexes\":[{\"name\":\"up_permissions_role_lnk_fk\",\"columns\":[\"permission_id\"]},{\"name\":\"up_permissions_role_lnk_ifk\",\"columns\":[\"role_id\"]},{\"name\":\"up_permissions_role_lnk_uq\",\"columns\":[\"permission_id\",\"role_id\"],\"type\":\"unique\"},{\"name\":\"up_permissions_role_lnk_oifk\",\"columns\":[\"permission_ord\"]}],\"foreignKeys\":[{\"name\":\"up_permissions_role_lnk_fk\",\"columns\":[\"permission_id\"],\"referencedColumns\":[\"id\"],\"referencedTable\":\"up_permissions\",\"onDelete\":\"CASCADE\"},{\"name\":\"up_permissions_role_lnk_ifk\",\"columns\":[\"role_id\"],\"referencedColumns\":[\"id\"],\"referencedTable\":\"up_roles\",\"onDelete\":\"CASCADE\"}],\"columns\":[{\"name\":\"id\",\"type\":\"increments\",\"args\":[{\"primary\":true,\"primaryKey\":true}],\"defaultTo\":null,\"notNullable\":true,\"unsigned\":false},{\"name\":\"permission_id\",\"type\":\"integer\",\"args\":[],\"defaultTo\":null,\"notNullable\":false,\"unsigned\":true},{\"name\":\"role_id\",\"type\":\"integer\",\"args\":[],\"defaultTo\":null,\"notNullable\":false,\"unsigned\":true},{\"name\":\"permission_ord\",\"type\":\"double\",\"args\":[],\"defaultTo\":null,\"notNullable\":false,\"unsigned\":true}]},{\"name\":\"up_users_role_lnk\",\"indexes\":[{\"name\":\"up_users_role_lnk_fk\",\"columns\":[\"user_id\"]},{\"name\":\"up_users_role_lnk_ifk\",\"columns\":[\"role_id\"]},{\"name\":\"up_users_role_lnk_uq\",\"columns\":[\"user_id\",\"role_id\"],\"type\":\"unique\"},{\"name\":\"up_users_role_lnk_oifk\",\"columns\":[\"user_ord\"]}],\"foreignKeys\":[{\"name\":\"up_users_role_lnk_fk\",\"columns\":[\"user_id\"],\"referencedColumns\":[\"id\"],\"referencedTable\":\"up_users\",\"onDelete\":\"CASCADE\"},{\"name\":\"up_users_role_lnk_ifk\",\"columns\":[\"role_id\"],\"referencedColumns\":[\"id\"],\"referencedTable\":\"up_roles\",\"onDelete\":\"CASCADE\"}],\"columns\":[{\"name\":\"id\",\"type\":\"increments\",\"args\":[{\"primary\":true,\"primaryKey\":true}],\"defaultTo\":null,\"notNullable\":true,\"unsigned\":false},{\"name\":\"user_id\",\"type\":\"integer\",\"args\":[],\"defaultTo\":null,\"notNullable\":false,\"unsigned\":true},{\"name\":\"role_id\",\"type\":\"integer\",\"args\":[],\"defaultTo\":null,\"notNullable\":false,\"unsigned\":true},{\"name\":\"user_ord\",\"type\":\"double\",\"args\":[],\"defaultTo\":null,\"notNullable\":false,\"unsigned\":true}]},{\"name\":\"detail_transaksis_layanan_lnk\",\"indexes\":[{\"name\":\"detail_transaksis_layanan_lnk_fk\",\"columns\":[\"detail_transaksi_id\"]},{\"name\":\"detail_transaksis_layanan_lnk_ifk\",\"columns\":[\"layanan_id\"]},{\"name\":\"detail_transaksis_layanan_lnk_uq\",\"columns\":[\"detail_transaksi_id\",\"layanan_id\"],\"type\":\"unique\"},{\"name\":\"detail_transaksis_layanan_lnk_oifk\",\"columns\":[\"detail_transaksi_ord\"]}],\"foreignKeys\":[{\"name\":\"detail_transaksis_layanan_lnk_fk\",\"columns\":[\"detail_transaksi_id\"],\"referencedColumns\":[\"id\"],\"referencedTable\":\"detail_transaksis\",\"onDelete\":\"CASCADE\"},{\"name\":\"detail_transaksis_layanan_lnk_ifk\",\"columns\":[\"layanan_id\"],\"referencedColumns\":[\"id\"],\"referencedTable\":\"layanans\",\"onDelete\":\"CASCADE\"}],\"columns\":[{\"name\":\"id\",\"type\":\"increments\",\"args\":[{\"primary\":true,\"primaryKey\":true}],\"defaultTo\":null,\"notNullable\":true,\"unsigned\":false},{\"name\":\"detail_transaksi_id\",\"type\":\"integer\",\"args\":[],\"defaultTo\":null,\"notNullable\":false,\"unsigned\":true},{\"name\":\"layanan_id\",\"type\":\"integer\",\"args\":[],\"defaultTo\":null,\"notNullable\":false,\"unsigned\":true},{\"name\":\"detail_transaksi_ord\",\"type\":\"double\",\"args\":[],\"defaultTo\":null,\"notNullable\":false,\"unsigned\":true}]},{\"name\":\"detail_transaksis_transaksi_lnk\",\"indexes\":[{\"name\":\"detail_transaksis_transaksi_lnk_fk\",\"columns\":[\"detail_transaksi_id\"]},{\"name\":\"detail_transaksis_transaksi_lnk_ifk\",\"columns\":[\"transaksi_id\"]},{\"name\":\"detail_transaksis_transaksi_lnk_uq\",\"columns\":[\"detail_transaksi_id\",\"transaksi_id\"],\"type\":\"unique\"},{\"name\":\"detail_transaksis_transaksi_lnk_oifk\",\"columns\":[\"detail_transaksi_ord\"]}],\"foreignKeys\":[{\"name\":\"detail_transaksis_transaksi_lnk_fk\",\"columns\":[\"detail_transaksi_id\"],\"referencedColumns\":[\"id\"],\"referencedTable\":\"detail_transaksis\",\"onDelete\":\"CASCADE\"},{\"name\":\"detail_transaksis_transaksi_lnk_ifk\",\"columns\":[\"transaksi_id\"],\"referencedColumns\":[\"id\"],\"referencedTable\":\"transaksis\",\"onDelete\":\"CASCADE\"}],\"columns\":[{\"name\":\"id\",\"type\":\"increments\",\"args\":[{\"primary\":true,\"primaryKey\":true}],\"defaultTo\":null,\"notNullable\":true,\"unsigned\":false},{\"name\":\"detail_transaksi_id\",\"type\":\"integer\",\"args\":[],\"defaultTo\":null,\"notNullable\":false,\"unsigned\":true},{\"name\":\"transaksi_id\",\"type\":\"integer\",\"args\":[],\"defaultTo\":null,\"notNullable\":false,\"unsigned\":true},{\"name\":\"detail_transaksi_ord\",\"type\":\"double\",\"args\":[],\"defaultTo\":null,\"notNullable\":false,\"unsigned\":true}]},{\"name\":\"layanans_kategori_layanan_lnk\",\"indexes\":[{\"name\":\"layanans_kategori_layanan_lnk_fk\",\"columns\":[\"layanan_id\"]},{\"name\":\"layanans_kategori_layanan_lnk_ifk\",\"columns\":[\"kategori_layanan_id\"]},{\"name\":\"layanans_kategori_layanan_lnk_uq\",\"columns\":[\"layanan_id\",\"kategori_layanan_id\"],\"type\":\"unique\"},{\"name\":\"layanans_kategori_layanan_lnk_oifk\",\"columns\":[\"layanan_ord\"]}],\"foreignKeys\":[{\"name\":\"layanans_kategori_layanan_lnk_fk\",\"columns\":[\"layanan_id\"],\"referencedColumns\":[\"id\"],\"referencedTable\":\"layanans\",\"onDelete\":\"CASCADE\"},{\"name\":\"layanans_kategori_layanan_lnk_ifk\",\"columns\":[\"kategori_layanan_id\"],\"referencedColumns\":[\"id\"],\"referencedTable\":\"kategori_layanans\",\"onDelete\":\"CASCADE\"}],\"columns\":[{\"name\":\"id\",\"type\":\"increments\",\"args\":[{\"primary\":true,\"primaryKey\":true}],\"defaultTo\":null,\"notNullable\":true,\"unsigned\":false},{\"name\":\"layanan_id\",\"type\":\"integer\",\"args\":[],\"defaultTo\":null,\"notNullable\":false,\"unsigned\":true},{\"name\":\"kategori_layanan_id\",\"type\":\"integer\",\"args\":[],\"defaultTo\":null,\"notNullable\":false,\"unsigned\":true},{\"name\":\"layanan_ord\",\"type\":\"double\",\"args\":[],\"defaultTo\":null,\"notNullable\":false,\"unsigned\":true}]},{\"name\":\"transaksis_pelanggan_lnk\",\"indexes\":[{\"name\":\"transaksis_pelanggan_lnk_fk\",\"columns\":[\"transaksi_id\"]},{\"name\":\"transaksis_pelanggan_lnk_ifk\",\"columns\":[\"pelanggan_id\"]},{\"name\":\"transaksis_pelanggan_lnk_uq\",\"columns\":[\"transaksi_id\",\"pelanggan_id\"],\"type\":\"unique\"},{\"name\":\"transaksis_pelanggan_lnk_oifk\",\"columns\":[\"transaksi_ord\"]}],\"foreignKeys\":[{\"name\":\"transaksis_pelanggan_lnk_fk\",\"columns\":[\"transaksi_id\"],\"referencedColumns\":[\"id\"],\"referencedTable\":\"transaksis\",\"onDelete\":\"CASCADE\"},{\"name\":\"transaksis_pelanggan_lnk_ifk\",\"columns\":[\"pelanggan_id\"],\"referencedColumns\":[\"id\"],\"referencedTable\":\"pelanggans\",\"onDelete\":\"CASCADE\"}],\"columns\":[{\"name\":\"id\",\"type\":\"increments\",\"args\":[{\"primary\":true,\"primaryKey\":true}],\"defaultTo\":null,\"notNullable\":true,\"unsigned\":false},{\"name\":\"transaksi_id\",\"type\":\"integer\",\"args\":[],\"defaultTo\":null,\"notNullable\":false,\"unsigned\":true},{\"name\":\"pelanggan_id\",\"type\":\"integer\",\"args\":[],\"defaultTo\":null,\"notNullable\":false,\"unsigned\":true},{\"name\":\"transaksi_ord\",\"type\":\"double\",\"args\":[],\"defaultTo\":null,\"notNullable\":false,\"unsigned\":true}]},{\"name\":\"admin_permissions_role_lnk\",\"indexes\":[{\"name\":\"admin_permissions_role_lnk_fk\",\"columns\":[\"permission_id\"]},{\"name\":\"admin_permissions_role_lnk_ifk\",\"columns\":[\"role_id\"]},{\"name\":\"admin_permissions_role_lnk_uq\",\"columns\":[\"permission_id\",\"role_id\"],\"type\":\"unique\"},{\"name\":\"admin_permissions_role_lnk_oifk\",\"columns\":[\"permission_ord\"]}],\"foreignKeys\":[{\"name\":\"admin_permissions_role_lnk_fk\",\"columns\":[\"permission_id\"],\"referencedColumns\":[\"id\"],\"referencedTable\":\"admin_permissions\",\"onDelete\":\"CASCADE\"},{\"name\":\"admin_permissions_role_lnk_ifk\",\"columns\":[\"role_id\"],\"referencedColumns\":[\"id\"],\"referencedTable\":\"admin_roles\",\"onDelete\":\"CASCADE\"}],\"columns\":[{\"name\":\"id\",\"type\":\"increments\",\"args\":[{\"primary\":true,\"primaryKey\":true}],\"defaultTo\":null,\"notNullable\":true,\"unsigned\":false},{\"name\":\"permission_id\",\"type\":\"integer\",\"args\":[],\"defaultTo\":null,\"notNullable\":false,\"unsigned\":true},{\"name\":\"role_id\",\"type\":\"integer\",\"args\":[],\"defaultTo\":null,\"notNullable\":false,\"unsigned\":true},{\"name\":\"permission_ord\",\"type\":\"double\",\"args\":[],\"defaultTo\":null,\"notNullable\":false,\"unsigned\":true}]},{\"name\":\"admin_users_roles_lnk\",\"indexes\":[{\"name\":\"admin_users_roles_lnk_fk\",\"columns\":[\"user_id\"]},{\"name\":\"admin_users_roles_lnk_ifk\",\"columns\":[\"role_id\"]},{\"name\":\"admin_users_roles_lnk_uq\",\"columns\":[\"user_id\",\"role_id\"],\"type\":\"unique\"},{\"name\":\"admin_users_roles_lnk_ofk\",\"columns\":[\"role_ord\"]},{\"name\":\"admin_users_roles_lnk_oifk\",\"columns\":[\"user_ord\"]}],\"foreignKeys\":[{\"name\":\"admin_users_roles_lnk_fk\",\"columns\":[\"user_id\"],\"referencedColumns\":[\"id\"],\"referencedTable\":\"admin_users\",\"onDelete\":\"CASCADE\"},{\"name\":\"admin_users_roles_lnk_ifk\",\"columns\":[\"role_id\"],\"referencedColumns\":[\"id\"],\"referencedTable\":\"admin_roles\",\"onDelete\":\"CASCADE\"}],\"columns\":[{\"name\":\"id\",\"type\":\"increments\",\"args\":[{\"primary\":true,\"primaryKey\":true}],\"defaultTo\":null,\"notNullable\":true,\"unsigned\":false},{\"name\":\"user_id\",\"type\":\"integer\",\"args\":[],\"defaultTo\":null,\"notNullable\":false,\"unsigned\":true},{\"name\":\"role_id\",\"type\":\"integer\",\"args\":[],\"defaultTo\":null,\"notNullable\":false,\"unsigned\":true},{\"name\":\"role_ord\",\"type\":\"double\",\"args\":[],\"defaultTo\":null,\"notNullable\":false,\"unsigned\":true},{\"name\":\"user_ord\",\"type\":\"double\",\"args\":[],\"defaultTo\":null,\"notNullable\":false,\"unsigned\":true}]},{\"name\":\"strapi_api_token_permissions_token_lnk\",\"indexes\":[{\"name\":\"strapi_api_token_permissions_token_lnk_fk\",\"columns\":[\"api_token_permission_id\"]},{\"name\":\"strapi_api_token_permissions_token_lnk_ifk\",\"columns\":[\"api_token_id\"]},{\"name\":\"strapi_api_token_permissions_token_lnk_uq\",\"columns\":[\"api_token_permission_id\",\"api_token_id\"],\"type\":\"unique\"},{\"name\":\"strapi_api_token_permissions_token_lnk_oifk\",\"columns\":[\"api_token_permission_ord\"]}],\"foreignKeys\":[{\"name\":\"strapi_api_token_permissions_token_lnk_fk\",\"columns\":[\"api_token_permission_id\"],\"referencedColumns\":[\"id\"],\"referencedTable\":\"strapi_api_token_permissions\",\"onDelete\":\"CASCADE\"},{\"name\":\"strapi_api_token_permissions_token_lnk_ifk\",\"columns\":[\"api_token_id\"],\"referencedColumns\":[\"id\"],\"referencedTable\":\"strapi_api_tokens\",\"onDelete\":\"CASCADE\"}],\"columns\":[{\"name\":\"id\",\"type\":\"increments\",\"args\":[{\"primary\":true,\"primaryKey\":true}],\"defaultTo\":null,\"notNullable\":true,\"unsigned\":false},{\"name\":\"api_token_permission_id\",\"type\":\"integer\",\"args\":[],\"defaultTo\":null,\"notNullable\":false,\"unsigned\":true},{\"name\":\"api_token_id\",\"type\":\"integer\",\"args\":[],\"defaultTo\":null,\"notNullable\":false,\"unsigned\":true},{\"name\":\"api_token_permission_ord\",\"type\":\"double\",\"args\":[],\"defaultTo\":null,\"notNullable\":false,\"unsigned\":true}]},{\"name\":\"strapi_transfer_token_permissions_token_lnk\",\"indexes\":[{\"name\":\"strapi_transfer_token_permissions_token_lnk_fk\",\"columns\":[\"transfer_token_permission_id\"]},{\"name\":\"strapi_transfer_token_permissions_token_lnk_ifk\",\"columns\":[\"transfer_token_id\"]},{\"name\":\"strapi_transfer_token_permissions_token_lnk_uq\",\"columns\":[\"transfer_token_permission_id\",\"transfer_token_id\"],\"type\":\"unique\"},{\"name\":\"strapi_transfer_token_permissions_token_lnk_oifk\",\"columns\":[\"transfer_token_permission_ord\"]}],\"foreignKeys\":[{\"name\":\"strapi_transfer_token_permissions_token_lnk_fk\",\"columns\":[\"transfer_token_permission_id\"],\"referencedColumns\":[\"id\"],\"referencedTable\":\"strapi_transfer_token_permissions\",\"onDelete\":\"CASCADE\"},{\"name\":\"strapi_transfer_token_permissions_token_lnk_ifk\",\"columns\":[\"transfer_token_id\"],\"referencedColumns\":[\"id\"],\"referencedTable\":\"strapi_transfer_tokens\",\"onDelete\":\"CASCADE\"}],\"columns\":[{\"name\":\"id\",\"type\":\"increments\",\"args\":[{\"primary\":true,\"primaryKey\":true}],\"defaultTo\":null,\"notNullable\":true,\"unsigned\":false},{\"name\":\"transfer_token_permission_id\",\"type\":\"integer\",\"args\":[],\"defaultTo\":null,\"notNullable\":false,\"unsigned\":true},{\"name\":\"transfer_token_id\",\"type\":\"integer\",\"args\":[],\"defaultTo\":null,\"notNullable\":false,\"unsigned\":true},{\"name\":\"transfer_token_permission_ord\",\"type\":\"double\",\"args\":[],\"defaultTo\":null,\"notNullable\":false,\"unsigned\":true}]},{\"name\":\"components_transaksi_detail_transaksis_layanan_lnk\",\"indexes\":[{\"name\":\"components_transaksi_detail_transaksis_layanan_lnk_fk\",\"columns\":[\"detail_transaksi_id\"]},{\"name\":\"components_transaksi_detail_transaksis_layanan_lnk_ifk\",\"columns\":[\"layanan_id\"]},{\"name\":\"components_transaksi_detail_transaksis_layanan_lnk_uq\",\"columns\":[\"detail_transaksi_id\",\"layanan_id\"],\"type\":\"unique\"}],\"foreignKeys\":[{\"name\":\"components_transaksi_detail_transaksis_layanan_lnk_fk\",\"columns\":[\"detail_transaksi_id\"],\"referencedColumns\":[\"id\"],\"referencedTable\":\"components_transaksi_detail_transaksis\",\"onDelete\":\"CASCADE\"},{\"name\":\"components_transaksi_detail_transaksis_layanan_lnk_ifk\",\"columns\":[\"layanan_id\"],\"referencedColumns\":[\"id\"],\"referencedTable\":\"layanans\",\"onDelete\":\"CASCADE\"}],\"columns\":[{\"name\":\"id\",\"type\":\"increments\",\"args\":[{\"primary\":true,\"primaryKey\":true}],\"defaultTo\":null,\"notNullable\":true,\"unsigned\":false},{\"name\":\"detail_transaksi_id\",\"type\":\"integer\",\"args\":[],\"defaultTo\":null,\"notNullable\":false,\"unsigned\":true},{\"name\":\"layanan_id\",\"type\":\"integer\",\"args\":[],\"defaultTo\":null,\"notNullable\":false,\"unsigned\":true}]}]}', '2025-06-16 14:02:20', 'e22aa017d29a5f193c968d871a5474a6');

-- --------------------------------------------------------

--
-- Struktur dari tabel `strapi_history_versions`
--

CREATE TABLE `strapi_history_versions` (
  `id` int(10) UNSIGNED NOT NULL,
  `content_type` varchar(255) NOT NULL,
  `related_document_id` varchar(255) DEFAULT NULL,
  `locale` varchar(255) DEFAULT NULL,
  `status` varchar(255) DEFAULT NULL,
  `data` longtext CHARACTER SET utf8mb4 COLLATE utf8mb4_bin DEFAULT NULL CHECK (json_valid(`data`)),
  `schema` longtext CHARACTER SET utf8mb4 COLLATE utf8mb4_bin DEFAULT NULL CHECK (json_valid(`schema`)),
  `created_at` datetime(6) DEFAULT NULL,
  `created_by_id` int(10) UNSIGNED DEFAULT NULL
) ENGINE=InnoDB DEFAULT CHARSET=utf8mb4 COLLATE=utf8mb4_general_ci;

-- --------------------------------------------------------

--
-- Struktur dari tabel `strapi_migrations`
--

CREATE TABLE `strapi_migrations` (
  `id` int(10) UNSIGNED NOT NULL,
  `name` varchar(255) DEFAULT NULL,
  `time` datetime DEFAULT NULL
) ENGINE=InnoDB DEFAULT CHARSET=utf8mb4 COLLATE=utf8mb4_general_ci;

-- --------------------------------------------------------

--
-- Struktur dari tabel `strapi_migrations_internal`
--

CREATE TABLE `strapi_migrations_internal` (
  `id` int(10) UNSIGNED NOT NULL,
  `name` varchar(255) DEFAULT NULL,
  `time` datetime DEFAULT NULL
) ENGINE=InnoDB DEFAULT CHARSET=utf8mb4 COLLATE=utf8mb4_general_ci;

--
-- Dumping data untuk tabel `strapi_migrations_internal`
--

INSERT INTO `strapi_migrations_internal` (`id`, `name`, `time`) VALUES
(1, '5.0.0-rename-identifiers-longer-than-max-length', '2025-05-16 16:53:18'),
(2, '5.0.0-02-created-document-id', '2025-05-16 16:53:18'),
(3, '5.0.0-03-created-locale', '2025-05-16 16:53:19'),
(4, '5.0.0-04-created-published-at', '2025-05-16 16:53:19'),
(5, '5.0.0-05-drop-slug-fields-index', '2025-05-16 16:53:19'),
(6, 'core::5.0.0-discard-drafts', '2025-05-16 16:53:19');

-- --------------------------------------------------------

--
-- Struktur dari tabel `strapi_releases`
--

CREATE TABLE `strapi_releases` (
  `id` int(10) UNSIGNED NOT NULL,
  `document_id` varchar(255) DEFAULT NULL,
  `name` varchar(255) DEFAULT NULL,
  `released_at` datetime(6) DEFAULT NULL,
  `scheduled_at` datetime(6) DEFAULT NULL,
  `timezone` varchar(255) DEFAULT NULL,
  `status` varchar(255) DEFAULT NULL,
  `created_at` datetime(6) DEFAULT NULL,
  `updated_at` datetime(6) DEFAULT NULL,
  `published_at` datetime(6) DEFAULT NULL,
  `created_by_id` int(10) UNSIGNED DEFAULT NULL,
  `updated_by_id` int(10) UNSIGNED DEFAULT NULL,
  `locale` varchar(255) DEFAULT NULL
) ENGINE=InnoDB DEFAULT CHARSET=utf8mb4 COLLATE=utf8mb4_general_ci;

-- --------------------------------------------------------

--
-- Struktur dari tabel `strapi_release_actions`
--

CREATE TABLE `strapi_release_actions` (
  `id` int(10) UNSIGNED NOT NULL,
  `document_id` varchar(255) DEFAULT NULL,
  `type` varchar(255) DEFAULT NULL,
  `content_type` varchar(255) DEFAULT NULL,
  `entry_document_id` varchar(255) DEFAULT NULL,
  `locale` varchar(255) DEFAULT NULL,
  `is_entry_valid` tinyint(1) DEFAULT NULL,
  `created_at` datetime(6) DEFAULT NULL,
  `updated_at` datetime(6) DEFAULT NULL,
  `published_at` datetime(6) DEFAULT NULL,
  `created_by_id` int(10) UNSIGNED DEFAULT NULL,
  `updated_by_id` int(10) UNSIGNED DEFAULT NULL
) ENGINE=InnoDB DEFAULT CHARSET=utf8mb4 COLLATE=utf8mb4_general_ci;

-- --------------------------------------------------------

--
-- Struktur dari tabel `strapi_release_actions_release_lnk`
--

CREATE TABLE `strapi_release_actions_release_lnk` (
  `id` int(10) UNSIGNED NOT NULL,
  `release_action_id` int(10) UNSIGNED DEFAULT NULL,
  `release_id` int(10) UNSIGNED DEFAULT NULL,
  `release_action_ord` double UNSIGNED DEFAULT NULL
) ENGINE=InnoDB DEFAULT CHARSET=utf8mb4 COLLATE=utf8mb4_general_ci;

-- --------------------------------------------------------

--
-- Struktur dari tabel `strapi_transfer_tokens`
--

CREATE TABLE `strapi_transfer_tokens` (
  `id` int(10) UNSIGNED NOT NULL,
  `document_id` varchar(255) DEFAULT NULL,
  `name` varchar(255) DEFAULT NULL,
  `description` varchar(255) DEFAULT NULL,
  `access_key` varchar(255) DEFAULT NULL,
  `last_used_at` datetime(6) DEFAULT NULL,
  `expires_at` datetime(6) DEFAULT NULL,
  `lifespan` bigint(20) DEFAULT NULL,
  `created_at` datetime(6) DEFAULT NULL,
  `updated_at` datetime(6) DEFAULT NULL,
  `published_at` datetime(6) DEFAULT NULL,
  `created_by_id` int(10) UNSIGNED DEFAULT NULL,
  `updated_by_id` int(10) UNSIGNED DEFAULT NULL,
  `locale` varchar(255) DEFAULT NULL
) ENGINE=InnoDB DEFAULT CHARSET=utf8mb4 COLLATE=utf8mb4_general_ci;

-- --------------------------------------------------------

--
-- Struktur dari tabel `strapi_transfer_token_permissions`
--

CREATE TABLE `strapi_transfer_token_permissions` (
  `id` int(10) UNSIGNED NOT NULL,
  `document_id` varchar(255) DEFAULT NULL,
  `action` varchar(255) DEFAULT NULL,
  `created_at` datetime(6) DEFAULT NULL,
  `updated_at` datetime(6) DEFAULT NULL,
  `published_at` datetime(6) DEFAULT NULL,
  `created_by_id` int(10) UNSIGNED DEFAULT NULL,
  `updated_by_id` int(10) UNSIGNED DEFAULT NULL,
  `locale` varchar(255) DEFAULT NULL
) ENGINE=InnoDB DEFAULT CHARSET=utf8mb4 COLLATE=utf8mb4_general_ci;

-- --------------------------------------------------------

--
-- Struktur dari tabel `strapi_transfer_token_permissions_token_lnk`
--

CREATE TABLE `strapi_transfer_token_permissions_token_lnk` (
  `id` int(10) UNSIGNED NOT NULL,
  `transfer_token_permission_id` int(10) UNSIGNED DEFAULT NULL,
  `transfer_token_id` int(10) UNSIGNED DEFAULT NULL,
  `transfer_token_permission_ord` double UNSIGNED DEFAULT NULL
) ENGINE=InnoDB DEFAULT CHARSET=utf8mb4 COLLATE=utf8mb4_general_ci;

-- --------------------------------------------------------

--
-- Struktur dari tabel `strapi_webhooks`
--

CREATE TABLE `strapi_webhooks` (
  `id` int(10) UNSIGNED NOT NULL,
  `name` varchar(255) DEFAULT NULL,
  `url` longtext DEFAULT NULL,
  `headers` longtext CHARACTER SET utf8mb4 COLLATE utf8mb4_bin DEFAULT NULL CHECK (json_valid(`headers`)),
  `events` longtext CHARACTER SET utf8mb4 COLLATE utf8mb4_bin DEFAULT NULL CHECK (json_valid(`events`)),
  `enabled` tinyint(1) DEFAULT NULL
) ENGINE=InnoDB DEFAULT CHARSET=utf8mb4 COLLATE=utf8mb4_general_ci;

-- --------------------------------------------------------

--
-- Struktur dari tabel `strapi_workflows`
--

CREATE TABLE `strapi_workflows` (
  `id` int(10) UNSIGNED NOT NULL,
  `document_id` varchar(255) DEFAULT NULL,
  `name` varchar(255) DEFAULT NULL,
  `content_types` longtext CHARACTER SET utf8mb4 COLLATE utf8mb4_bin DEFAULT NULL CHECK (json_valid(`content_types`)),
  `created_at` datetime(6) DEFAULT NULL,
  `updated_at` datetime(6) DEFAULT NULL,
  `published_at` datetime(6) DEFAULT NULL,
  `created_by_id` int(10) UNSIGNED DEFAULT NULL,
  `updated_by_id` int(10) UNSIGNED DEFAULT NULL,
  `locale` varchar(255) DEFAULT NULL
) ENGINE=InnoDB DEFAULT CHARSET=utf8mb4 COLLATE=utf8mb4_general_ci;

-- --------------------------------------------------------

--
-- Struktur dari tabel `strapi_workflows_stages`
--

CREATE TABLE `strapi_workflows_stages` (
  `id` int(10) UNSIGNED NOT NULL,
  `document_id` varchar(255) DEFAULT NULL,
  `name` varchar(255) DEFAULT NULL,
  `color` varchar(255) DEFAULT NULL,
  `created_at` datetime(6) DEFAULT NULL,
  `updated_at` datetime(6) DEFAULT NULL,
  `published_at` datetime(6) DEFAULT NULL,
  `created_by_id` int(10) UNSIGNED DEFAULT NULL,
  `updated_by_id` int(10) UNSIGNED DEFAULT NULL,
  `locale` varchar(255) DEFAULT NULL
) ENGINE=InnoDB DEFAULT CHARSET=utf8mb4 COLLATE=utf8mb4_general_ci;

-- --------------------------------------------------------

--
-- Struktur dari tabel `strapi_workflows_stages_permissions_lnk`
--

CREATE TABLE `strapi_workflows_stages_permissions_lnk` (
  `id` int(10) UNSIGNED NOT NULL,
  `workflow_stage_id` int(10) UNSIGNED DEFAULT NULL,
  `permission_id` int(10) UNSIGNED DEFAULT NULL,
  `permission_ord` double UNSIGNED DEFAULT NULL
) ENGINE=InnoDB DEFAULT CHARSET=utf8mb4 COLLATE=utf8mb4_general_ci;

-- --------------------------------------------------------

--
-- Struktur dari tabel `strapi_workflows_stages_workflow_lnk`
--

CREATE TABLE `strapi_workflows_stages_workflow_lnk` (
  `id` int(10) UNSIGNED NOT NULL,
  `workflow_stage_id` int(10) UNSIGNED DEFAULT NULL,
  `workflow_id` int(10) UNSIGNED DEFAULT NULL,
  `workflow_stage_ord` double UNSIGNED DEFAULT NULL
) ENGINE=InnoDB DEFAULT CHARSET=utf8mb4 COLLATE=utf8mb4_general_ci;

-- --------------------------------------------------------

--
-- Struktur dari tabel `strapi_workflows_stage_required_to_publish_lnk`
--

CREATE TABLE `strapi_workflows_stage_required_to_publish_lnk` (
  `id` int(10) UNSIGNED NOT NULL,
  `workflow_id` int(10) UNSIGNED DEFAULT NULL,
  `workflow_stage_id` int(10) UNSIGNED DEFAULT NULL
) ENGINE=InnoDB DEFAULT CHARSET=utf8mb4 COLLATE=utf8mb4_general_ci;

-- --------------------------------------------------------

--
-- Struktur dari tabel `transaksis`
--

CREATE TABLE `transaksis` (
  `id` int(10) UNSIGNED NOT NULL,
  `document_id` varchar(255) DEFAULT NULL,
  `tanggal_pesan` date DEFAULT NULL,
  `tanggal_selesai` date DEFAULT NULL,
  `status_pembayaran` varchar(255) DEFAULT NULL,
  `status_pengerjaan` varchar(255) DEFAULT NULL,
  `total_harga` int(11) DEFAULT NULL,
  `catatan` varchar(255) DEFAULT NULL,
  `created_at` datetime(6) DEFAULT NULL,
  `updated_at` datetime(6) DEFAULT NULL,
  `published_at` datetime(6) DEFAULT NULL,
  `created_by_id` int(10) UNSIGNED DEFAULT NULL,
  `updated_by_id` int(10) UNSIGNED DEFAULT NULL,
  `locale` varchar(255) DEFAULT NULL
) ENGINE=InnoDB DEFAULT CHARSET=utf8mb4 COLLATE=utf8mb4_general_ci;

--
-- Dumping data untuk tabel `transaksis`
--

INSERT INTO `transaksis` (`id`, `document_id`, `tanggal_pesan`, `tanggal_selesai`, `status_pembayaran`, `status_pengerjaan`, `total_harga`, `catatan`, `created_at`, `updated_at`, `published_at`, `created_by_id`, `updated_by_id`, `locale`) VALUES
(75, 'ged3b3deizh66ogud1ah6chh', '2025-06-20', NULL, 'Sudah Bayar', 'Selesai', 20000, 'Saya Bayar lewat gopay ya', '2025-06-20 08:59:11.019000', '2025-06-20 09:01:27.883000', '2025-06-20 09:01:27.871000', NULL, 1, NULL),
(77, 'l1dewi8w7ookw73phmbqqyk1', NULL, NULL, 'Belum Bayar', 'Dalam Pengerjaan', NULL, 'Ini 8', '2025-06-20 13:45:41.784000', '2025-06-20 13:45:41.784000', '2025-06-20 13:45:41.779000', 1, 1, NULL),
(85, 'zs4ucg6i8r35r99xraz44idt', '2025-06-20', '2025-06-21', 'Sudah Bayar', 'Selesai', NULL, 'ini ', '2025-06-20 16:03:54.239000', '2025-06-20 16:05:22.479000', '2025-06-20 16:05:22.458000', 1, 1, NULL);

-- --------------------------------------------------------

--
-- Struktur dari tabel `transaksis_pelanggan_lnk`
--

CREATE TABLE `transaksis_pelanggan_lnk` (
  `id` int(10) UNSIGNED NOT NULL,
  `transaksi_id` int(10) UNSIGNED DEFAULT NULL,
  `pelanggan_id` int(10) UNSIGNED DEFAULT NULL,
  `transaksi_ord` double UNSIGNED DEFAULT NULL
) ENGINE=InnoDB DEFAULT CHARSET=utf8mb4 COLLATE=utf8mb4_general_ci;

--
-- Dumping data untuk tabel `transaksis_pelanggan_lnk`
--

INSERT INTO `transaksis_pelanggan_lnk` (`id`, `transaksi_id`, `pelanggan_id`, `transaksi_ord`) VALUES
(82, 75, 1, 1),
(83, 75, 6, 1),
(88, 77, 18, 1),
(89, 77, 19, 1),
(104, 85, 18, 2),
(105, 85, 19, 2);

-- --------------------------------------------------------

--
-- Struktur dari tabel `upload_folders`
--

CREATE TABLE `upload_folders` (
  `id` int(10) UNSIGNED NOT NULL,
  `document_id` varchar(255) DEFAULT NULL,
  `name` varchar(255) DEFAULT NULL,
  `path_id` int(11) DEFAULT NULL,
  `path` varchar(255) DEFAULT NULL,
  `created_at` datetime(6) DEFAULT NULL,
  `updated_at` datetime(6) DEFAULT NULL,
  `published_at` datetime(6) DEFAULT NULL,
  `created_by_id` int(10) UNSIGNED DEFAULT NULL,
  `updated_by_id` int(10) UNSIGNED DEFAULT NULL,
  `locale` varchar(255) DEFAULT NULL
) ENGINE=InnoDB DEFAULT CHARSET=utf8mb4 COLLATE=utf8mb4_general_ci;

-- --------------------------------------------------------

--
-- Struktur dari tabel `upload_folders_parent_lnk`
--

CREATE TABLE `upload_folders_parent_lnk` (
  `id` int(10) UNSIGNED NOT NULL,
  `folder_id` int(10) UNSIGNED DEFAULT NULL,
  `inv_folder_id` int(10) UNSIGNED DEFAULT NULL,
  `folder_ord` double UNSIGNED DEFAULT NULL
) ENGINE=InnoDB DEFAULT CHARSET=utf8mb4 COLLATE=utf8mb4_general_ci;

-- --------------------------------------------------------

--
-- Struktur dari tabel `up_permissions`
--

CREATE TABLE `up_permissions` (
  `id` int(10) UNSIGNED NOT NULL,
  `document_id` varchar(255) DEFAULT NULL,
  `action` varchar(255) DEFAULT NULL,
  `created_at` datetime(6) DEFAULT NULL,
  `updated_at` datetime(6) DEFAULT NULL,
  `published_at` datetime(6) DEFAULT NULL,
  `created_by_id` int(10) UNSIGNED DEFAULT NULL,
  `updated_by_id` int(10) UNSIGNED DEFAULT NULL,
  `locale` varchar(255) DEFAULT NULL
) ENGINE=InnoDB DEFAULT CHARSET=utf8mb4 COLLATE=utf8mb4_general_ci;

--
-- Dumping data untuk tabel `up_permissions`
--

INSERT INTO `up_permissions` (`id`, `document_id`, `action`, `created_at`, `updated_at`, `published_at`, `created_by_id`, `updated_by_id`, `locale`) VALUES
(1, 'uo6gknxo3ew2zh90m87rb9xw', 'plugin::users-permissions.auth.changePassword', '2025-05-16 16:53:27.489000', '2025-05-16 16:53:27.489000', '2025-05-16 16:53:27.491000', NULL, NULL, NULL),
(2, 'ypouq5yc9k44b9bteinldk75', 'plugin::users-permissions.user.me', '2025-05-16 16:53:27.489000', '2025-05-16 16:53:27.489000', '2025-05-16 16:53:27.490000', NULL, NULL, NULL),
(3, 'jh9rcg7b1vrvfzsvjzljxpv9', 'plugin::users-permissions.auth.callback', '2025-05-16 16:53:27.599000', '2025-05-16 16:53:27.599000', '2025-05-16 16:53:27.600000', NULL, NULL, NULL),
(4, 'dmmd6cb44nc5xa2bqcqim45z', 'plugin::users-permissions.auth.sendEmailConfirmation', '2025-05-16 16:53:27.600000', '2025-05-16 16:53:27.600000', '2025-05-16 16:53:27.602000', NULL, NULL, NULL),
(5, 'akpj25nbnczj65n24nfe2p8n', 'plugin::users-permissions.auth.emailConfirmation', '2025-05-16 16:53:27.600000', '2025-05-16 16:53:27.600000', '2025-05-16 16:53:27.601000', NULL, NULL, NULL),
(6, 'kohwvznkebac00setrtz4kh2', 'plugin::users-permissions.auth.register', '2025-05-16 16:53:27.600000', '2025-05-16 16:53:27.600000', '2025-05-16 16:53:27.601000', NULL, NULL, NULL),
(7, 'vvr788jl3f6cxqnr1ap2t7v2', 'plugin::users-permissions.auth.resetPassword', '2025-05-16 16:53:27.600000', '2025-05-16 16:53:27.600000', '2025-05-16 16:53:27.601000', NULL, NULL, NULL),
(8, 'ola7in8ietpfshitnqsi0w29', 'plugin::users-permissions.auth.connect', '2025-05-16 16:53:27.600000', '2025-05-16 16:53:27.600000', '2025-05-16 16:53:27.600000', NULL, NULL, NULL),
(9, 'nexdsfgveszvb4z67wryuny6', 'plugin::users-permissions.auth.forgotPassword', '2025-05-16 16:53:27.600000', '2025-05-16 16:53:27.600000', '2025-05-16 16:53:27.601000', NULL, NULL, NULL),
(10, 'dm4y00ncnrmrxw89hg3nxq4l', 'api::kategori-layanan.kategori-layanan.find', '2025-05-17 10:37:27.229000', '2025-05-17 10:37:27.229000', '2025-05-17 10:37:27.230000', NULL, NULL, NULL),
(11, 'q480mryo5zaqzopu7p2jnoj3', 'api::kategori-layanan.kategori-layanan.findOne', '2025-05-17 10:37:27.229000', '2025-05-17 10:37:27.229000', '2025-05-17 10:37:27.231000', NULL, NULL, NULL),
(12, 'kgzfhzzzlob4k4t84905w4o7', 'api::layanan.layanan.find', '2025-05-17 10:37:40.486000', '2025-05-17 10:37:40.486000', '2025-05-17 10:37:40.486000', NULL, NULL, NULL),
(13, 'n3eaoklfp6ihsorvlsa04mda', 'api::layanan.layanan.findOne', '2025-05-17 10:37:40.486000', '2025-05-17 10:37:40.486000', '2025-05-17 10:37:40.487000', NULL, NULL, NULL),
(14, 'ik30pa1js0ryckuujw1pdpx6', 'api::pelanggan.pelanggan.find', '2025-05-17 10:37:40.486000', '2025-05-17 10:37:40.486000', '2025-05-17 10:37:40.487000', NULL, NULL, NULL),
(15, 'ax2bgbaepu0qq5eipupcsoo0', 'api::transaksi.transaksi.find', '2025-05-17 10:37:40.486000', '2025-05-17 10:37:40.486000', '2025-05-17 10:37:40.488000', NULL, NULL, NULL),
(16, 'ditdwx4e298r7jviigzavf2l', 'api::pelanggan.pelanggan.findOne', '2025-05-17 10:37:40.486000', '2025-05-17 10:37:40.486000', '2025-05-17 10:37:40.487000', NULL, NULL, NULL),
(17, 'kakcaxkssnfk76bmlecbiijp', 'api::transaksi.transaksi.findOne', '2025-05-17 10:37:40.486000', '2025-05-17 10:37:40.486000', '2025-05-17 10:37:40.488000', NULL, NULL, NULL),
(18, 'mihgzm7hu6cjdgwl76plozy7', 'api::detail-transaksi.detail-transaksi.findOne', '2025-05-18 13:50:52.991000', '2025-05-18 13:50:52.991000', '2025-05-18 13:50:52.995000', NULL, NULL, NULL),
(19, 'w4m5f2a9e06ke1lqcriswujw', 'api::detail-transaksi.detail-transaksi.find', '2025-05-18 13:50:52.991000', '2025-05-18 13:50:52.991000', '2025-05-18 13:50:52.994000', NULL, NULL, NULL),
(20, 'x9svm6usmafthe7lw9guwsjs', 'api::promo.promo.find', '2025-05-21 15:58:25.260000', '2025-05-21 15:58:25.260000', '2025-05-21 15:58:25.262000', NULL, NULL, NULL),
(21, 'fmbe2p7uvykyuvbne6p5t0g0', 'api::pelanggan.pelanggan.create', '2025-06-16 14:05:06.160000', '2025-06-16 14:05:06.160000', '2025-06-16 14:05:06.161000', NULL, NULL, NULL),
(22, 'zk3h67evmg3d46hmsulapxkp', 'api::pelanggan.pelanggan.update', '2025-06-17 07:53:41.482000', '2025-06-17 07:53:41.482000', '2025-06-17 07:53:41.483000', NULL, NULL, NULL),
(23, 'inps1dvw419qgcealmfj6er3', 'api::kategori-layanan.kategori-layanan.create', '2025-06-18 11:16:59.355000', '2025-06-18 11:16:59.355000', '2025-06-18 11:16:59.356000', NULL, NULL, NULL),
(24, 'j657txb52t65enj1xgcfngvk', 'api::layanan.layanan.create', '2025-06-18 11:16:59.355000', '2025-06-18 11:16:59.355000', '2025-06-18 11:16:59.357000', NULL, NULL, NULL),
(25, 'a5mww0hvmx2v6dog3klr0w4y', 'api::detail-transaksi.detail-transaksi.create', '2025-06-18 11:25:28.605000', '2025-06-18 11:25:28.605000', '2025-06-18 11:25:28.606000', NULL, NULL, NULL),
(26, 'bu3yqttd7yvy09txvnycvkjm', 'api::detail-transaksi.detail-transaksi.update', '2025-06-18 11:25:28.605000', '2025-06-18 11:25:28.605000', '2025-06-18 11:25:28.606000', NULL, NULL, NULL),
(27, 'h3o0viqlmmj3abegsvo4aben', 'api::transaksi.transaksi.create', '2025-06-18 11:26:37.719000', '2025-06-18 11:26:37.719000', '2025-06-18 11:26:37.719000', NULL, NULL, NULL),
(28, 'tqej0kiq57c30yulfox17k6v', 'api::transaksi.transaksi.update', '2025-06-18 11:26:37.719000', '2025-06-18 11:26:37.719000', '2025-06-18 11:26:37.719000', NULL, NULL, NULL);

-- --------------------------------------------------------

--
-- Struktur dari tabel `up_permissions_role_lnk`
--

CREATE TABLE `up_permissions_role_lnk` (
  `id` int(10) UNSIGNED NOT NULL,
  `permission_id` int(10) UNSIGNED DEFAULT NULL,
  `role_id` int(10) UNSIGNED DEFAULT NULL,
  `permission_ord` double UNSIGNED DEFAULT NULL
) ENGINE=InnoDB DEFAULT CHARSET=utf8mb4 COLLATE=utf8mb4_general_ci;

--
-- Dumping data untuk tabel `up_permissions_role_lnk`
--

INSERT INTO `up_permissions_role_lnk` (`id`, `permission_id`, `role_id`, `permission_ord`) VALUES
(1, 1, 1, 1),
(2, 2, 1, 2),
(3, 6, 2, 1),
(4, 3, 2, 1),
(5, 7, 2, 1),
(6, 9, 2, 1),
(7, 5, 2, 2),
(8, 4, 2, 2),
(9, 8, 2, 2),
(10, 11, 2, 3),
(11, 10, 2, 3),
(12, 12, 2, 4),
(13, 13, 2, 4),
(14, 15, 2, 4),
(15, 14, 2, 4),
(16, 16, 2, 4),
(17, 17, 2, 5),
(18, 18, 2, 6),
(19, 19, 2, 6),
(20, 20, 2, 7),
(21, 21, 2, 8),
(22, 22, 2, 9),
(23, 23, 2, 10),
(24, 24, 2, 10),
(25, 25, 2, 11),
(26, 26, 2, 11),
(27, 27, 2, 12),
(28, 28, 2, 12);

-- --------------------------------------------------------

--
-- Struktur dari tabel `up_roles`
--

CREATE TABLE `up_roles` (
  `id` int(10) UNSIGNED NOT NULL,
  `document_id` varchar(255) DEFAULT NULL,
  `name` varchar(255) DEFAULT NULL,
  `description` varchar(255) DEFAULT NULL,
  `type` varchar(255) DEFAULT NULL,
  `created_at` datetime(6) DEFAULT NULL,
  `updated_at` datetime(6) DEFAULT NULL,
  `published_at` datetime(6) DEFAULT NULL,
  `created_by_id` int(10) UNSIGNED DEFAULT NULL,
  `updated_by_id` int(10) UNSIGNED DEFAULT NULL,
  `locale` varchar(255) DEFAULT NULL
) ENGINE=InnoDB DEFAULT CHARSET=utf8mb4 COLLATE=utf8mb4_general_ci;

--
-- Dumping data untuk tabel `up_roles`
--

INSERT INTO `up_roles` (`id`, `document_id`, `name`, `description`, `type`, `created_at`, `updated_at`, `published_at`, `created_by_id`, `updated_by_id`, `locale`) VALUES
(1, 'nuxokccf2phat2nrs6gs6zvn', 'Authenticated', 'Default role given to authenticated user.', 'authenticated', '2025-05-16 16:53:27.453000', '2025-05-16 16:53:27.453000', '2025-05-16 16:53:27.454000', NULL, NULL, NULL),
(2, 'm12993q2zhj6kl7u1b3g9wzg', 'Public', 'Default role given to unauthenticated user.', 'public', '2025-05-16 16:53:27.466000', '2025-06-19 10:42:23.354000', '2025-05-16 16:53:27.467000', NULL, NULL, NULL);

-- --------------------------------------------------------

--
-- Struktur dari tabel `up_users`
--

CREATE TABLE `up_users` (
  `id` int(10) UNSIGNED NOT NULL,
  `document_id` varchar(255) DEFAULT NULL,
  `username` varchar(255) DEFAULT NULL,
  `email` varchar(255) DEFAULT NULL,
  `provider` varchar(255) DEFAULT NULL,
  `password` varchar(255) DEFAULT NULL,
  `reset_password_token` varchar(255) DEFAULT NULL,
  `confirmation_token` varchar(255) DEFAULT NULL,
  `confirmed` tinyint(1) DEFAULT NULL,
  `blocked` tinyint(1) DEFAULT NULL,
  `created_at` datetime(6) DEFAULT NULL,
  `updated_at` datetime(6) DEFAULT NULL,
  `published_at` datetime(6) DEFAULT NULL,
  `created_by_id` int(10) UNSIGNED DEFAULT NULL,
  `updated_by_id` int(10) UNSIGNED DEFAULT NULL,
  `locale` varchar(255) DEFAULT NULL
) ENGINE=InnoDB DEFAULT CHARSET=utf8mb4 COLLATE=utf8mb4_general_ci;

-- --------------------------------------------------------

--
-- Struktur dari tabel `up_users_role_lnk`
--

CREATE TABLE `up_users_role_lnk` (
  `id` int(10) UNSIGNED NOT NULL,
  `user_id` int(10) UNSIGNED DEFAULT NULL,
  `role_id` int(10) UNSIGNED DEFAULT NULL,
  `user_ord` double UNSIGNED DEFAULT NULL
) ENGINE=InnoDB DEFAULT CHARSET=utf8mb4 COLLATE=utf8mb4_general_ci;

--
-- Indexes for dumped tables
--

--
-- Indeks untuk tabel `admin_permissions`
--
ALTER TABLE `admin_permissions`
  ADD PRIMARY KEY (`id`),
  ADD KEY `admin_permissions_documents_idx` (`document_id`,`locale`,`published_at`),
  ADD KEY `admin_permissions_created_by_id_fk` (`created_by_id`),
  ADD KEY `admin_permissions_updated_by_id_fk` (`updated_by_id`);

--
-- Indeks untuk tabel `admin_permissions_role_lnk`
--
ALTER TABLE `admin_permissions_role_lnk`
  ADD PRIMARY KEY (`id`),
  ADD UNIQUE KEY `admin_permissions_role_lnk_uq` (`permission_id`,`role_id`),
  ADD KEY `admin_permissions_role_lnk_fk` (`permission_id`),
  ADD KEY `admin_permissions_role_lnk_ifk` (`role_id`),
  ADD KEY `admin_permissions_role_lnk_oifk` (`permission_ord`);

--
-- Indeks untuk tabel `admin_roles`
--
ALTER TABLE `admin_roles`
  ADD PRIMARY KEY (`id`),
  ADD KEY `admin_roles_documents_idx` (`document_id`,`locale`,`published_at`),
  ADD KEY `admin_roles_created_by_id_fk` (`created_by_id`),
  ADD KEY `admin_roles_updated_by_id_fk` (`updated_by_id`);

--
-- Indeks untuk tabel `admin_users`
--
ALTER TABLE `admin_users`
  ADD PRIMARY KEY (`id`),
  ADD KEY `admin_users_documents_idx` (`document_id`,`locale`,`published_at`),
  ADD KEY `admin_users_created_by_id_fk` (`created_by_id`),
  ADD KEY `admin_users_updated_by_id_fk` (`updated_by_id`);

--
-- Indeks untuk tabel `admin_users_roles_lnk`
--
ALTER TABLE `admin_users_roles_lnk`
  ADD PRIMARY KEY (`id`),
  ADD UNIQUE KEY `admin_users_roles_lnk_uq` (`user_id`,`role_id`),
  ADD KEY `admin_users_roles_lnk_fk` (`user_id`),
  ADD KEY `admin_users_roles_lnk_ifk` (`role_id`),
  ADD KEY `admin_users_roles_lnk_ofk` (`role_ord`),
  ADD KEY `admin_users_roles_lnk_oifk` (`user_ord`);

--
-- Indeks untuk tabel `components_transaksi_detail_transaksis`
--
ALTER TABLE `components_transaksi_detail_transaksis`
  ADD PRIMARY KEY (`id`);

--
-- Indeks untuk tabel `components_transaksi_detail_transaksis_layanan_lnk`
--
ALTER TABLE `components_transaksi_detail_transaksis_layanan_lnk`
  ADD PRIMARY KEY (`id`),
  ADD UNIQUE KEY `components_transaksi_detail_transaksis_layanan_lnk_uq` (`detail_transaksi_id`,`layanan_id`),
  ADD KEY `components_transaksi_detail_transaksis_layanan_lnk_fk` (`detail_transaksi_id`),
  ADD KEY `components_transaksi_detail_transaksis_layanan_lnk_ifk` (`layanan_id`);

--
-- Indeks untuk tabel `detail_transaksis`
--
ALTER TABLE `detail_transaksis`
  ADD PRIMARY KEY (`id`),
  ADD KEY `detail_transaksis_documents_idx` (`document_id`,`locale`,`published_at`),
  ADD KEY `detail_transaksis_created_by_id_fk` (`created_by_id`),
  ADD KEY `detail_transaksis_updated_by_id_fk` (`updated_by_id`);

--
-- Indeks untuk tabel `detail_transaksis_layanan_lnk`
--
ALTER TABLE `detail_transaksis_layanan_lnk`
  ADD PRIMARY KEY (`id`),
  ADD UNIQUE KEY `detail_transaksis_layanan_lnk_uq` (`detail_transaksi_id`,`layanan_id`),
  ADD KEY `detail_transaksis_layanan_lnk_fk` (`detail_transaksi_id`),
  ADD KEY `detail_transaksis_layanan_lnk_ifk` (`layanan_id`),
  ADD KEY `detail_transaksis_layanan_lnk_oifk` (`detail_transaksi_ord`);

--
-- Indeks untuk tabel `detail_transaksis_transaksi_lnk`
--
ALTER TABLE `detail_transaksis_transaksi_lnk`
  ADD PRIMARY KEY (`id`),
  ADD UNIQUE KEY `detail_transaksis_transaksi_lnk_uq` (`detail_transaksi_id`,`transaksi_id`),
  ADD KEY `detail_transaksis_transaksi_lnk_fk` (`detail_transaksi_id`),
  ADD KEY `detail_transaksis_transaksi_lnk_ifk` (`transaksi_id`),
  ADD KEY `detail_transaksis_transaksi_lnk_oifk` (`detail_transaksi_ord`);

--
-- Indeks untuk tabel `files`
--
ALTER TABLE `files`
  ADD PRIMARY KEY (`id`),
  ADD KEY `upload_files_folder_path_index` (`folder_path`),
  ADD KEY `upload_files_created_at_index` (`created_at`),
  ADD KEY `upload_files_updated_at_index` (`updated_at`),
  ADD KEY `upload_files_name_index` (`name`),
  ADD KEY `upload_files_size_index` (`size`),
  ADD KEY `upload_files_ext_index` (`ext`),
  ADD KEY `files_documents_idx` (`document_id`,`locale`,`published_at`),
  ADD KEY `files_created_by_id_fk` (`created_by_id`),
  ADD KEY `files_updated_by_id_fk` (`updated_by_id`);

--
-- Indeks untuk tabel `files_folder_lnk`
--
ALTER TABLE `files_folder_lnk`
  ADD PRIMARY KEY (`id`),
  ADD UNIQUE KEY `files_folder_lnk_uq` (`file_id`,`folder_id`),
  ADD KEY `files_folder_lnk_fk` (`file_id`),
  ADD KEY `files_folder_lnk_ifk` (`folder_id`),
  ADD KEY `files_folder_lnk_oifk` (`file_ord`);

--
-- Indeks untuk tabel `files_related_mph`
--
ALTER TABLE `files_related_mph`
  ADD PRIMARY KEY (`id`),
  ADD KEY `files_related_mph_fk` (`file_id`),
  ADD KEY `files_related_mph_oidx` (`order`),
  ADD KEY `files_related_mph_idix` (`related_id`);

--
-- Indeks untuk tabel `i18n_locale`
--
ALTER TABLE `i18n_locale`
  ADD PRIMARY KEY (`id`),
  ADD KEY `i18n_locale_documents_idx` (`document_id`,`locale`,`published_at`),
  ADD KEY `i18n_locale_created_by_id_fk` (`created_by_id`),
  ADD KEY `i18n_locale_updated_by_id_fk` (`updated_by_id`);

--
-- Indeks untuk tabel `kategori_layanans`
--
ALTER TABLE `kategori_layanans`
  ADD PRIMARY KEY (`id`),
  ADD KEY `kategori_layanans_documents_idx` (`document_id`,`locale`,`published_at`),
  ADD KEY `kategori_layanans_created_by_id_fk` (`created_by_id`),
  ADD KEY `kategori_layanans_updated_by_id_fk` (`updated_by_id`);

--
-- Indeks untuk tabel `layanans`
--
ALTER TABLE `layanans`
  ADD PRIMARY KEY (`id`),
  ADD KEY `layanans_documents_idx` (`document_id`,`locale`,`published_at`),
  ADD KEY `layanans_created_by_id_fk` (`created_by_id`),
  ADD KEY `layanans_updated_by_id_fk` (`updated_by_id`);

--
-- Indeks untuk tabel `layanans_kategori_layanan_lnk`
--
ALTER TABLE `layanans_kategori_layanan_lnk`
  ADD PRIMARY KEY (`id`),
  ADD UNIQUE KEY `layanans_kategori_layanan_lnk_uq` (`layanan_id`,`kategori_layanan_id`),
  ADD KEY `layanans_kategori_layanan_lnk_fk` (`layanan_id`),
  ADD KEY `layanans_kategori_layanan_lnk_ifk` (`kategori_layanan_id`),
  ADD KEY `layanans_kategori_layanan_lnk_oifk` (`layanan_ord`);

--
-- Indeks untuk tabel `omsets`
--
ALTER TABLE `omsets`
  ADD PRIMARY KEY (`id`),
  ADD KEY `omsets_documents_idx` (`document_id`,`locale`,`published_at`),
  ADD KEY `omsets_created_by_id_fk` (`created_by_id`),
  ADD KEY `omsets_updated_by_id_fk` (`updated_by_id`);

--
-- Indeks untuk tabel `pelanggans`
--
ALTER TABLE `pelanggans`
  ADD PRIMARY KEY (`id`),
  ADD KEY `pelanggans_documents_idx` (`document_id`,`locale`,`published_at`),
  ADD KEY `pelanggans_created_by_id_fk` (`created_by_id`),
  ADD KEY `pelanggans_updated_by_id_fk` (`updated_by_id`);

--
-- Indeks untuk tabel `promos`
--
ALTER TABLE `promos`
  ADD PRIMARY KEY (`id`),
  ADD KEY `promos_documents_idx` (`document_id`,`locale`,`published_at`),
  ADD KEY `promos_created_by_id_fk` (`created_by_id`),
  ADD KEY `promos_updated_by_id_fk` (`updated_by_id`);

--
-- Indeks untuk tabel `strapi_api_tokens`
--
ALTER TABLE `strapi_api_tokens`
  ADD PRIMARY KEY (`id`),
  ADD KEY `strapi_api_tokens_documents_idx` (`document_id`,`locale`,`published_at`),
  ADD KEY `strapi_api_tokens_created_by_id_fk` (`created_by_id`),
  ADD KEY `strapi_api_tokens_updated_by_id_fk` (`updated_by_id`);

--
-- Indeks untuk tabel `strapi_api_token_permissions`
--
ALTER TABLE `strapi_api_token_permissions`
  ADD PRIMARY KEY (`id`),
  ADD KEY `strapi_api_token_permissions_documents_idx` (`document_id`,`locale`,`published_at`),
  ADD KEY `strapi_api_token_permissions_created_by_id_fk` (`created_by_id`),
  ADD KEY `strapi_api_token_permissions_updated_by_id_fk` (`updated_by_id`);

--
-- Indeks untuk tabel `strapi_api_token_permissions_token_lnk`
--
ALTER TABLE `strapi_api_token_permissions_token_lnk`
  ADD PRIMARY KEY (`id`),
  ADD UNIQUE KEY `strapi_api_token_permissions_token_lnk_uq` (`api_token_permission_id`,`api_token_id`),
  ADD KEY `strapi_api_token_permissions_token_lnk_fk` (`api_token_permission_id`),
  ADD KEY `strapi_api_token_permissions_token_lnk_ifk` (`api_token_id`),
  ADD KEY `strapi_api_token_permissions_token_lnk_oifk` (`api_token_permission_ord`);

--
-- Indeks untuk tabel `strapi_core_store_settings`
--
ALTER TABLE `strapi_core_store_settings`
  ADD PRIMARY KEY (`id`);

--
-- Indeks untuk tabel `strapi_database_schema`
--
ALTER TABLE `strapi_database_schema`
  ADD PRIMARY KEY (`id`);

--
-- Indeks untuk tabel `strapi_history_versions`
--
ALTER TABLE `strapi_history_versions`
  ADD PRIMARY KEY (`id`),
  ADD KEY `strapi_history_versions_created_by_id_fk` (`created_by_id`);

--
-- Indeks untuk tabel `strapi_migrations`
--
ALTER TABLE `strapi_migrations`
  ADD PRIMARY KEY (`id`);

--
-- Indeks untuk tabel `strapi_migrations_internal`
--
ALTER TABLE `strapi_migrations_internal`
  ADD PRIMARY KEY (`id`);

--
-- Indeks untuk tabel `strapi_releases`
--
ALTER TABLE `strapi_releases`
  ADD PRIMARY KEY (`id`),
  ADD KEY `strapi_releases_documents_idx` (`document_id`,`locale`,`published_at`),
  ADD KEY `strapi_releases_created_by_id_fk` (`created_by_id`),
  ADD KEY `strapi_releases_updated_by_id_fk` (`updated_by_id`);

--
-- Indeks untuk tabel `strapi_release_actions`
--
ALTER TABLE `strapi_release_actions`
  ADD PRIMARY KEY (`id`),
  ADD KEY `strapi_release_actions_documents_idx` (`document_id`,`locale`,`published_at`),
  ADD KEY `strapi_release_actions_created_by_id_fk` (`created_by_id`),
  ADD KEY `strapi_release_actions_updated_by_id_fk` (`updated_by_id`);

--
-- Indeks untuk tabel `strapi_release_actions_release_lnk`
--
ALTER TABLE `strapi_release_actions_release_lnk`
  ADD PRIMARY KEY (`id`),
  ADD UNIQUE KEY `strapi_release_actions_release_lnk_uq` (`release_action_id`,`release_id`),
  ADD KEY `strapi_release_actions_release_lnk_fk` (`release_action_id`),
  ADD KEY `strapi_release_actions_release_lnk_ifk` (`release_id`),
  ADD KEY `strapi_release_actions_release_lnk_oifk` (`release_action_ord`);

--
-- Indeks untuk tabel `strapi_transfer_tokens`
--
ALTER TABLE `strapi_transfer_tokens`
  ADD PRIMARY KEY (`id`),
  ADD KEY `strapi_transfer_tokens_documents_idx` (`document_id`,`locale`,`published_at`),
  ADD KEY `strapi_transfer_tokens_created_by_id_fk` (`created_by_id`),
  ADD KEY `strapi_transfer_tokens_updated_by_id_fk` (`updated_by_id`);

--
-- Indeks untuk tabel `strapi_transfer_token_permissions`
--
ALTER TABLE `strapi_transfer_token_permissions`
  ADD PRIMARY KEY (`id`),
  ADD KEY `strapi_transfer_token_permissions_documents_idx` (`document_id`,`locale`,`published_at`),
  ADD KEY `strapi_transfer_token_permissions_created_by_id_fk` (`created_by_id`),
  ADD KEY `strapi_transfer_token_permissions_updated_by_id_fk` (`updated_by_id`);

--
-- Indeks untuk tabel `strapi_transfer_token_permissions_token_lnk`
--
ALTER TABLE `strapi_transfer_token_permissions_token_lnk`
  ADD PRIMARY KEY (`id`),
  ADD UNIQUE KEY `strapi_transfer_token_permissions_token_lnk_uq` (`transfer_token_permission_id`,`transfer_token_id`),
  ADD KEY `strapi_transfer_token_permissions_token_lnk_fk` (`transfer_token_permission_id`),
  ADD KEY `strapi_transfer_token_permissions_token_lnk_ifk` (`transfer_token_id`),
  ADD KEY `strapi_transfer_token_permissions_token_lnk_oifk` (`transfer_token_permission_ord`);

--
-- Indeks untuk tabel `strapi_webhooks`
--
ALTER TABLE `strapi_webhooks`
  ADD PRIMARY KEY (`id`);

--
-- Indeks untuk tabel `strapi_workflows`
--
ALTER TABLE `strapi_workflows`
  ADD PRIMARY KEY (`id`),
  ADD KEY `strapi_workflows_documents_idx` (`document_id`,`locale`,`published_at`),
  ADD KEY `strapi_workflows_created_by_id_fk` (`created_by_id`),
  ADD KEY `strapi_workflows_updated_by_id_fk` (`updated_by_id`);

--
-- Indeks untuk tabel `strapi_workflows_stages`
--
ALTER TABLE `strapi_workflows_stages`
  ADD PRIMARY KEY (`id`),
  ADD KEY `strapi_workflows_stages_documents_idx` (`document_id`,`locale`,`published_at`),
  ADD KEY `strapi_workflows_stages_created_by_id_fk` (`created_by_id`),
  ADD KEY `strapi_workflows_stages_updated_by_id_fk` (`updated_by_id`);

--
-- Indeks untuk tabel `strapi_workflows_stages_permissions_lnk`
--
ALTER TABLE `strapi_workflows_stages_permissions_lnk`
  ADD PRIMARY KEY (`id`),
  ADD UNIQUE KEY `strapi_workflows_stages_permissions_lnk_uq` (`workflow_stage_id`,`permission_id`),
  ADD KEY `strapi_workflows_stages_permissions_lnk_fk` (`workflow_stage_id`),
  ADD KEY `strapi_workflows_stages_permissions_lnk_ifk` (`permission_id`),
  ADD KEY `strapi_workflows_stages_permissions_lnk_ofk` (`permission_ord`);

--
-- Indeks untuk tabel `strapi_workflows_stages_workflow_lnk`
--
ALTER TABLE `strapi_workflows_stages_workflow_lnk`
  ADD PRIMARY KEY (`id`),
  ADD UNIQUE KEY `strapi_workflows_stages_workflow_lnk_uq` (`workflow_stage_id`,`workflow_id`),
  ADD KEY `strapi_workflows_stages_workflow_lnk_fk` (`workflow_stage_id`),
  ADD KEY `strapi_workflows_stages_workflow_lnk_ifk` (`workflow_id`),
  ADD KEY `strapi_workflows_stages_workflow_lnk_oifk` (`workflow_stage_ord`);

--
-- Indeks untuk tabel `strapi_workflows_stage_required_to_publish_lnk`
--
ALTER TABLE `strapi_workflows_stage_required_to_publish_lnk`
  ADD PRIMARY KEY (`id`),
  ADD UNIQUE KEY `strapi_workflows_stage_required_to_publish_lnk_uq` (`workflow_id`,`workflow_stage_id`),
  ADD KEY `strapi_workflows_stage_required_to_publish_lnk_fk` (`workflow_id`),
  ADD KEY `strapi_workflows_stage_required_to_publish_lnk_ifk` (`workflow_stage_id`);

--
-- Indeks untuk tabel `transaksis`
--
ALTER TABLE `transaksis`
  ADD PRIMARY KEY (`id`),
  ADD KEY `transaksis_documents_idx` (`document_id`,`locale`,`published_at`),
  ADD KEY `transaksis_created_by_id_fk` (`created_by_id`),
  ADD KEY `transaksis_updated_by_id_fk` (`updated_by_id`);

--
-- Indeks untuk tabel `transaksis_pelanggan_lnk`
--
ALTER TABLE `transaksis_pelanggan_lnk`
  ADD PRIMARY KEY (`id`),
  ADD UNIQUE KEY `transaksis_pelanggan_lnk_uq` (`transaksi_id`,`pelanggan_id`),
  ADD KEY `transaksis_pelanggan_lnk_fk` (`transaksi_id`),
  ADD KEY `transaksis_pelanggan_lnk_ifk` (`pelanggan_id`),
  ADD KEY `transaksis_pelanggan_lnk_oifk` (`transaksi_ord`);

--
-- Indeks untuk tabel `upload_folders`
--
ALTER TABLE `upload_folders`
  ADD PRIMARY KEY (`id`),
  ADD UNIQUE KEY `upload_folders_path_id_index` (`path_id`),
  ADD UNIQUE KEY `upload_folders_path_index` (`path`),
  ADD KEY `upload_folders_documents_idx` (`document_id`,`locale`,`published_at`),
  ADD KEY `upload_folders_created_by_id_fk` (`created_by_id`),
  ADD KEY `upload_folders_updated_by_id_fk` (`updated_by_id`);

--
-- Indeks untuk tabel `upload_folders_parent_lnk`
--
ALTER TABLE `upload_folders_parent_lnk`
  ADD PRIMARY KEY (`id`),
  ADD UNIQUE KEY `upload_folders_parent_lnk_uq` (`folder_id`,`inv_folder_id`),
  ADD KEY `upload_folders_parent_lnk_fk` (`folder_id`),
  ADD KEY `upload_folders_parent_lnk_ifk` (`inv_folder_id`),
  ADD KEY `upload_folders_parent_lnk_oifk` (`folder_ord`);

--
-- Indeks untuk tabel `up_permissions`
--
ALTER TABLE `up_permissions`
  ADD PRIMARY KEY (`id`),
  ADD KEY `up_permissions_documents_idx` (`document_id`,`locale`,`published_at`),
  ADD KEY `up_permissions_created_by_id_fk` (`created_by_id`),
  ADD KEY `up_permissions_updated_by_id_fk` (`updated_by_id`);

--
-- Indeks untuk tabel `up_permissions_role_lnk`
--
ALTER TABLE `up_permissions_role_lnk`
  ADD PRIMARY KEY (`id`),
  ADD UNIQUE KEY `up_permissions_role_lnk_uq` (`permission_id`,`role_id`),
  ADD KEY `up_permissions_role_lnk_fk` (`permission_id`),
  ADD KEY `up_permissions_role_lnk_ifk` (`role_id`),
  ADD KEY `up_permissions_role_lnk_oifk` (`permission_ord`);

--
-- Indeks untuk tabel `up_roles`
--
ALTER TABLE `up_roles`
  ADD PRIMARY KEY (`id`),
  ADD KEY `up_roles_documents_idx` (`document_id`,`locale`,`published_at`),
  ADD KEY `up_roles_created_by_id_fk` (`created_by_id`),
  ADD KEY `up_roles_updated_by_id_fk` (`updated_by_id`);

--
-- Indeks untuk tabel `up_users`
--
ALTER TABLE `up_users`
  ADD PRIMARY KEY (`id`),
  ADD KEY `up_users_documents_idx` (`document_id`,`locale`,`published_at`),
  ADD KEY `up_users_created_by_id_fk` (`created_by_id`),
  ADD KEY `up_users_updated_by_id_fk` (`updated_by_id`);

--
-- Indeks untuk tabel `up_users_role_lnk`
--
ALTER TABLE `up_users_role_lnk`
  ADD PRIMARY KEY (`id`),
  ADD UNIQUE KEY `up_users_role_lnk_uq` (`user_id`,`role_id`),
  ADD KEY `up_users_role_lnk_fk` (`user_id`),
  ADD KEY `up_users_role_lnk_ifk` (`role_id`),
  ADD KEY `up_users_role_lnk_oifk` (`user_ord`);

--
-- AUTO_INCREMENT untuk tabel yang dibuang
--

--
-- AUTO_INCREMENT untuk tabel `admin_permissions`
--
ALTER TABLE `admin_permissions`
  MODIFY `id` int(10) UNSIGNED NOT NULL AUTO_INCREMENT, AUTO_INCREMENT=165;

--
-- AUTO_INCREMENT untuk tabel `admin_permissions_role_lnk`
--
ALTER TABLE `admin_permissions_role_lnk`
  MODIFY `id` int(10) UNSIGNED NOT NULL AUTO_INCREMENT, AUTO_INCREMENT=165;

--
-- AUTO_INCREMENT untuk tabel `admin_roles`
--
ALTER TABLE `admin_roles`
  MODIFY `id` int(10) UNSIGNED NOT NULL AUTO_INCREMENT, AUTO_INCREMENT=4;

--
-- AUTO_INCREMENT untuk tabel `admin_users`
--
ALTER TABLE `admin_users`
  MODIFY `id` int(10) UNSIGNED NOT NULL AUTO_INCREMENT, AUTO_INCREMENT=2;

--
-- AUTO_INCREMENT untuk tabel `admin_users_roles_lnk`
--
ALTER TABLE `admin_users_roles_lnk`
  MODIFY `id` int(10) UNSIGNED NOT NULL AUTO_INCREMENT, AUTO_INCREMENT=2;

--
-- AUTO_INCREMENT untuk tabel `components_transaksi_detail_transaksis`
--
ALTER TABLE `components_transaksi_detail_transaksis`
  MODIFY `id` int(10) UNSIGNED NOT NULL AUTO_INCREMENT, AUTO_INCREMENT=44;

--
-- AUTO_INCREMENT untuk tabel `components_transaksi_detail_transaksis_layanan_lnk`
--
ALTER TABLE `components_transaksi_detail_transaksis_layanan_lnk`
  MODIFY `id` int(10) UNSIGNED NOT NULL AUTO_INCREMENT, AUTO_INCREMENT=33;

--
-- AUTO_INCREMENT untuk tabel `detail_transaksis`
--
ALTER TABLE `detail_transaksis`
  MODIFY `id` int(10) UNSIGNED NOT NULL AUTO_INCREMENT, AUTO_INCREMENT=49;

--
-- AUTO_INCREMENT untuk tabel `detail_transaksis_layanan_lnk`
--
ALTER TABLE `detail_transaksis_layanan_lnk`
  MODIFY `id` int(10) UNSIGNED NOT NULL AUTO_INCREMENT, AUTO_INCREMENT=61;

--
-- AUTO_INCREMENT untuk tabel `detail_transaksis_transaksi_lnk`
--
ALTER TABLE `detail_transaksis_transaksi_lnk`
  MODIFY `id` int(10) UNSIGNED NOT NULL AUTO_INCREMENT, AUTO_INCREMENT=92;

--
-- AUTO_INCREMENT untuk tabel `files`
--
ALTER TABLE `files`
  MODIFY `id` int(10) UNSIGNED NOT NULL AUTO_INCREMENT, AUTO_INCREMENT=12;

--
-- AUTO_INCREMENT untuk tabel `files_folder_lnk`
--
ALTER TABLE `files_folder_lnk`
  MODIFY `id` int(10) UNSIGNED NOT NULL AUTO_INCREMENT;

--
-- AUTO_INCREMENT untuk tabel `files_related_mph`
--
ALTER TABLE `files_related_mph`
  MODIFY `id` int(10) UNSIGNED NOT NULL AUTO_INCREMENT, AUTO_INCREMENT=25;

--
-- AUTO_INCREMENT untuk tabel `i18n_locale`
--
ALTER TABLE `i18n_locale`
  MODIFY `id` int(10) UNSIGNED NOT NULL AUTO_INCREMENT, AUTO_INCREMENT=2;

--
-- AUTO_INCREMENT untuk tabel `kategori_layanans`
--
ALTER TABLE `kategori_layanans`
  MODIFY `id` int(10) UNSIGNED NOT NULL AUTO_INCREMENT, AUTO_INCREMENT=11;

--
-- AUTO_INCREMENT untuk tabel `layanans`
--
ALTER TABLE `layanans`
  MODIFY `id` int(10) UNSIGNED NOT NULL AUTO_INCREMENT, AUTO_INCREMENT=73;

--
-- AUTO_INCREMENT untuk tabel `layanans_kategori_layanan_lnk`
--
ALTER TABLE `layanans_kategori_layanan_lnk`
  MODIFY `id` int(10) UNSIGNED NOT NULL AUTO_INCREMENT, AUTO_INCREMENT=61;

--
-- AUTO_INCREMENT untuk tabel `omsets`
--
ALTER TABLE `omsets`
  MODIFY `id` int(10) UNSIGNED NOT NULL AUTO_INCREMENT, AUTO_INCREMENT=7;

--
-- AUTO_INCREMENT untuk tabel `pelanggans`
--
ALTER TABLE `pelanggans`
  MODIFY `id` int(10) UNSIGNED NOT NULL AUTO_INCREMENT, AUTO_INCREMENT=20;

--
-- AUTO_INCREMENT untuk tabel `promos`
--
ALTER TABLE `promos`
  MODIFY `id` int(10) UNSIGNED NOT NULL AUTO_INCREMENT, AUTO_INCREMENT=3;

--
-- AUTO_INCREMENT untuk tabel `strapi_api_tokens`
--
ALTER TABLE `strapi_api_tokens`
  MODIFY `id` int(10) UNSIGNED NOT NULL AUTO_INCREMENT, AUTO_INCREMENT=3;

--
-- AUTO_INCREMENT untuk tabel `strapi_api_token_permissions`
--
ALTER TABLE `strapi_api_token_permissions`
  MODIFY `id` int(10) UNSIGNED NOT NULL AUTO_INCREMENT;

--
-- AUTO_INCREMENT untuk tabel `strapi_api_token_permissions_token_lnk`
--
ALTER TABLE `strapi_api_token_permissions_token_lnk`
  MODIFY `id` int(10) UNSIGNED NOT NULL AUTO_INCREMENT;

--
-- AUTO_INCREMENT untuk tabel `strapi_core_store_settings`
--
ALTER TABLE `strapi_core_store_settings`
  MODIFY `id` int(10) UNSIGNED NOT NULL AUTO_INCREMENT, AUTO_INCREMENT=36;

--
-- AUTO_INCREMENT untuk tabel `strapi_database_schema`
--
ALTER TABLE `strapi_database_schema`
  MODIFY `id` int(10) UNSIGNED NOT NULL AUTO_INCREMENT, AUTO_INCREMENT=23;

--
-- AUTO_INCREMENT untuk tabel `strapi_history_versions`
--
ALTER TABLE `strapi_history_versions`
  MODIFY `id` int(10) UNSIGNED NOT NULL AUTO_INCREMENT;

--
-- AUTO_INCREMENT untuk tabel `strapi_migrations`
--
ALTER TABLE `strapi_migrations`
  MODIFY `id` int(10) UNSIGNED NOT NULL AUTO_INCREMENT;

--
-- AUTO_INCREMENT untuk tabel `strapi_migrations_internal`
--
ALTER TABLE `strapi_migrations_internal`
  MODIFY `id` int(10) UNSIGNED NOT NULL AUTO_INCREMENT, AUTO_INCREMENT=7;

--
-- AUTO_INCREMENT untuk tabel `strapi_releases`
--
ALTER TABLE `strapi_releases`
  MODIFY `id` int(10) UNSIGNED NOT NULL AUTO_INCREMENT;

--
-- AUTO_INCREMENT untuk tabel `strapi_release_actions`
--
ALTER TABLE `strapi_release_actions`
  MODIFY `id` int(10) UNSIGNED NOT NULL AUTO_INCREMENT;

--
-- AUTO_INCREMENT untuk tabel `strapi_release_actions_release_lnk`
--
ALTER TABLE `strapi_release_actions_release_lnk`
  MODIFY `id` int(10) UNSIGNED NOT NULL AUTO_INCREMENT;

--
-- AUTO_INCREMENT untuk tabel `strapi_transfer_tokens`
--
ALTER TABLE `strapi_transfer_tokens`
  MODIFY `id` int(10) UNSIGNED NOT NULL AUTO_INCREMENT;

--
-- AUTO_INCREMENT untuk tabel `strapi_transfer_token_permissions`
--
ALTER TABLE `strapi_transfer_token_permissions`
  MODIFY `id` int(10) UNSIGNED NOT NULL AUTO_INCREMENT;

--
-- AUTO_INCREMENT untuk tabel `strapi_transfer_token_permissions_token_lnk`
--
ALTER TABLE `strapi_transfer_token_permissions_token_lnk`
  MODIFY `id` int(10) UNSIGNED NOT NULL AUTO_INCREMENT;

--
-- AUTO_INCREMENT untuk tabel `strapi_webhooks`
--
ALTER TABLE `strapi_webhooks`
  MODIFY `id` int(10) UNSIGNED NOT NULL AUTO_INCREMENT;

--
-- AUTO_INCREMENT untuk tabel `strapi_workflows`
--
ALTER TABLE `strapi_workflows`
  MODIFY `id` int(10) UNSIGNED NOT NULL AUTO_INCREMENT;

--
-- AUTO_INCREMENT untuk tabel `strapi_workflows_stages`
--
ALTER TABLE `strapi_workflows_stages`
  MODIFY `id` int(10) UNSIGNED NOT NULL AUTO_INCREMENT;

--
-- AUTO_INCREMENT untuk tabel `strapi_workflows_stages_permissions_lnk`
--
ALTER TABLE `strapi_workflows_stages_permissions_lnk`
  MODIFY `id` int(10) UNSIGNED NOT NULL AUTO_INCREMENT;

--
-- AUTO_INCREMENT untuk tabel `strapi_workflows_stages_workflow_lnk`
--
ALTER TABLE `strapi_workflows_stages_workflow_lnk`
  MODIFY `id` int(10) UNSIGNED NOT NULL AUTO_INCREMENT;

--
-- AUTO_INCREMENT untuk tabel `strapi_workflows_stage_required_to_publish_lnk`
--
ALTER TABLE `strapi_workflows_stage_required_to_publish_lnk`
  MODIFY `id` int(10) UNSIGNED NOT NULL AUTO_INCREMENT;

--
-- AUTO_INCREMENT untuk tabel `transaksis`
--
ALTER TABLE `transaksis`
  MODIFY `id` int(10) UNSIGNED NOT NULL AUTO_INCREMENT, AUTO_INCREMENT=86;

--
-- AUTO_INCREMENT untuk tabel `transaksis_pelanggan_lnk`
--
ALTER TABLE `transaksis_pelanggan_lnk`
  MODIFY `id` int(10) UNSIGNED NOT NULL AUTO_INCREMENT, AUTO_INCREMENT=106;

--
-- AUTO_INCREMENT untuk tabel `upload_folders`
--
ALTER TABLE `upload_folders`
  MODIFY `id` int(10) UNSIGNED NOT NULL AUTO_INCREMENT;

--
-- AUTO_INCREMENT untuk tabel `upload_folders_parent_lnk`
--
ALTER TABLE `upload_folders_parent_lnk`
  MODIFY `id` int(10) UNSIGNED NOT NULL AUTO_INCREMENT;

--
-- AUTO_INCREMENT untuk tabel `up_permissions`
--
ALTER TABLE `up_permissions`
  MODIFY `id` int(10) UNSIGNED NOT NULL AUTO_INCREMENT, AUTO_INCREMENT=31;

--
-- AUTO_INCREMENT untuk tabel `up_permissions_role_lnk`
--
ALTER TABLE `up_permissions_role_lnk`
  MODIFY `id` int(10) UNSIGNED NOT NULL AUTO_INCREMENT, AUTO_INCREMENT=31;

--
-- AUTO_INCREMENT untuk tabel `up_roles`
--
ALTER TABLE `up_roles`
  MODIFY `id` int(10) UNSIGNED NOT NULL AUTO_INCREMENT, AUTO_INCREMENT=3;

--
-- AUTO_INCREMENT untuk tabel `up_users`
--
ALTER TABLE `up_users`
  MODIFY `id` int(10) UNSIGNED NOT NULL AUTO_INCREMENT;

--
-- AUTO_INCREMENT untuk tabel `up_users_role_lnk`
--
ALTER TABLE `up_users_role_lnk`
  MODIFY `id` int(10) UNSIGNED NOT NULL AUTO_INCREMENT;

--
-- Ketidakleluasaan untuk tabel pelimpahan (Dumped Tables)
--

--
-- Ketidakleluasaan untuk tabel `admin_permissions`
--
ALTER TABLE `admin_permissions`
  ADD CONSTRAINT `admin_permissions_created_by_id_fk` FOREIGN KEY (`created_by_id`) REFERENCES `admin_users` (`id`) ON DELETE SET NULL,
  ADD CONSTRAINT `admin_permissions_updated_by_id_fk` FOREIGN KEY (`updated_by_id`) REFERENCES `admin_users` (`id`) ON DELETE SET NULL;

--
-- Ketidakleluasaan untuk tabel `admin_permissions_role_lnk`
--
ALTER TABLE `admin_permissions_role_lnk`
  ADD CONSTRAINT `admin_permissions_role_lnk_fk` FOREIGN KEY (`permission_id`) REFERENCES `admin_permissions` (`id`) ON DELETE CASCADE,
  ADD CONSTRAINT `admin_permissions_role_lnk_ifk` FOREIGN KEY (`role_id`) REFERENCES `admin_roles` (`id`) ON DELETE CASCADE;

--
-- Ketidakleluasaan untuk tabel `admin_roles`
--
ALTER TABLE `admin_roles`
  ADD CONSTRAINT `admin_roles_created_by_id_fk` FOREIGN KEY (`created_by_id`) REFERENCES `admin_users` (`id`) ON DELETE SET NULL,
  ADD CONSTRAINT `admin_roles_updated_by_id_fk` FOREIGN KEY (`updated_by_id`) REFERENCES `admin_users` (`id`) ON DELETE SET NULL;

--
-- Ketidakleluasaan untuk tabel `admin_users`
--
ALTER TABLE `admin_users`
  ADD CONSTRAINT `admin_users_created_by_id_fk` FOREIGN KEY (`created_by_id`) REFERENCES `admin_users` (`id`) ON DELETE SET NULL,
  ADD CONSTRAINT `admin_users_updated_by_id_fk` FOREIGN KEY (`updated_by_id`) REFERENCES `admin_users` (`id`) ON DELETE SET NULL;

--
-- Ketidakleluasaan untuk tabel `admin_users_roles_lnk`
--
ALTER TABLE `admin_users_roles_lnk`
  ADD CONSTRAINT `admin_users_roles_lnk_fk` FOREIGN KEY (`user_id`) REFERENCES `admin_users` (`id`) ON DELETE CASCADE,
  ADD CONSTRAINT `admin_users_roles_lnk_ifk` FOREIGN KEY (`role_id`) REFERENCES `admin_roles` (`id`) ON DELETE CASCADE;

--
-- Ketidakleluasaan untuk tabel `components_transaksi_detail_transaksis_layanan_lnk`
--
ALTER TABLE `components_transaksi_detail_transaksis_layanan_lnk`
  ADD CONSTRAINT `components_transaksi_detail_transaksis_layanan_lnk_fk` FOREIGN KEY (`detail_transaksi_id`) REFERENCES `components_transaksi_detail_transaksis` (`id`) ON DELETE CASCADE,
  ADD CONSTRAINT `components_transaksi_detail_transaksis_layanan_lnk_ifk` FOREIGN KEY (`layanan_id`) REFERENCES `layanans` (`id`) ON DELETE CASCADE;

--
-- Ketidakleluasaan untuk tabel `detail_transaksis`
--
ALTER TABLE `detail_transaksis`
  ADD CONSTRAINT `detail_transaksis_created_by_id_fk` FOREIGN KEY (`created_by_id`) REFERENCES `admin_users` (`id`) ON DELETE SET NULL,
  ADD CONSTRAINT `detail_transaksis_updated_by_id_fk` FOREIGN KEY (`updated_by_id`) REFERENCES `admin_users` (`id`) ON DELETE SET NULL;

--
-- Ketidakleluasaan untuk tabel `detail_transaksis_layanan_lnk`
--
ALTER TABLE `detail_transaksis_layanan_lnk`
  ADD CONSTRAINT `detail_transaksis_layanan_lnk_fk` FOREIGN KEY (`detail_transaksi_id`) REFERENCES `detail_transaksis` (`id`) ON DELETE CASCADE,
  ADD CONSTRAINT `detail_transaksis_layanan_lnk_ifk` FOREIGN KEY (`layanan_id`) REFERENCES `layanans` (`id`) ON DELETE CASCADE;

--
-- Ketidakleluasaan untuk tabel `detail_transaksis_transaksi_lnk`
--
ALTER TABLE `detail_transaksis_transaksi_lnk`
  ADD CONSTRAINT `detail_transaksis_transaksi_lnk_fk` FOREIGN KEY (`detail_transaksi_id`) REFERENCES `detail_transaksis` (`id`) ON DELETE CASCADE,
  ADD CONSTRAINT `detail_transaksis_transaksi_lnk_ifk` FOREIGN KEY (`transaksi_id`) REFERENCES `transaksis` (`id`) ON DELETE CASCADE;

--
-- Ketidakleluasaan untuk tabel `files`
--
ALTER TABLE `files`
  ADD CONSTRAINT `files_created_by_id_fk` FOREIGN KEY (`created_by_id`) REFERENCES `admin_users` (`id`) ON DELETE SET NULL,
  ADD CONSTRAINT `files_updated_by_id_fk` FOREIGN KEY (`updated_by_id`) REFERENCES `admin_users` (`id`) ON DELETE SET NULL;

--
-- Ketidakleluasaan untuk tabel `files_folder_lnk`
--
ALTER TABLE `files_folder_lnk`
  ADD CONSTRAINT `files_folder_lnk_fk` FOREIGN KEY (`file_id`) REFERENCES `files` (`id`) ON DELETE CASCADE,
  ADD CONSTRAINT `files_folder_lnk_ifk` FOREIGN KEY (`folder_id`) REFERENCES `upload_folders` (`id`) ON DELETE CASCADE;

--
-- Ketidakleluasaan untuk tabel `files_related_mph`
--
ALTER TABLE `files_related_mph`
  ADD CONSTRAINT `files_related_mph_fk` FOREIGN KEY (`file_id`) REFERENCES `files` (`id`) ON DELETE CASCADE;

--
-- Ketidakleluasaan untuk tabel `i18n_locale`
--
ALTER TABLE `i18n_locale`
  ADD CONSTRAINT `i18n_locale_created_by_id_fk` FOREIGN KEY (`created_by_id`) REFERENCES `admin_users` (`id`) ON DELETE SET NULL,
  ADD CONSTRAINT `i18n_locale_updated_by_id_fk` FOREIGN KEY (`updated_by_id`) REFERENCES `admin_users` (`id`) ON DELETE SET NULL;

--
-- Ketidakleluasaan untuk tabel `kategori_layanans`
--
ALTER TABLE `kategori_layanans`
  ADD CONSTRAINT `kategori_layanans_created_by_id_fk` FOREIGN KEY (`created_by_id`) REFERENCES `admin_users` (`id`) ON DELETE SET NULL,
  ADD CONSTRAINT `kategori_layanans_updated_by_id_fk` FOREIGN KEY (`updated_by_id`) REFERENCES `admin_users` (`id`) ON DELETE SET NULL;

--
-- Ketidakleluasaan untuk tabel `layanans`
--
ALTER TABLE `layanans`
  ADD CONSTRAINT `layanans_created_by_id_fk` FOREIGN KEY (`created_by_id`) REFERENCES `admin_users` (`id`) ON DELETE SET NULL,
  ADD CONSTRAINT `layanans_updated_by_id_fk` FOREIGN KEY (`updated_by_id`) REFERENCES `admin_users` (`id`) ON DELETE SET NULL;

--
-- Ketidakleluasaan untuk tabel `layanans_kategori_layanan_lnk`
--
ALTER TABLE `layanans_kategori_layanan_lnk`
  ADD CONSTRAINT `layanans_kategori_layanan_lnk_fk` FOREIGN KEY (`layanan_id`) REFERENCES `layanans` (`id`) ON DELETE CASCADE,
  ADD CONSTRAINT `layanans_kategori_layanan_lnk_ifk` FOREIGN KEY (`kategori_layanan_id`) REFERENCES `kategori_layanans` (`id`) ON DELETE CASCADE;

--
-- Ketidakleluasaan untuk tabel `omsets`
--
ALTER TABLE `omsets`
  ADD CONSTRAINT `omsets_created_by_id_fk` FOREIGN KEY (`created_by_id`) REFERENCES `admin_users` (`id`) ON DELETE SET NULL,
  ADD CONSTRAINT `omsets_updated_by_id_fk` FOREIGN KEY (`updated_by_id`) REFERENCES `admin_users` (`id`) ON DELETE SET NULL;

--
-- Ketidakleluasaan untuk tabel `pelanggans`
--
ALTER TABLE `pelanggans`
  ADD CONSTRAINT `pelanggans_created_by_id_fk` FOREIGN KEY (`created_by_id`) REFERENCES `admin_users` (`id`) ON DELETE SET NULL,
  ADD CONSTRAINT `pelanggans_updated_by_id_fk` FOREIGN KEY (`updated_by_id`) REFERENCES `admin_users` (`id`) ON DELETE SET NULL;

--
-- Ketidakleluasaan untuk tabel `promos`
--
ALTER TABLE `promos`
  ADD CONSTRAINT `promos_created_by_id_fk` FOREIGN KEY (`created_by_id`) REFERENCES `admin_users` (`id`) ON DELETE SET NULL,
  ADD CONSTRAINT `promos_updated_by_id_fk` FOREIGN KEY (`updated_by_id`) REFERENCES `admin_users` (`id`) ON DELETE SET NULL;

--
-- Ketidakleluasaan untuk tabel `strapi_api_tokens`
--
ALTER TABLE `strapi_api_tokens`
  ADD CONSTRAINT `strapi_api_tokens_created_by_id_fk` FOREIGN KEY (`created_by_id`) REFERENCES `admin_users` (`id`) ON DELETE SET NULL,
  ADD CONSTRAINT `strapi_api_tokens_updated_by_id_fk` FOREIGN KEY (`updated_by_id`) REFERENCES `admin_users` (`id`) ON DELETE SET NULL;

--
-- Ketidakleluasaan untuk tabel `strapi_api_token_permissions`
--
ALTER TABLE `strapi_api_token_permissions`
  ADD CONSTRAINT `strapi_api_token_permissions_created_by_id_fk` FOREIGN KEY (`created_by_id`) REFERENCES `admin_users` (`id`) ON DELETE SET NULL,
  ADD CONSTRAINT `strapi_api_token_permissions_updated_by_id_fk` FOREIGN KEY (`updated_by_id`) REFERENCES `admin_users` (`id`) ON DELETE SET NULL;

--
-- Ketidakleluasaan untuk tabel `strapi_api_token_permissions_token_lnk`
--
ALTER TABLE `strapi_api_token_permissions_token_lnk`
  ADD CONSTRAINT `strapi_api_token_permissions_token_lnk_fk` FOREIGN KEY (`api_token_permission_id`) REFERENCES `strapi_api_token_permissions` (`id`) ON DELETE CASCADE,
  ADD CONSTRAINT `strapi_api_token_permissions_token_lnk_ifk` FOREIGN KEY (`api_token_id`) REFERENCES `strapi_api_tokens` (`id`) ON DELETE CASCADE;

--
-- Ketidakleluasaan untuk tabel `strapi_history_versions`
--
ALTER TABLE `strapi_history_versions`
  ADD CONSTRAINT `strapi_history_versions_created_by_id_fk` FOREIGN KEY (`created_by_id`) REFERENCES `admin_users` (`id`) ON DELETE SET NULL;

--
-- Ketidakleluasaan untuk tabel `strapi_releases`
--
ALTER TABLE `strapi_releases`
  ADD CONSTRAINT `strapi_releases_created_by_id_fk` FOREIGN KEY (`created_by_id`) REFERENCES `admin_users` (`id`) ON DELETE SET NULL,
  ADD CONSTRAINT `strapi_releases_updated_by_id_fk` FOREIGN KEY (`updated_by_id`) REFERENCES `admin_users` (`id`) ON DELETE SET NULL;

--
-- Ketidakleluasaan untuk tabel `strapi_release_actions`
--
ALTER TABLE `strapi_release_actions`
  ADD CONSTRAINT `strapi_release_actions_created_by_id_fk` FOREIGN KEY (`created_by_id`) REFERENCES `admin_users` (`id`) ON DELETE SET NULL,
  ADD CONSTRAINT `strapi_release_actions_updated_by_id_fk` FOREIGN KEY (`updated_by_id`) REFERENCES `admin_users` (`id`) ON DELETE SET NULL;

--
-- Ketidakleluasaan untuk tabel `strapi_release_actions_release_lnk`
--
ALTER TABLE `strapi_release_actions_release_lnk`
  ADD CONSTRAINT `strapi_release_actions_release_lnk_fk` FOREIGN KEY (`release_action_id`) REFERENCES `strapi_release_actions` (`id`) ON DELETE CASCADE,
  ADD CONSTRAINT `strapi_release_actions_release_lnk_ifk` FOREIGN KEY (`release_id`) REFERENCES `strapi_releases` (`id`) ON DELETE CASCADE;

--
-- Ketidakleluasaan untuk tabel `strapi_transfer_tokens`
--
ALTER TABLE `strapi_transfer_tokens`
  ADD CONSTRAINT `strapi_transfer_tokens_created_by_id_fk` FOREIGN KEY (`created_by_id`) REFERENCES `admin_users` (`id`) ON DELETE SET NULL,
  ADD CONSTRAINT `strapi_transfer_tokens_updated_by_id_fk` FOREIGN KEY (`updated_by_id`) REFERENCES `admin_users` (`id`) ON DELETE SET NULL;

--
-- Ketidakleluasaan untuk tabel `strapi_transfer_token_permissions`
--
ALTER TABLE `strapi_transfer_token_permissions`
  ADD CONSTRAINT `strapi_transfer_token_permissions_created_by_id_fk` FOREIGN KEY (`created_by_id`) REFERENCES `admin_users` (`id`) ON DELETE SET NULL,
  ADD CONSTRAINT `strapi_transfer_token_permissions_updated_by_id_fk` FOREIGN KEY (`updated_by_id`) REFERENCES `admin_users` (`id`) ON DELETE SET NULL;

--
-- Ketidakleluasaan untuk tabel `strapi_transfer_token_permissions_token_lnk`
--
ALTER TABLE `strapi_transfer_token_permissions_token_lnk`
  ADD CONSTRAINT `strapi_transfer_token_permissions_token_lnk_fk` FOREIGN KEY (`transfer_token_permission_id`) REFERENCES `strapi_transfer_token_permissions` (`id`) ON DELETE CASCADE,
  ADD CONSTRAINT `strapi_transfer_token_permissions_token_lnk_ifk` FOREIGN KEY (`transfer_token_id`) REFERENCES `strapi_transfer_tokens` (`id`) ON DELETE CASCADE;

--
-- Ketidakleluasaan untuk tabel `strapi_workflows`
--
ALTER TABLE `strapi_workflows`
  ADD CONSTRAINT `strapi_workflows_created_by_id_fk` FOREIGN KEY (`created_by_id`) REFERENCES `admin_users` (`id`) ON DELETE SET NULL,
  ADD CONSTRAINT `strapi_workflows_updated_by_id_fk` FOREIGN KEY (`updated_by_id`) REFERENCES `admin_users` (`id`) ON DELETE SET NULL;

--
-- Ketidakleluasaan untuk tabel `strapi_workflows_stages`
--
ALTER TABLE `strapi_workflows_stages`
  ADD CONSTRAINT `strapi_workflows_stages_created_by_id_fk` FOREIGN KEY (`created_by_id`) REFERENCES `admin_users` (`id`) ON DELETE SET NULL,
  ADD CONSTRAINT `strapi_workflows_stages_updated_by_id_fk` FOREIGN KEY (`updated_by_id`) REFERENCES `admin_users` (`id`) ON DELETE SET NULL;

--
-- Ketidakleluasaan untuk tabel `strapi_workflows_stages_permissions_lnk`
--
ALTER TABLE `strapi_workflows_stages_permissions_lnk`
  ADD CONSTRAINT `strapi_workflows_stages_permissions_lnk_fk` FOREIGN KEY (`workflow_stage_id`) REFERENCES `strapi_workflows_stages` (`id`) ON DELETE CASCADE,
  ADD CONSTRAINT `strapi_workflows_stages_permissions_lnk_ifk` FOREIGN KEY (`permission_id`) REFERENCES `admin_permissions` (`id`) ON DELETE CASCADE;

--
-- Ketidakleluasaan untuk tabel `strapi_workflows_stages_workflow_lnk`
--
ALTER TABLE `strapi_workflows_stages_workflow_lnk`
  ADD CONSTRAINT `strapi_workflows_stages_workflow_lnk_fk` FOREIGN KEY (`workflow_stage_id`) REFERENCES `strapi_workflows_stages` (`id`) ON DELETE CASCADE,
  ADD CONSTRAINT `strapi_workflows_stages_workflow_lnk_ifk` FOREIGN KEY (`workflow_id`) REFERENCES `strapi_workflows` (`id`) ON DELETE CASCADE;

--
-- Ketidakleluasaan untuk tabel `strapi_workflows_stage_required_to_publish_lnk`
--
ALTER TABLE `strapi_workflows_stage_required_to_publish_lnk`
  ADD CONSTRAINT `strapi_workflows_stage_required_to_publish_lnk_fk` FOREIGN KEY (`workflow_id`) REFERENCES `strapi_workflows` (`id`) ON DELETE CASCADE,
  ADD CONSTRAINT `strapi_workflows_stage_required_to_publish_lnk_ifk` FOREIGN KEY (`workflow_stage_id`) REFERENCES `strapi_workflows_stages` (`id`) ON DELETE CASCADE;

--
-- Ketidakleluasaan untuk tabel `transaksis`
--
ALTER TABLE `transaksis`
  ADD CONSTRAINT `transaksis_created_by_id_fk` FOREIGN KEY (`created_by_id`) REFERENCES `admin_users` (`id`) ON DELETE SET NULL,
  ADD CONSTRAINT `transaksis_updated_by_id_fk` FOREIGN KEY (`updated_by_id`) REFERENCES `admin_users` (`id`) ON DELETE SET NULL;

--
-- Ketidakleluasaan untuk tabel `transaksis_pelanggan_lnk`
--
ALTER TABLE `transaksis_pelanggan_lnk`
  ADD CONSTRAINT `transaksis_pelanggan_lnk_fk` FOREIGN KEY (`transaksi_id`) REFERENCES `transaksis` (`id`) ON DELETE CASCADE,
  ADD CONSTRAINT `transaksis_pelanggan_lnk_ifk` FOREIGN KEY (`pelanggan_id`) REFERENCES `pelanggans` (`id`) ON DELETE CASCADE;

--
-- Ketidakleluasaan untuk tabel `upload_folders`
--
ALTER TABLE `upload_folders`
  ADD CONSTRAINT `upload_folders_created_by_id_fk` FOREIGN KEY (`created_by_id`) REFERENCES `admin_users` (`id`) ON DELETE SET NULL,
  ADD CONSTRAINT `upload_folders_updated_by_id_fk` FOREIGN KEY (`updated_by_id`) REFERENCES `admin_users` (`id`) ON DELETE SET NULL;

--
-- Ketidakleluasaan untuk tabel `upload_folders_parent_lnk`
--
ALTER TABLE `upload_folders_parent_lnk`
  ADD CONSTRAINT `upload_folders_parent_lnk_fk` FOREIGN KEY (`folder_id`) REFERENCES `upload_folders` (`id`) ON DELETE CASCADE,
  ADD CONSTRAINT `upload_folders_parent_lnk_ifk` FOREIGN KEY (`inv_folder_id`) REFERENCES `upload_folders` (`id`) ON DELETE CASCADE;

--
-- Ketidakleluasaan untuk tabel `up_permissions`
--
ALTER TABLE `up_permissions`
  ADD CONSTRAINT `up_permissions_created_by_id_fk` FOREIGN KEY (`created_by_id`) REFERENCES `admin_users` (`id`) ON DELETE SET NULL,
  ADD CONSTRAINT `up_permissions_updated_by_id_fk` FOREIGN KEY (`updated_by_id`) REFERENCES `admin_users` (`id`) ON DELETE SET NULL;

--
-- Ketidakleluasaan untuk tabel `up_permissions_role_lnk`
--
ALTER TABLE `up_permissions_role_lnk`
  ADD CONSTRAINT `up_permissions_role_lnk_fk` FOREIGN KEY (`permission_id`) REFERENCES `up_permissions` (`id`) ON DELETE CASCADE,
  ADD CONSTRAINT `up_permissions_role_lnk_ifk` FOREIGN KEY (`role_id`) REFERENCES `up_roles` (`id`) ON DELETE CASCADE;

--
-- Ketidakleluasaan untuk tabel `up_roles`
--
ALTER TABLE `up_roles`
  ADD CONSTRAINT `up_roles_created_by_id_fk` FOREIGN KEY (`created_by_id`) REFERENCES `admin_users` (`id`) ON DELETE SET NULL,
  ADD CONSTRAINT `up_roles_updated_by_id_fk` FOREIGN KEY (`updated_by_id`) REFERENCES `admin_users` (`id`) ON DELETE SET NULL;

--
-- Ketidakleluasaan untuk tabel `up_users`
--
ALTER TABLE `up_users`
  ADD CONSTRAINT `up_users_created_by_id_fk` FOREIGN KEY (`created_by_id`) REFERENCES `admin_users` (`id`) ON DELETE SET NULL,
  ADD CONSTRAINT `up_users_updated_by_id_fk` FOREIGN KEY (`updated_by_id`) REFERENCES `admin_users` (`id`) ON DELETE SET NULL;

--
-- Ketidakleluasaan untuk tabel `up_users_role_lnk`
--
ALTER TABLE `up_users_role_lnk`
  ADD CONSTRAINT `up_users_role_lnk_fk` FOREIGN KEY (`user_id`) REFERENCES `up_users` (`id`) ON DELETE CASCADE,
  ADD CONSTRAINT `up_users_role_lnk_ifk` FOREIGN KEY (`role_id`) REFERENCES `up_roles` (`id`) ON DELETE CASCADE;
COMMIT;

/*!40101 SET CHARACTER_SET_CLIENT=@OLD_CHARACTER_SET_CLIENT */;
/*!40101 SET CHARACTER_SET_RESULTS=@OLD_CHARACTER_SET_RESULTS */;
/*!40101 SET COLLATION_CONNECTION=@OLD_COLLATION_CONNECTION */;
